binary,addr,name,category,auto,body_size,instrs,callers,callees,calls_named,called_by_named,hash,hash_bytes,failure
user32.dll,0x180001008,func_pdata_0x180001008,func_pdata_,Y,170,55,1,0,N,N,0x5c31884714e3f5c4,32,missing_knowledge
user32.dll,0x180001180,func_pdata_0x180001180,func_pdata_,Y,10c,3a,1,0,N,N,0xbba50e0d5b431cd3,32,missing_knowledge
user32.dll,0x1800012a0,func_pdata_0x1800012a0,func_pdata_,Y,39,10,0,0,N,N,0xb7ace4e967560eca,32,missing_knowledge
user32.dll,0x1800012e0,func_pdata_0x1800012e0,func_pdata_,Y,79,1c,0,0,N,N,0xa487e5bd67b0728e,32,missing_knowledge
user32.dll,0x180001360,func_data_0x6442455904,func_data_,Y,0,0,0,0,N,N,0x8a1c7429ffff7454,32,discovery_failure
user32.dll,0x180001380,func_pdata_0x180001380,func_pdata_,Y,8c,2b,0,0,N,N,0x5ee6aeb606b92d73,32,missing_knowledge
user32.dll,0x180001420,func_pdata_0x180001420,func_pdata_,Y,47,16,6,0,N,N,0x99e16bdb5d62f9cf,32,missing_knowledge
user32.dll,0x180001470,func_pdata_0x180001470,func_pdata_,Y,6f,1d,0,0,N,N,0x9e86c3e91411952c,32,missing_knowledge
user32.dll,0x1800014e8,func_call_0x1800014e8,func_call_,Y,35,e,1,0,N,N,0x7d313c859750a680,32,missing_knowledge
user32.dll,0x180001560,func_pdata_0x180001560,func_pdata_,Y,ae,2f,0,0,N,N,0xf09d4e7fe55b69ac,32,missing_knowledge
user32.dll,0x180001618,func_pdata_0x180001618,func_pdata_,Y,3e,12,3,0,N,N,0xf45440260e3f3d79,32,missing_knowledge
user32.dll,0x180001660,func_data_0x6442456672,func_data_,Y,0,0,0,0,N,N,0x92b9e51c5706f9ea,32,discovery_failure
user32.dll,0x180001680,func_pdata_0x180001680,func_pdata_,Y,40,e,0,0,N,N,0xf2526bde4400da4c,32,missing_knowledge
user32.dll,0x1800016d0,func_pdata_0x1800016d0,func_pdata_,Y,8d,2b,0,0,N,N,0xe9e5e18c5975f2fa,32,missing_knowledge
user32.dll,0x180001770,func_pdata_0x180001770,func_pdata_,Y,42,14,0,0,N,N,0xe4d0e06d9cb2a97d,32,missing_knowledge
user32.dll,0x1800017bc,func_pdata_0x1800017bc,func_pdata_,Y,54,17,2,0,N,N,0x74d23249ec453f1f,32,missing_knowledge
user32.dll,0x180001818,func_pdata_0x180001818,func_pdata_,Y,72,1d,1,0,N,N,0x3b3dcda67d7521b0,32,missing_knowledge
user32.dll,0x180001894,func_pdata_0x180001894,func_pdata_,Y,34,10,1,0,N,N,0xe374468ae5006b3f,32,missing_knowledge
user32.dll,0x1800018d0,func_pdata_0x1800018d0,func_pdata_,Y,34,10,1,0,N,N,0xdc6ab9902b271482,32,missing_knowledge
user32.dll,0x180001910,func_pdata_0x180001910,func_pdata_,Y,15b,5f,0,0,N,N,0xaca41a02b03b5c2e,32,missing_knowledge
user32.dll,0x180001a74,func_pdata_0x180001a74,func_pdata_,Y,e0,42,1,0,N,N,0x7742c1b0c1debe8d,32,missing_knowledge
user32.dll,0x180001b60,func_pdata_0x180001b60,func_pdata_,Y,33,10,0,0,N,N,0x41c78cdc09a49887,32,missing_knowledge
user32.dll,0x180001ba0,func_pdata_0x180001ba0,func_pdata_,Y,7e,20,0,0,N,N,0x076f44e5c6898128,32,missing_knowledge
user32.dll,0x180001c30,func_data_0x6442458160,func_data_,Y,0,0,0,0,N,N,0x2d1f21fabe48e81c,32,discovery_failure
user32.dll,0x180001c4c,func_pdata_0x180001c4c,func_pdata_,Y,50,16,4,0,N,N,0x8bc7623e99a4d17c,32,missing_knowledge
user32.dll,0x180001ca4,func_pdata_0x180001ca4,func_pdata_,Y,62,1e,1,0,N,N,0xf16c770dbee4c14b,32,missing_knowledge
user32.dll,0x180001d10,func_pdata_0x180001d10,func_pdata_,Y,6c,1f,0,0,N,N,0x5e477a23f7c1777a,32,missing_knowledge
user32.dll,0x180001d90,func_pdata_0x180001d90,func_pdata_,Y,66,1f,0,0,N,N,0x56755fb3c0f9ec8f,32,missing_knowledge
user32.dll,0x180001e00,func_data_0x6442458624,func_data_,Y,0,0,0,0,N,N,0x7c6425433489253f,32,discovery_failure
user32.dll,0x180001e20,func_data_0x6442458656,func_data_,Y,0,0,0,0,N,N,0x41c43f968f1bb0ae,32,discovery_failure
user32.dll,0x180001e40,func_data_0x6442458688,func_data_,Y,0,0,0,0,N,N,0x45d45fd3a400fe10,32,discovery_failure
user32.dll,0x180001e60,func_pdata_0x180001e60,func_pdata_,Y,27,9,0,0,N,N,0x5f3d60c8381db279,32,missing_knowledge
user32.dll,0x180001e90,func_pdata_0x180001e90,func_pdata_,Y,77,24,1,0,N,N,0xcb65705a2ef9363c,32,missing_knowledge
user32.dll,0x180001f10,func_pdata_0x180001f10,func_pdata_,Y,7f,20,1,0,N,N,0xfc6a0aa057a64e65,32,missing_knowledge
user32.dll,0x180001fa0,func_pdata_0x180001fa0,func_pdata_,Y,18f,5a,0,0,N,N,0xd4fedfb36d8a17c4,32,missing_knowledge
user32.dll,0x180002138,func_pdata_0x180002138,func_pdata_,Y,8b,2a,7,0,N,N,0x08e03028046927fd,32,missing_knowledge
user32.dll,0x1800021cc,func_call_0x1800021cc,func_call_,Y,16,8,3,0,N,N,0x0212f631d9f1d38f,32,missing_knowledge
user32.dll,0x1800021ea,func_start_0x1800021ea,func_start_,Y,2,2,2,0,N,N,0xfb6e6d6bef4187af,32,missing_knowledge
user32.dll,0x1800021f4,func_pdata_0x1800021f4,func_pdata_,Y,91,2b,1,0,N,N,0x71bae74901d8bd7b,32,missing_knowledge
user32.dll,0x18000228c,func_pdata_0x18000228c,func_pdata_,Y,46,10,5,0,N,N,0x5e69dca54493a12a,32,missing_knowledge
user32.dll,0x1800022e0,func_pdata_0x1800022e0,func_pdata_,Y,50,16,e,0,N,N,0x9886f1a903642d55,32,missing_knowledge
user32.dll,0x180002338,func_pdata_0x180002338,func_pdata_,Y,de,35,1,0,N,N,0xbbf377e2417ce121,32,missing_knowledge
user32.dll,0x180002420,func_pdata_0x180002420,func_pdata_,Y,22,a,2,0,N,N,0x21446d2746b2c718,32,missing_knowledge
user32.dll,0x18000244c,func_pdata_0x18000244c,func_pdata_,Y,f4,3f,1,0,N,N,0xca236f58c357f570,32,missing_knowledge
user32.dll,0x180002548,func_pdata_0x180002548,func_pdata_,Y,a2,2b,2,0,N,N,0x43ba4c4182470fd7,32,missing_knowledge
user32.dll,0x1800025f4,func_pdata_0x1800025f4,func_pdata_,Y,b8,30,2,0,N,N,0xfea2befa04e340d7,32,missing_knowledge
user32.dll,0x1800026b4,func_pdata_0x1800026b4,func_pdata_,Y,3c,10,2,0,N,N,0xfb0ac9aa07aba88e,32,missing_knowledge
user32.dll,0x1800026f8,func_pdata_0x1800026f8,func_pdata_,Y,289,b4,1,0,N,N,0x803e4a463b10ee3b,32,missing_knowledge
user32.dll,0x180002990,func_pdata_0x180002990,func_pdata_,Y,1d,7,0,0,N,N,0x792677f506b9ca35,32,missing_knowledge
user32.dll,0x1800029b4,func_pdata_0x1800029b4,func_pdata_,Y,139,55,2,0,N,N,0x1dd2fc5160125115,32,missing_knowledge
user32.dll,0x180002af4,func_pdata_0x180002af4,func_pdata_,Y,6f,20,2,0,N,N,0xff1ddb21d2788ab5,32,missing_knowledge
user32.dll,0x180002b70,func_pdata_0x180002b70,func_pdata_,Y,61,18,4,0,N,N,0x135460bf8700ea5a,32,missing_knowledge
user32.dll,0x180002bd8,func_call_0x180002bd8,func_call_,Y,1,1,4,0,N,N,0xf039967613ecf312,32,missing_knowledge
user32.dll,0x180002c08,func_start_0x180002c08,func_start_,Y,3,2,1,0,N,N,0x3399d156c2f83bb8,32,missing_knowledge
user32.dll,0x180002c20,func_pdata_0x180002c20,func_pdata_,Y,9c,26,0,0,N,N,0x4cb65023ef87ec33,32,missing_knowledge
user32.dll,0x180002cd0,func_pdata_0x180002cd0,func_pdata_,Y,101,3f,8,0,N,N,0x968bbea616a9b36f,32,missing_knowledge
user32.dll,0x180002de0,func_pdata_0x180002de0,func_pdata_,Y,d8,38,0,0,N,N,0x951dc817237decc5,32,missing_knowledge
user32.dll,0x180002ec0,func_pdata_0x180002ec0,func_pdata_,Y,37,10,6,0,N,N,0x097523e5d4b8583a,32,missing_knowledge
user32.dll,0x180002f00,func_pdata_0x180002f00,func_pdata_,Y,21,a,0,0,N,N,0xc6c5f9ba8d70d86a,32,missing_knowledge
user32.dll,0x180002f28,func_pdata_0x180002f28,func_pdata_,Y,34,d,5,0,N,N,0x30880986fdf7d269,32,missing_knowledge
user32.dll,0x180002f64,func_pdata_0x180002f64,func_pdata_,Y,86,27,6,0,N,N,0x454425dcda7c3376,32,missing_knowledge
user32.dll,0x180002ff4,func_pdata_0x180002ff4,func_pdata_,Y,a3,38,6,0,N,N,0x8eed7da056b267c1,32,missing_knowledge
user32.dll,0x1800030a0,func_pdata_0x1800030a0,func_pdata_,Y,43,13,6,0,N,N,0xa488ceac496d472c,32,missing_knowledge
user32.dll,0x1800030ec,func_pdata_0x1800030ec,func_pdata_,Y,120,51,2,0,N,N,0x9fbb01caca80deb6,32,missing_knowledge
user32.dll,0x180003214,func_call_0x180003214,func_call_,Y,15,7,6,0,N,N,0x421422fb887ffbc5,32,missing_knowledge
user32.dll,0x180003240,func_pdata_0x180003240,func_pdata_,Y,70,20,4,0,N,N,0xc0adf3de90289c0a,32,missing_knowledge
user32.dll,0x1800032b8,func_pdata_0x1800032b8,func_pdata_,Y,6a,19,3,0,N,N,0x4e1d0f811f85fb97,32,missing_knowledge
user32.dll,0x18000332c,func_pdata_0x18000332c,func_pdata_,Y,2aa,b2,1,0,N,N,0xdb5c57e7a0acd174,32,missing_knowledge
user32.dll,0x1800035e0,func_pdata_0x1800035e0,func_pdata_,Y,75,23,1,0,N,N,0x291a78a7b1be69bd,32,missing_knowledge
user32.dll,0x18000365c,func_call_0x18000365c,func_call_,Y,24,d,2,0,N,N,0x44635edda91f9fdd,32,missing_knowledge
user32.dll,0x180003688,func_pdata_0x180003688,func_pdata_,Y,89,26,1,0,N,N,0x92230cdfe30b7718,32,missing_knowledge
user32.dll,0x180003718,func_call_0x180003718,func_call_,Y,19,9,6,0,N,N,0x3172927dd20e755a,32,missing_knowledge
user32.dll,0x180003740,func_pdata_0x180003740,func_pdata_,Y,1b2,7a,6,0,N,N,0x572f606135bf097a,32,missing_knowledge
user32.dll,0x180003900,func_pdata_0x180003900,func_pdata_,Y,63,16,0,0,N,N,0x1120757861cf3d15,32,missing_knowledge
user32.dll,0x18000396c,func_pdata_0x18000396c,func_pdata_,Y,75,20,2,0,N,N,0xfd353ef4771e2051,32,missing_knowledge
user32.dll,0x1800039f0,func_pdata_0x1800039f0,func_pdata_,Y,200,7a,1,0,N,N,0xbfd80a87da019320,32,missing_knowledge
user32.dll,0x180003bf8,func_pdata_0x180003bf8,func_pdata_,Y,2f7,af,4,0,N,N,0x4e679b128a5cdc55,32,missing_knowledge
user32.dll,0x180003f00,func_pdata_0x180003f00,func_pdata_,Y,e,4,0,0,N,N,0xfa0cba1ce32ad77f,32,missing_knowledge
user32.dll,0x180003f18,func_pdata_0x180003f18,func_pdata_,Y,c8,35,2,0,N,N,0x67ae5235858715b9,32,missing_knowledge
user32.dll,0x180003ff0,func_pdata_0x180003ff0,func_pdata_,Y,62,1a,0,0,N,N,0x3dde59834bb2ab76,32,missing_knowledge
user32.dll,0x18000405c,func_pdata_0x18000405c,func_pdata_,Y,eb,3d,f,0,N,N,0x5622b4530f86bd8d,32,missing_knowledge
user32.dll,0x180004150,func_pdata_0x180004150,func_pdata_,Y,8a,2a,0,0,N,N,0xca1f6f682175f06b,32,missing_knowledge
user32.dll,0x1800041f0,func_pdata_0x1800041f0,func_pdata_,Y,316,c0,3,0,N,N,0xd7c18f89a4de841d,32,missing_knowledge
user32.dll,0x180004510,func_pdata_0x180004510,func_pdata_,Y,91,2d,b,0,N,N,0x386d61180fffe9be,32,missing_knowledge
user32.dll,0x1800045a8,func_pdata_0x1800045a8,func_pdata_,Y,1df,86,5,0,N,N,0x93fcf51319841e6a,32,missing_knowledge
user32.dll,0x180004790,func_pdata_0x180004790,func_pdata_,Y,44,16,7,0,N,N,0x83927f693c4d7b56,32,missing_knowledge
user32.dll,0x1800047dc,func_pdata_0x1800047dc,func_pdata_,Y,3b,12,7,0,N,N,0x5109172ce87d274b,32,missing_knowledge
user32.dll,0x180004820,func_call_0x180004820,func_call_,Y,3a,14,12,0,N,N,0xd6df0357e8315bed,32,missing_knowledge
user32.dll,0x18000485c,func_start_0x18000485c,func_start_,Y,2,2,2,0,N,N,0x786eae4ea4199ebf,32,missing_knowledge
user32.dll,0x180004870,func_pdata_0x180004870,func_pdata_,Y,5c,1e,a,0,N,N,0x4b85c9ee8d6b75c3,32,missing_knowledge
user32.dll,0x1800048d4,func_call_0x1800048d4,func_call_,Y,3d,11,c,0,N,N,0x02d47134478596a1,32,missing_knowledge
user32.dll,0x180004920,func_pdata_0x180004920,func_pdata_,Y,45,12,0,0,N,N,0x2d036db8d1ca093f,32,missing_knowledge
user32.dll,0x180004970,func_pdata_0x180004970,func_pdata_,Y,36,b,13,0,N,N,0x955d7046d86bcb92,32,missing_knowledge
user32.dll,0x1800049b0,func_call_0x1800049b0,func_call_,Y,2e,f,2,0,N,N,0x7a37aeaa83981de7,32,missing_knowledge
user32.dll,0x180004a70,func_pdata_0x180004a70,func_pdata_,Y,bb,33,2,0,N,N,0x11fbc1b061c17be6,32,missing_knowledge
user32.dll,0x180004b40,func_pdata_0x180004b40,func_pdata_,Y,52,17,2,0,N,N,0x6c434aac1543ac18,32,missing_knowledge
user32.dll,0x180004b9c,func_pdata_0x180004b9c,func_pdata_,Y,11d,4e,3,0,N,N,0x163d33fede4731c9,32,missing_knowledge
user32.dll,0x180004cc0,func_pdata_0x180004cc0,func_pdata_,Y,e4,3f,2,0,N,N,0xd0edd792b0811013,32,missing_knowledge
user32.dll,0x180004db0,func_call_0x180004db0,func_call_,Y,0,1,12,0,N,N,0x7cd8bcb1858b7147,32,missing_knowledge
user32.dll,0x180004dc1,func_call_0x180004dc1,func_call_,Y,6,4,0,0,N,N,0x3200c1d524b1e015,32,missing_knowledge
user32.dll,0x180004dc9,func_start_0x180004dc9,func_start_,Y,2,2,1,0,N,N,0x2919c6d15b5871d4,32,missing_knowledge
user32.dll,0x180004dd4,func_pdata_0x180004dd4,func_pdata_,Y,a4,2c,2,0,N,N,0x4c7bcf999fc2910f,32,missing_knowledge
user32.dll,0x180004e80,func_pdata_0x180004e80,func_pdata_,Y,6f,22,3,0,N,N,0x80ee87cf04e3fd11,32,missing_knowledge
user32.dll,0x180004ef8,func_pdata_0x180004ef8,func_pdata_,Y,a1,2e,2,0,N,N,0x14a8cf0f220852b7,32,missing_knowledge
user32.dll,0x180004fa0,func_pdata_0x180004fa0,func_pdata_,Y,a6,31,7,0,N,N,0x8d86458bae355074,32,missing_knowledge
user32.dll,0x180005050,func_pdata_0x180005050,func_pdata_,Y,158,5d,d,0,N,N,0xaed905e452153734,32,missing_knowledge
user32.dll,0x1800051b0,func_pdata_0x1800051b0,func_pdata_,Y,4e,1a,7,0,N,N,0x4bea26121a4c290f,32,missing_knowledge
user32.dll,0x180005208,func_pdata_0x180005208,func_pdata_,Y,7b,1d,15,0,N,N,0xc30e72d82f87fc3a,32,missing_knowledge
user32.dll,0x180005290,func_pdata_0x180005290,func_pdata_,Y,179,59,0,0,N,N,0x784edd44e32df6fe,32,missing_knowledge
user32.dll,0x180005410,func_pdata_0x180005410,func_pdata_,Y,2c1,b9,4,0,N,N,0x3747af62030cd2b6,32,missing_knowledge
user32.dll,0x1800056d8,func_pdata_0x1800056d8,func_pdata_,Y,14b,52,3,0,N,N,0x02d0c030c72bbff9,32,missing_knowledge
user32.dll,0x18000582c,func_pdata_0x18000582c,func_pdata_,Y,75,20,1,0,N,N,0x8f01784d5d170837,32,missing_knowledge
user32.dll,0x1800058b0,func_pdata_0x1800058b0,func_pdata_,Y,91,1b,0,0,N,N,0x8f3d108a8e5fa952,32,missing_knowledge
user32.dll,0x180005948,func_pdata_0x180005948,func_pdata_,Y,139,4c,2,0,N,N,0x418739fd416924e4,32,missing_knowledge
user32.dll,0x180005a90,func_pdata_0x180005a90,func_pdata_,Y,98,1c,0,0,N,N,0x7f35f7ab36db4920,32,missing_knowledge
user32.dll,0x180005b30,func_pdata_0x180005b30,func_pdata_,Y,e6e,38b,2,0,N,N,0x90221781f6bf95c8,32,missing_knowledge
user32.dll,0x1800069a8,func_pdata_0x1800069a8,func_pdata_,Y,ef,2f,1,0,N,N,0x22b8ecaea13e54ee,32,missing_knowledge
user32.dll,0x180006aa0,func_pdata_0x180006aa0,func_pdata_,Y,47,14,1,0,N,N,0x7b0a728f8489df48,32,missing_knowledge
user32.dll,0x180006af0,func_pdata_0x180006af0,func_pdata_,Y,1f3,7a,1,0,N,N,0x8c611bbde390c39c,32,missing_knowledge
user32.dll,0x180006cf0,func_pdata_0x180006cf0,func_pdata_,Y,28,9,0,0,N,N,0xca6ea314e25b9d0c,32,missing_knowledge
user32.dll,0x180006d20,func_pdata_0x180006d20,func_pdata_,Y,61,15,0,0,N,N,0xe7bff956e59fdac9,32,missing_knowledge
user32.dll,0x180006d88,func_pdata_0x180006d88,func_pdata_,Y,2eb,af,5,0,N,N,0xa17e586e89d93778,32,missing_knowledge
user32.dll,0x18000707c,func_pdata_0x18000707c,func_pdata_,Y,bf,37,2,0,N,N,0xfd353ef4771e2051,32,missing_knowledge
user32.dll,0x180007150,func_pdata_0x180007150,func_pdata_,Y,8a,1a,5,0,N,N,0x29387c0bbc1936fe,32,missing_knowledge
user32.dll,0x1800071e4,func_pdata_0x1800071e4,func_pdata_,Y,374,d8,a,0,N,N,0x8d98a8a13703d20e,32,missing_knowledge
user32.dll,0x180007560,func_call_0x180007560,func_call_,Y,3a,12,a,0,N,N,0x2223a2b9258cfa00,32,missing_knowledge
user32.dll,0x1800075ac,func_pdata_0x1800075ac,func_pdata_,Y,34c,d4,3,0,N,N,0x698f8a23a77900b5,32,missing_knowledge
user32.dll,0x180007900,func_pdata_0x180007900,func_pdata_,Y,191,59,0,0,N,N,0x762eb646ee1aeb64,32,missing_knowledge
user32.dll,0x180007a98,func_pdata_0x180007a98,func_pdata_,Y,24a,97,7,0,N,N,0xf005d69a70933b23,32,missing_knowledge
user32.dll,0x180007cec,func_pdata_0x180007cec,func_pdata_,Y,256,97,5,0,N,N,0x64f6520b7d809654,32,missing_knowledge
user32.dll,0x180007f50,func_pdata_0x180007f50,func_pdata_,Y,418,f9,2,0,N,N,0xc9527c51fd568b44,32,missing_knowledge
user32.dll,0x180008370,func_pdata_0x180008370,func_pdata_,Y,71,1c,8,0,N,N,0x9c5e191101d1a628,32,missing_knowledge
user32.dll,0x1800083e8,func_pdata_0x1800083e8,func_pdata_,Y,108,4d,2,0,N,N,0x529ad98f12a9b2cc,32,missing_knowledge
user32.dll,0x1800084f8,func_pdata_0x1800084f8,func_pdata_,Y,35,f,2,0,N,N,0xa5ed31dde0aabcfe,32,missing_knowledge
user32.dll,0x180008540,func_pdata_0x180008540,func_pdata_,Y,238,84,0,0,N,N,0x4b2234d4fe414995,32,missing_knowledge
user32.dll,0x180008780,func_data_0x6442485632,func_data_,Y,0,0,0,0,N,N,0x17fc8f30bfd38dff,32,discovery_failure
user32.dll,0x1800087a0,func_pdata_0x1800087a0,func_pdata_,Y,133,53,0,0,N,N,0xe6cf3e0641603646,32,missing_knowledge
user32.dll,0x1800088e0,func_data_0x6442485984,func_data_,Y,0,0,0,0,N,N,0xd4bfb4eb2ab2f71f,32,discovery_failure
user32.dll,0x180008900,func_pdata_0x180008900,func_pdata_,Y,207,82,0,0,N,N,0xaf65f43949e3a0fc,32,missing_knowledge
user32.dll,0x180008b10,func_pdata_0x180008b10,func_pdata_,Y,18f,68,0,0,N,N,0xe2f27fdbde26cda6,32,missing_knowledge
user32.dll,0x180008cb0,func_pdata_0x180008cb0,func_pdata_,Y,138,4d,30,0,N,N,0x4267780c7122e72c,32,missing_knowledge
user32.dll,0x180008df0,func_pdata_0x180008df0,func_pdata_,Y,8a,2a,0,0,N,N,0xcca576fd23b2ff44,32,missing_knowledge
user32.dll,0x180008e84,func_pdata_0x180008e84,func_pdata_,Y,e1,3b,7,0,N,N,0xe7b6f92b68ca4d7e,32,missing_knowledge
user32.dll,0x180008f6c,func_pdata_0x180008f6c,func_pdata_,Y,2b,c,2,0,N,N,0x75ba655e5df681d4,32,missing_knowledge
user32.dll,0x180008fa0,func_pdata_0x180008fa0,func_pdata_,Y,188,65,0,0,N,N,0xbce504068f1e7001,32,missing_knowledge
user32.dll,0x180009130,func_pdata_0x180009130,func_pdata_,Y,35,e,0,0,N,N,0xcba465228722e3de,32,missing_knowledge
user32.dll,0x180009170,func_pdata_0x180009170,func_pdata_,Y,7f,24,1,0,N,N,0x6ff7eb7457ca537f,32,missing_knowledge
user32.dll,0x180009200,func_pdata_0x180009200,func_pdata_,Y,8a,25,1,0,N,N,0x31f76cda275eaf98,32,missing_knowledge
user32.dll,0x1800092a0,func_pdata_0x1800092a0,func_pdata_,Y,4d,14,0,0,N,N,0x3c3f31b2eaef741a,32,missing_knowledge
user32.dll,0x180009300,func_data_0x6442488576,func_data_,Y,0,0,0,0,N,N,0x3db835bd18b1f829,32,discovery_failure
user32.dll,0x18000931c,func_pdata_0x18000931c,func_pdata_,Y,87,23,7,0,N,N,0x433899e59614d2fc,32,missing_knowledge
user32.dll,0x1800093ac,func_pdata_0x1800093ac,func_pdata_,Y,48,10,1,0,N,N,0xd37088317db66e03,32,missing_knowledge
user32.dll,0x1800093fc,func_pdata_0x1800093fc,func_pdata_,Y,9b,2d,1,0,N,N,0xc84905c462177d35,32,missing_knowledge
user32.dll,0x1800094a0,func_pdata_0x1800094a0,func_pdata_,Y,47,15,2,0,N,N,0x0146f570605df018,32,missing_knowledge
user32.dll,0x1800094f0,func_pdata_0x1800094f0,func_pdata_,Y,42,17,2,0,N,N,0xfb9f1a1bb2182cd7,32,missing_knowledge
user32.dll,0x180009540,func_pdata_0x180009540,func_pdata_,Y,a0,2c,4,0,N,N,0x1f81ae3b4317b689,32,missing_knowledge
user32.dll,0x1800095e8,func_call_0x1800095e8,func_call_,Y,6,3,4,0,N,N,0x4bf641e61387fb81,32,missing_knowledge
user32.dll,0x180009618,func_pdata_0x180009618,func_pdata_,Y,5d,1e,3,0,N,N,0x396a79cbc9d685eb,32,missing_knowledge
user32.dll,0x180009680,func_pdata_0x180009680,func_pdata_,Y,166,59,2,0,N,N,0xeaf93d2b188c393a,32,missing_knowledge
user32.dll,0x1800097f0,func_pdata_0x1800097f0,func_pdata_,Y,50,13,5,0,N,N,0x0fc444c7a52ea4e1,32,missing_knowledge
user32.dll,0x180009848,func_call_0x180009848,func_call_,Y,19,7,5,0,N,N,0x6f441c44a978f598,32,missing_knowledge
user32.dll,0x180009888,func_pdata_0x180009888,func_pdata_,Y,83,25,1,0,N,N,0xccd112d6a05af3b0,32,missing_knowledge
user32.dll,0x180009920,func_pdata_0x180009920,func_pdata_,Y,4d,15,1,0,N,N,0xea21501df411a422,32,missing_knowledge
user32.dll,0x180009974,func_pdata_0x180009974,func_pdata_,Y,11e,43,2,0,N,N,0xd5db3f14555f0c9b,32,missing_knowledge
user32.dll,0x180009aa0,func_pdata_0x180009aa0,func_pdata_,Y,16d,5a,8,0,N,N,0x1b8584462b139c43,32,missing_knowledge
user32.dll,0x180009c20,func_pdata_0x180009c20,func_pdata_,Y,37,d,3,0,N,N,0xa97600c8fad4946a,32,missing_knowledge
user32.dll,0x180009c58,func_pdata_0x180009c58,func_pdata_,Y,ce,36,2,0,N,N,0x28db8a0b7040fc62,32,missing_knowledge
user32.dll,0x180009d27,func_pdata_0x180009d27,func_pdata_,Y,85,23,1,0,N,N,0xc95bce8bcbd9f583,32,missing_knowledge
user32.dll,0x180009db4,func_pdata_0x180009db4,func_pdata_,Y,6d,1b,1,0,N,N,0xa3738763d2b6329a,32,missing_knowledge
user32.dll,0x180009e30,func_pdata_0x180009e30,func_pdata_,Y,12c,4c,1f,0,N,N,0x42cda25ebcfaf021,32,missing_knowledge
user32.dll,0x180009f70,func_pdata_0x180009f70,func_pdata_,Y,45,16,0,0,N,N,0xad63d534401393d2,32,missing_knowledge
user32.dll,0x180009fbc,func_pdata_0x180009fbc,func_pdata_,Y,18c,69,1,0,N,N,0x861941d1b4a027ce,32,missing_knowledge
user32.dll,0x18000a150,func_pdata_0x18000a150,func_pdata_,Y,18c,61,4,0,N,N,0xeaf93d2b188c393a,32,missing_knowledge
user32.dll,0x18000a2f0,func_pdata_0x18000a2f0,func_pdata_,Y,2b,a,3,0,N,N,0x11d8f8a14cbf0b05,32,missing_knowledge
user32.dll,0x18000a31c,func_pdata_0x18000a31c,func_pdata_,Y,26,9,0,0,N,N,0x27bbe899acee05e6,32,missing_knowledge
user32.dll,0x18000a343,func_pdata_0x18000a343,func_pdata_,Y,15,6,1,0,N,N,0xb3eb68da82b84999,32,missing_knowledge
user32.dll,0x18000a359,func_pdata_0x18000a359,func_pdata_,Y,48,12,1,0,N,N,0x11ea3ebe7bf0eb5b,32,missing_knowledge
user32.dll,0x18000a3a2,func_pdata_0x18000a3a2,func_pdata_,Y,1b,4,1,0,N,N,0x546f8cb3e02bf717,32,missing_knowledge
user32.dll,0x18000a3be,func_pdata_0x18000a3be,func_pdata_,Y,2e,c,1,0,N,N,0xc79388b598161fbe,32,missing_knowledge
user32.dll,0x18000a400,func_call_0x18000a400,func_call_,Y,1b3,65,2,0,N,N,0xa64447285576f7ba,32,missing_knowledge
user32.dll,0x18000a6a8,func_pdata_0x18000a6a8,func_pdata_,Y,82,28,a,0,N,N,0xeef361b3101b4813,32,missing_knowledge
user32.dll,0x18000a734,func_pdata_0x18000a734,func_pdata_,Y,39d,eb,1,0,N,N,0x6a7b7ee3bff250e2,32,missing_knowledge
user32.dll,0x18000aad8,func_call_0x18000aad8,func_call_,Y,1d,7,c,0,N,N,0x322b5eed9f44e636,32,missing_knowledge
user32.dll,0x18000ab08,func_pdata_0x18000ab08,func_pdata_,Y,d5,39,7,0,N,N,0x24e7255546ac51fd,32,missing_knowledge
user32.dll,0x18000abe4,func_pdata_0x18000abe4,func_pdata_,Y,50,17,22,0,N,N,0x840c44e3e9509b2b,32,missing_knowledge
user32.dll,0x18000ac40,func_call_0x18000ac40,func_call_,Y,17,8,f,0,N,N,0x7cc00e5b381b2387,32,missing_knowledge
user32.dll,0x18000ac59,func_start_0x18000ac59,func_start_,Y,2,2,1,0,N,N,0xc74345ccfe1ed3e4,32,missing_knowledge
user32.dll,0x18000ac70,func_pdata_0x18000ac70,func_pdata_,Y,58,1a,d,0,N,N,0xed279ae2edfc2d06,32,missing_knowledge
user32.dll,0x18000acd0,func_pdata_0x18000acd0,func_pdata_,Y,38,a,6,0,N,N,0xd4761cfa63aad83a,32,missing_knowledge
user32.dll,0x18000ad10,func_pdata_0x18000ad10,func_pdata_,Y,6a,1e,0,0,N,N,0x46ec8c7973fd10a2,32,missing_knowledge
user32.dll,0x18000ad90,func_pdata_0x18000ad90,func_pdata_,Y,311,c3,2,0,N,N,0x0a4689d6c3669b9d,32,missing_knowledge
user32.dll,0x18000b0b0,func_pdata_0x18000b0b0,func_pdata_,Y,6a,1e,0,0,N,N,0x46ec8c7973fd10a2,32,missing_knowledge
user32.dll,0x18000b130,func_pdata_0x18000b130,func_pdata_,Y,46d,10d,2,0,N,N,0x75d963580d2af1b6,32,missing_knowledge
user32.dll,0x18000b5b0,func_call_0x18000b5b0,func_call_,Y,18,6,2b,0,N,N,0xda8110deb841b398,32,missing_knowledge
user32.dll,0x18000b5e0,func_pdata_0x18000b5e0,func_pdata_,Y,ad,31,1,0,N,N,0x62987570392a8bb8,32,missing_knowledge
user32.dll,0x18000b6a0,func_pdata_0x18000b6a0,func_pdata_,Y,17,7,2,0,N,N,0x18cb062e145f4c8d,32,missing_knowledge
user32.dll,0x18000b6b8,func_pdata_0x18000b6b8,func_pdata_,Y,12,6,0,0,N,N,0xca8d53d661c7387b,32,missing_knowledge
user32.dll,0x18000b6cb,func_pdata_0x18000b6cb,func_pdata_,Y,f,4,0,0,N,N,0x5cd449d3d56e2039,32,missing_knowledge
user32.dll,0x18000b6db,func_pdata_0x18000b6db,func_pdata_,Y,11b,3e,0,0,N,N,0x289f4f0985cfe408,32,missing_knowledge
user32.dll,0x18000b7f7,func_pdata_0x18000b7f7,func_pdata_,Y,b9,2e,0,0,N,N,0xfe5c1e08d997cb46,32,missing_knowledge
user32.dll,0x18000b8b1,func_pdata_0x18000b8b1,func_pdata_,Y,31,d,1,0,N,N,0xc5381819570a1773,32,missing_knowledge
user32.dll,0x18000b8e3,func_pdata_0x18000b8e3,func_pdata_,Y,1f,b,1,0,N,N,0x98c89554eb13eb45,32,missing_knowledge
user32.dll,0x18000b903,func_pdata_0x18000b903,func_pdata_,Y,45,d,1,0,N,N,0x77b69456fa0e6cae,32,missing_knowledge
user32.dll,0x18000b950,func_pdata_0x18000b950,func_pdata_,Y,101,43,2,0,N,N,0x3b540efc6d163632,32,missing_knowledge
user32.dll,0x18000ba52,func_pdata_0x18000ba52,func_pdata_,Y,86,1f,4,0,N,N,0xdb44e3919d8bd370,32,missing_knowledge
user32.dll,0x18000bad9,func_pdata_0x18000bad9,func_pdata_,Y,0,1,0,0,N,N,0xedd4655aca9a6e8a,32,missing_knowledge
user32.dll,0x18000bada,func_pdata_0x18000bada,func_pdata_,Y,736,ea,3,0,N,N,0x0aa944f9725f5295,32,missing_knowledge
user32.dll,0x18000c220,func_pdata_0x18000c220,func_pdata_,Y,69,1d,0,0,N,N,0x848614e6efff7395,32,missing_knowledge
user32.dll,0x18000c290,func_pdata_0x18000c290,func_pdata_,Y,5c,13,1,0,N,N,0x234a377dbafba6f5,32,missing_knowledge
user32.dll,0x18000c300,func_pdata_0x18000c300,func_pdata_,Y,80,23,0,0,N,N,0xf6741dc9097be2a2,32,missing_knowledge
user32.dll,0x18000c390,func_pdata_0x18000c390,func_pdata_,Y,320,bc,5,0,N,N,0x18b2ad3c22052e7b,32,missing_knowledge
user32.dll,0x18000c6c0,func_pdata_0x18000c6c0,func_pdata_,Y,311,c3,9,0,N,N,0x7fc4d51cd7c414a6,32,missing_knowledge
user32.dll,0x18000c9e0,func_pdata_0x18000c9e0,func_pdata_,Y,ca5,aa,6,0,N,N,0xc89e961b7a032a9e,32,missing_knowledge
user32.dll,0x18000d690,func_pdata_0x18000d690,func_pdata_,Y,56,18,9f,0,N,N,0x868b8e9d0c610122,32,missing_knowledge
user32.dll,0x18000d6e7,func_pdata_0x18000d6e7,func_pdata_,Y,27,8,0,0,N,N,0xd64675599134462b,32,missing_knowledge
user32.dll,0x18000d70f,func_pdata_0x18000d70f,func_pdata_,Y,ce,36,2,0,N,N,0x48db1ddf4c223d13,32,missing_knowledge
user32.dll,0x18000d7de,func_pdata_0x18000d7de,func_pdata_,Y,1b,a,1,0,N,N,0xa91e82a43de59d78,32,missing_knowledge
user32.dll,0x18000d7fa,func_pdata_0x18000d7fa,func_pdata_,Y,0,1,0,0,N,N,0x69f507f64dba53b7,32,missing_knowledge
user32.dll,0x18000d7fb,func_pdata_0x18000d7fb,func_pdata_,Y,1a,7,1,0,N,N,0x86fab3ac8078a9ca,32,missing_knowledge
user32.dll,0x18000d816,func_pdata_0x18000d816,func_pdata_,Y,8d,21,1,1,N,N,0xdf216d9dd1d9b2ad,32,missing_knowledge
user32.dll,0x18000d8b0,func_pdata_0x18000d8b0,func_pdata_,Y,91c,1dd,51,0,N,N,0x60756d9e540ad49e,32,missing_knowledge
user32.dll,0x18000e1e0,func_start_0x18000e1e0,func_start_,Y,6,2,0,0,N,N,0xa659810ae3799aae,32,missing_knowledge
user32.dll,0x18000e1f0,func_pdata_0x18000e1f0,func_pdata_,Y,62e,17e,7,0,N,N,0xedadb2b1d082ca6b,32,missing_knowledge
user32.dll,0x18000e830,func_pdata_0x18000e830,func_pdata_,Y,113,32,0,0,N,N,0xa006998d3f9a8154,32,missing_knowledge
user32.dll,0x18000e950,func_pdata_0x18000e950,func_pdata_,Y,f6,3c,0,0,N,N,0x9412b6e51f411f24,32,missing_knowledge
user32.dll,0x18000ea50,func_pdata_0x18000ea50,func_pdata_,Y,784,1a1,7,0,N,N,0x536827473de0e2c4,32,missing_knowledge
user32.dll,0x18000f1e0,func_pdata_0x18000f1e0,func_pdata_,Y,ae,30,7,0,N,N,0x048cb038846f0036,32,missing_knowledge
user32.dll,0x18000f2a0,func_pdata_0x18000f2a0,func_pdata_,Y,2d,c,9e,0,N,N,0x695ca8ab37f3d7d7,32,missing_knowledge
user32.dll,0x18000f2ce,func_pdata_0x18000f2ce,func_pdata_,Y,e1,3c,2,0,N,N,0x79b918bb21a597c6,32,missing_knowledge
user32.dll,0x18000f3b0,func_pdata_0x18000f3b0,func_pdata_,Y,0,1,0,0,N,N,0x9e19905d316ea1b1,32,missing_knowledge
user32.dll,0x18000f3c0,func_pdata_0x18000f3c0,func_pdata_,Y,55,18,4,0,N,N,0x1c6bf0db8ec46837,32,missing_knowledge
user32.dll,0x18000f416,func_pdata_0x18000f416,func_pdata_,Y,66,1d,0,0,N,N,0x470b17179caae0ef,32,missing_knowledge
user32.dll,0x18000f47d,func_pdata_0x18000f47d,func_pdata_,Y,45,15,1,0,N,N,0xd0937f4b59f9d06c,32,missing_knowledge
user32.dll,0x18000f4d0,func_pdata_0x18000f4d0,func_pdata_,Y,163,4a,2a,0,N,N,0x8421af2148b0de6f,32,missing_knowledge
user32.dll,0x18000f640,func_pdata_0x18000f640,func_pdata_,Y,664,168,1,0,N,N,0x1e5659ef12d788f4,32,missing_knowledge
user32.dll,0x18000fcb0,func_pdata_0x18000fcb0,func_pdata_,Y,1c3,6b,9,0,N,N,0x9525cb0a4cef8a0e,32,missing_knowledge
user32.dll,0x18000fe80,func_data_0x6442516096,func_data_,Y,0,0,0,0,N,N,0x003bc0cc8e752e33,32,discovery_failure
user32.dll,0x18000fe90,func_pdata_0x18000fe90,func_pdata_,Y,24b,97,19,0,N,N,0x0a388e4fad89cc9b,32,missing_knowledge
user32.dll,0x1800100f0,func_pdata_0x1800100f0,func_pdata_,Y,95,29,0,0,N,N,0xdb00ca21b3a9917b,32,missing_knowledge
user32.dll,0x180010190,func_pdata_0x180010190,func_pdata_,Y,145,51,19,0,N,N,0xeea41eefb05d4cea,32,missing_knowledge
user32.dll,0x1800102e0,func_pdata_0x1800102e0,func_pdata_,Y,78,22,4,0,N,N,0xcca6b53d962beeb7,32,missing_knowledge
user32.dll,0x180010359,func_pdata_0x180010359,func_pdata_,Y,3e,c,0,0,N,N,0x58d67b8a8551692c,32,missing_knowledge
user32.dll,0x180010398,func_pdata_0x180010398,func_pdata_,Y,135,4a,0,0,N,N,0x3d9d97180e8b6567,32,missing_knowledge
user32.dll,0x1800104e0,func_pdata_0x1800104e0,func_pdata_,Y,145,51,f,0,N,N,0xeea41eefb05d4cea,32,missing_knowledge
user32.dll,0x180010630,func_pdata_0x180010630,func_pdata_,Y,94,2b,3,0,N,N,0xf26f1d8176d8b979,32,missing_knowledge
user32.dll,0x1800106c5,func_pdata_0x1800106c5,func_pdata_,Y,2b,9,1,0,N,N,0xff2b236a91db041a,32,missing_knowledge
user32.dll,0x1800106f1,func_pdata_0x1800106f1,func_pdata_,Y,45,f,0,0,N,N,0x92ec97aeda22c2e7,32,missing_knowledge
user32.dll,0x180010740,func_pdata_0x180010740,func_pdata_,Y,34,10,2,0,N,N,0x6d1dc13047282f59,32,missing_knowledge
user32.dll,0x180010775,func_pdata_0x180010775,func_pdata_,Y,47,d,0,0,N,N,0x84632dea2c61a6e5,32,missing_knowledge
user32.dll,0x1800107bd,func_pdata_0x1800107bd,func_pdata_,Y,26,a,0,0,N,N,0xf617781a682bec7b,32,missing_knowledge
user32.dll,0x1800107e4,func_pdata_0x1800107e4,func_pdata_,Y,15,4,0,0,N,N,0x73a48abeea0cbb6f,32,missing_knowledge
user32.dll,0x1800107fa,func_pdata_0x1800107fa,func_pdata_,Y,e5,30,0,0,N,N,0xe2a456963a3e8ab9,32,missing_knowledge
user32.dll,0x1800108e0,func_pdata_0x1800108e0,func_pdata_,Y,28,9,0,0,N,N,0xf9cbf6d53372447f,32,missing_knowledge
user32.dll,0x180010909,func_pdata_0x180010909,func_pdata_,Y,12,4,0,0,N,N,0xa55668163a708a0e,32,missing_knowledge
user32.dll,0x18001091c,func_pdata_0x18001091c,func_pdata_,Y,4f,11,0,0,N,N,0xc645da2c65061264,32,missing_knowledge
user32.dll,0x18001096c,func_pdata_0x18001096c,func_pdata_,Y,37,7,1,0,N,N,0x733500a6f2b5bb7f,32,missing_knowledge
user32.dll,0x1800109a4,func_pdata_0x1800109a4,func_pdata_,Y,45,e,0,0,N,N,0xeb0ad2dccfa55156,32,missing_knowledge
user32.dll,0x1800109ea,func_pdata_0x1800109ea,func_pdata_,Y,88,22,1,0,N,N,0xd7b059c5161dc753,32,missing_knowledge
user32.dll,0x180010a73,func_pdata_0x180010a73,func_pdata_,Y,60,4,1,0,N,N,0xf8da6f91a68ed434,32,missing_knowledge
user32.dll,0x180010ae0,func_pdata_0x180010ae0,func_pdata_,Y,8a,22,13,0,N,N,0x1112c6416e6f612e,32,missing_knowledge
user32.dll,0x180010b74,func_call_0x180010b74,func_call_,Y,24,c,7,0,N,N,0x9c6c675030bf95f2,32,missing_knowledge
user32.dll,0x180010bb0,func_pdata_0x180010bb0,func_pdata_,Y,d2,35,0,0,N,N,0x83c53b29f4f43296,32,missing_knowledge
user32.dll,0x180010c90,func_pdata_0x180010c90,func_pdata_,Y,97,27,1,0,N,N,0x173b4bdfc79b15f0,32,missing_knowledge
user32.dll,0x180010d30,func_pdata_0x180010d30,func_pdata_,Y,29,c,0,0,N,N,0xc3a46e005af131cb,32,missing_knowledge
user32.dll,0x180010d5a,func_pdata_0x180010d5a,func_pdata_,Y,1e,6,1,0,N,N,0xebf8659bdfc25b86,32,missing_knowledge
user32.dll,0x180010d79,func_pdata_0x180010d79,func_pdata_,Y,139,48,0,0,N,N,0x4343826169029ad2,32,missing_knowledge
user32.dll,0x180010eb3,func_pdata_0x180010eb3,func_pdata_,Y,1d,a,1,0,N,N,0xa62075e1dd964b47,32,missing_knowledge
user32.dll,0x180010ed1,func_pdata_0x180010ed1,func_pdata_,Y,a,6,1,0,N,N,0xc8083dcd1a9a14d7,32,missing_knowledge
user32.dll,0x180010edc,func_pdata_0x180010edc,func_pdata_,Y,48,12,1,0,N,N,0x5b19305ba862f738,32,missing_knowledge
user32.dll,0x180010f30,func_pdata_0x180010f30,func_pdata_,Y,5b1,16b,0,0,N,N,0xf2a46a2927951915,32,missing_knowledge
user32.dll,0x1800114f0,func_pdata_0x1800114f0,func_pdata_,Y,107,3a,c,0,N,N,0x5f6dbfcc4f2929ad,32,missing_knowledge
user32.dll,0x180011600,func_pdata_0x180011600,func_pdata_,Y,53,19,2,0,N,N,0x4883baf87b14519c,32,missing_knowledge
user32.dll,0x180011660,func_pdata_0x180011660,func_pdata_,Y,3e,10,c,0,N,N,0xf8c0d09d126319e2,32,missing_knowledge
user32.dll,0x1800116b0,func_pdata_0x1800116b0,func_pdata_,Y,57,16,0,0,N,N,0xcc999fbd6340ddbd,32,missing_knowledge
user32.dll,0x180011710,func_pdata_0x180011710,func_pdata_,Y,3f,e,0,0,N,N,0xe75e97662a654302,32,missing_knowledge
user32.dll,0x180011760,func_data_0x6442522464,func_data_,Y,0,0,0,0,N,N,0xe4efa390a8767f67,32,discovery_failure
user32.dll,0x180011770,func_pdata_0x180011770,func_pdata_,Y,aa,2e,c,0,N,N,0xf09336b792e11be8,32,missing_knowledge
user32.dll,0x180011824,func_pdata_0x180011824,func_pdata_,Y,7b,1e,3,0,N,N,0x20071f6ae7eabeb6,32,missing_knowledge
user32.dll,0x1800118b0,func_pdata_0x1800118b0,func_pdata_,Y,4e,f,2,0,N,N,0x39357d91216e18cb,32,missing_knowledge
user32.dll,0x1800118ff,func_pdata_0x1800118ff,func_pdata_,Y,5e,14,0,0,N,N,0x872d1cf0f8d7bb8a,32,missing_knowledge
user32.dll,0x18001195e,func_pdata_0x18001195e,func_pdata_,Y,9,3,1,0,N,N,0x78f0361f72dc70ec,32,missing_knowledge
user32.dll,0x180011968,func_pdata_0x180011968,func_pdata_,Y,2d,b,2,0,N,N,0x594f0aa4f90f41c0,32,missing_knowledge
user32.dll,0x180011996,func_pdata_0x180011996,func_pdata_,Y,49,f,1,0,N,N,0xd9494e08af783350,32,missing_knowledge
user32.dll,0x1800119e0,func_pdata_0x1800119e0,func_pdata_,Y,26,1,0,0,N,N,0x638ce8db2f61fdae,32,missing_knowledge
user32.dll,0x180011a07,func_pdata_0x180011a07,func_pdata_,Y,b5,2e,1,0,N,N,0x9b4464ab51404375,32,missing_knowledge
user32.dll,0x180011abd,func_pdata_0x180011abd,func_pdata_,Y,9d,b,0,0,N,N,0xd2cddb4f8259348f,32,missing_knowledge
user32.dll,0x180011b5b,func_pdata_0x180011b5b,func_pdata_,Y,4d,f,1,0,N,N,0x8e4aad56010f2783,32,missing_knowledge
user32.dll,0x180011ba9,func_pdata_0x180011ba9,func_pdata_,Y,46,3,0,0,N,N,0xd2eaf62109238044,32,missing_knowledge
user32.dll,0x180011bf0,func_pdata_0x180011bf0,func_pdata_,Y,46,12,1,0,N,N,0x70b3e6491ec6e36b,32,missing_knowledge
user32.dll,0x180011c37,func_pdata_0x180011c37,func_pdata_,Y,b5,5,0,1,N,N,0x179bd2609b19c43b,32,missing_knowledge
user32.dll,0x180011cf4,func_call_0x180011cf4,func_call_,Y,52,13,1,0,N,N,0x1a120a8a0c140484,32,missing_knowledge
user32.dll,0x180011d47,func_start_0x180011d47,func_start_,Y,3,2,3,0,N,N,0xb4e0456ee71f9066,32,missing_knowledge
user32.dll,0x180011dfc,func_start_0x180011dfc,func_start_,Y,2,2,1,0,N,N,0x226bf645a04e989c,32,missing_knowledge
user32.dll,0x180011ea0,func_pdata_0x180011ea0,func_pdata_,Y,4e,e,2c,0,N,N,0x68829fb1dfb70f99,32,missing_knowledge
user32.dll,0x180011eef,func_pdata_0x180011eef,func_pdata_,Y,26,c,0,0,N,N,0xd6065fc02037ae99,32,missing_knowledge
user32.dll,0x180011f16,func_pdata_0x180011f16,func_pdata_,Y,25,a,0,0,N,N,0xd72deba5b39bc281,32,missing_knowledge
user32.dll,0x180011f3c,func_pdata_0x180011f3c,func_pdata_,Y,1d,8,2,0,N,N,0xec89fce5026c1859,32,missing_knowledge
user32.dll,0x180011f5a,func_pdata_0x180011f5a,func_pdata_,Y,9,2,2,0,N,N,0xd0d3ee1e065ca70b,32,missing_knowledge
user32.dll,0x180011f6c,func_call_0x180011f6c,func_call_,Y,23,9,4,0,N,N,0x536de0c4d7e6a30f,32,missing_knowledge
user32.dll,0x180011f98,func_pdata_0x180011f98,func_pdata_,Y,8b,2b,1,0,N,N,0x939b7dcc25f62f59,32,missing_knowledge
user32.dll,0x180012030,func_pdata_0x180012030,func_pdata_,Y,42,13,3,0,N,N,0x731da3a7de77a54f,32,missing_knowledge
user32.dll,0x180012080,func_pdata_0x180012080,func_pdata_,Y,23c,82,1,0,N,N,0x03b4c60679f79294,32,missing_knowledge
user32.dll,0x1800122c4,func_call_0x1800122c4,func_call_,Y,21,b,4,0,N,N,0x4f39f1760472d73d,32,missing_knowledge
user32.dll,0x180012300,func_pdata_0x180012300,func_pdata_,Y,3d,c,1,0,N,N,0x8c6484efc3abe08c,32,missing_knowledge
user32.dll,0x180012350,func_pdata_0x180012350,func_pdata_,Y,5b,16,9,0,N,N,0x8ffcae9f791ba07c,32,missing_knowledge
user32.dll,0x1800123c0,func_pdata_0x1800123c0,func_pdata_,Y,1c,9,0,0,N,N,0xa7fbaa81d4277e80,32,missing_knowledge
user32.dll,0x1800123f0,func_pdata_0x1800123f0,func_pdata_,Y,5c,16,0,0,N,N,0x842f42bd6efec5a0,32,missing_knowledge
user32.dll,0x180012454,func_pdata_0x180012454,func_pdata_,Y,53,15,2,0,N,N,0xb641998977c3dd02,32,missing_knowledge
user32.dll,0x1800124b0,func_pdata_0x1800124b0,func_pdata_,Y,f9,3f,4,0,N,N,0xb4c4f175d42ea6fa,32,missing_knowledge
user32.dll,0x1800125b0,func_pdata_0x1800125b0,func_pdata_,Y,204,77,0,0,N,N,0xfa007cd76bcc0062,32,missing_knowledge
user32.dll,0x1800127bc,func_call_0x1800127bc,func_call_,Y,21,b,6,0,N,N,0x8afee4a9c95dca1d,32,missing_knowledge
user32.dll,0x1800127f0,func_pdata_0x1800127f0,func_pdata_,Y,48,16,0,0,N,N,0x1c597a99e3dd5b48,32,missing_knowledge
user32.dll,0x180012840,func_pdata_0x180012840,func_pdata_,Y,6fc,1ae,2,0,N,N,0xcf2344d55ad94533,32,missing_knowledge
user32.dll,0x180012f44,func_pdata_0x180012f44,func_pdata_,Y,8a,23,7,0,N,N,0xcf515c27089b96eb,32,missing_knowledge
user32.dll,0x180012fd8,func_pdata_0x180012fd8,func_pdata_,Y,4c,14,1,0,N,N,0xd07ba0c39843567a,32,missing_knowledge
user32.dll,0x18001302c,func_pdata_0x18001302c,func_pdata_,Y,24d,84,1,0,N,N,0x310e89f69028981f,32,missing_knowledge
user32.dll,0x180013280,func_pdata_0x180013280,func_pdata_,Y,41,11,1,0,N,N,0xafba782021746f23,32,missing_knowledge
user32.dll,0x1800132c8,func_pdata_0x1800132c8,func_pdata_,Y,43,f,1,0,N,N,0xe75e5ad9877f5fca,32,missing_knowledge
user32.dll,0x180013320,func_pdata_0x180013320,func_pdata_,Y,c4,36,7,0,N,N,0xf7a9d698da62c080,32,missing_knowledge
user32.dll,0x1800133ec,func_pdata_0x1800133ec,func_pdata_,Y,29,b,c,0,N,N,0xf6c0bc8c557bfc65,32,missing_knowledge
user32.dll,0x18001341c,func_call_0x18001341c,func_call_,Y,18,7,d,0,N,N,0x520981f850bd32cc,32,missing_knowledge
user32.dll,0x18001343c,func_pdata_0x18001343c,func_pdata_,Y,33,e,20,0,N,N,0xe71b55e5b556146e,32,missing_knowledge
user32.dll,0x180013478,func_call_0x180013478,func_call_,Y,3a,e,8,0,N,N,0x31d2c4e6e00eca73,32,missing_knowledge
user32.dll,0x1800134bc,func_call_0x1800134bc,func_call_,Y,26,d,3,0,N,N,0x5680ab89cd3b84ce,32,missing_knowledge
user32.dll,0x1800134e4,func_start_0x1800134e4,func_start_,Y,2,2,2,0,N,N,0x1b31ed292dc46058,32,missing_knowledge
user32.dll,0x1800134f0,func_pdata_0x1800134f0,func_pdata_,Y,7d,1d,6,0,N,N,0x71982f9aba05ae17,32,missing_knowledge
user32.dll,0x180013580,func_pdata_0x180013580,func_pdata_,Y,343,d5,4,0,N,N,0x187de87f092e1ae9,32,missing_knowledge
user32.dll,0x1800138cc,func_call_0x1800138cc,func_call_,Y,23,d,6,0,N,N,0xdd0b08b9a4501085,32,missing_knowledge
user32.dll,0x180013900,func_pdata_0x180013900,func_pdata_,Y,64,15,6,0,N,N,0x37b629371ca9fdea,32,missing_knowledge
user32.dll,0x18001396c,func_pdata_0x18001396c,func_pdata_,Y,168,5d,a,0,N,N,0x00bab438121da33a,32,missing_knowledge
user32.dll,0x180013ae0,func_pdata_0x180013ae0,func_pdata_,Y,83,24,0,0,N,N,0x5dbbe3612921e333,32,missing_knowledge
user32.dll,0x180013b6c,func_pdata_0x180013b6c,func_pdata_,Y,50,15,35,0,N,N,0xca19087153c85cca,32,missing_knowledge
user32.dll,0x180013bc4,func_pdata_0x180013bc4,func_pdata_,Y,3a,11,5,0,N,N,0x72e00ad3d9d89c88,32,missing_knowledge
user32.dll,0x180013c08,func_pdata_0x180013c08,func_pdata_,Y,18a,63,3,0,N,N,0xbbe0d14427cb3dae,32,missing_knowledge
user32.dll,0x180013d9c,func_pdata_0x180013d9c,func_pdata_,Y,111,47,3,0,N,N,0x5379c347b694d7cf,32,missing_knowledge
user32.dll,0x180013ec0,func_call_0x180013ec0,func_call_,Y,23,e,18,0,N,N,0x419d10c85fc8be82,32,missing_knowledge
user32.dll,0x180013ef0,func_pdata_0x180013ef0,func_pdata_,Y,2b,d,0,0,N,N,0x34229fe605955f9d,32,missing_knowledge
user32.dll,0x180013f24,func_pdata_0x180013f24,func_pdata_,Y,2d6,9c,4,0,N,N,0xe13405a43b3447d5,32,missing_knowledge
user32.dll,0x180014204,func_pdata_0x180014204,func_pdata_,Y,73,26,1,0,N,N,0x45a96921ebb6264c,32,missing_knowledge
user32.dll,0x180014280,func_pdata_0x180014280,func_pdata_,Y,92,2c,3,0,N,N,0x45a92c21ebb5bea5,32,missing_knowledge
user32.dll,0x180014320,func_call_0x180014320,func_call_,Y,5c,1d,a,0,N,N,0x5b483deb45d04618,32,missing_knowledge
user32.dll,0x180014390,func_pdata_0x180014390,func_pdata_,Y,69,1d,15,0,N,N,0xa20cd20e986a1946,32,missing_knowledge
user32.dll,0x180014400,func_pdata_0x180014400,func_pdata_,Y,2a,8,13,0,N,N,0x8f9c61b3b1d78fb0,32,missing_knowledge
user32.dll,0x180014434,func_pdata_0x180014434,func_pdata_,Y,5b,19,6,0,N,N,0xc3ab079eeb445cb1,32,missing_knowledge
user32.dll,0x180014498,func_pdata_0x180014498,func_pdata_,Y,7e,22,2,0,N,N,0x4aafbe995580afce,32,missing_knowledge
user32.dll,0x180014520,func_pdata_0x180014520,func_pdata_,Y,6a,1d,3,0,N,N,0x1d1cb482e5f599f7,32,missing_knowledge
user32.dll,0x180014594,func_pdata_0x180014594,func_pdata_,Y,e4,3b,6,0,N,N,0x431af4371fc17b0d,32,missing_knowledge
user32.dll,0x180014680,func_pdata_0x180014680,func_pdata_,Y,58,18,4,0,N,N,0x722c207e76bf11b7,32,missing_knowledge
user32.dll,0x1800146e0,func_pdata_0x1800146e0,func_pdata_,Y,1ef,7d,1a,0,N,N,0x3e7e53d7ed85c49d,32,missing_knowledge
user32.dll,0x1800148d8,func_pdata_0x1800148d8,func_pdata_,Y,37,15,4,0,N,N,0x4b4fbd4a44588e4b,32,missing_knowledge
user32.dll,0x180014918,func_pdata_0x180014918,func_pdata_,Y,3a,16,6,0,N,N,0xc612dba7bcfafbb2,32,missing_knowledge
user32.dll,0x18001495c,func_pdata_0x18001495c,func_pdata_,Y,a5,2a,2,0,N,N,0xd39d36fc5ca7712b,32,missing_knowledge
user32.dll,0x180014a10,func_pdata_0x180014a10,func_pdata_,Y,59,19,0,0,N,N,0xde1b82de4c2aaa4e,32,missing_knowledge
user32.dll,0x180014a70,func_pdata_0x180014a70,func_pdata_,Y,c7,34,5,0,N,N,0xfcd0576571095a02,32,missing_knowledge
user32.dll,0x180014b40,func_pdata_0x180014b40,func_pdata_,Y,58,1b,4,0,N,N,0xd305d68cf05a36ac,32,missing_knowledge
user32.dll,0x180014ba0,func_pdata_0x180014ba0,func_pdata_,Y,2b,d,1,0,N,N,0x67776fa20cd749df,32,missing_knowledge
user32.dll,0x180014bd4,func_pdata_0x180014bd4,func_pdata_,Y,81,20,2,0,N,N,0x62af2dc7e0226217,32,missing_knowledge
user32.dll,0x180014c5c,func_pdata_0x180014c5c,func_pdata_,Y,3f,12,4,0,N,N,0x559b2d347866ae5f,32,missing_knowledge
user32.dll,0x180014cb0,func_pdata_0x180014cb0,func_pdata_,Y,22,8,0,0,N,N,0x5b53c5d87abda50f,32,missing_knowledge
user32.dll,0x180014ce0,func_pdata_0x180014ce0,func_pdata_,Y,78,20,1,0,N,N,0x605f83daba55afe1,32,missing_knowledge
user32.dll,0x180014d60,func_pdata_0x180014d60,func_pdata_,Y,29a,a6,8,0,N,N,0xcda019eaf4d7039e,32,missing_knowledge
user32.dll,0x180015004,func_pdata_0x180015004,func_pdata_,Y,139,57,3,0,N,N,0xb2ccf957d222f990,32,missing_knowledge
user32.dll,0x180015144,func_pdata_0x180015144,func_pdata_,Y,111,58,1,0,N,N,0x87f3c703489b52f1,32,missing_knowledge
user32.dll,0x18001525c,func_call_0x18001525c,func_call_,Y,19,a,2,0,N,N,0xdcd1dec8d0158ece,32,missing_knowledge
user32.dll,0x1800152a4,func_call_0x1800152a4,func_call_,Y,29,e,2,0,N,N,0x4ca432fa7b9f923b,32,missing_knowledge
user32.dll,0x1800152dc,func_pdata_0x1800152dc,func_pdata_,Y,60,1b,2,0,N,N,0x9bcf1f660dda331b,32,missing_knowledge
user32.dll,0x180015344,func_pdata_0x180015344,func_pdata_,Y,1bc,70,4,0,N,N,0x02f4f0de0d2fc0e3,32,missing_knowledge
user32.dll,0x180015508,func_pdata_0x180015508,func_pdata_,Y,26a,9d,1,0,N,N,0xb4337ee9dcd57ac6,32,missing_knowledge
user32.dll,0x18001577c,func_pdata_0x18001577c,func_pdata_,Y,5d,19,2,0,N,N,0x3273786bab402eab,32,missing_knowledge
user32.dll,0x1800157e0,func_pdata_0x1800157e0,func_pdata_,Y,1b,6,0,0,N,N,0x65d4cbec683e37d1,32,missing_knowledge
user32.dll,0x180015804,func_pdata_0x180015804,func_pdata_,Y,b5,33,2,0,N,N,0x01ed617bbb98791f,32,missing_knowledge
user32.dll,0x1800158c0,func_pdata_0x1800158c0,func_pdata_,Y,613,145,5,0,N,N,0xa76fd016a37b822a,32,missing_knowledge
user32.dll,0x180015edc,func_pdata_0x180015edc,func_pdata_,Y,4c,17,1,0,N,N,0x4ff751c6fadbeaf1,32,missing_knowledge
user32.dll,0x180015f30,func_pdata_0x180015f30,func_pdata_,Y,289,9c,2,0,N,N,0x7b98c9f1c5bc91ae,32,missing_knowledge
user32.dll,0x1800161c0,func_pdata_0x1800161c0,func_pdata_,Y,c8,34,5,0,N,N,0xd45f19fc5d4c51c3,32,missing_knowledge
user32.dll,0x180016290,func_pdata_0x180016290,func_pdata_,Y,ca,36,4,0,N,N,0x076d9263ae445c2b,32,missing_knowledge
user32.dll,0x180016364,func_pdata_0x180016364,func_pdata_,Y,3e,e,9,0,N,N,0xe95e3ed7eb132377,32,missing_knowledge
user32.dll,0x1800163ac,func_pdata_0x1800163ac,func_pdata_,Y,e0,3d,2,0,N,N,0x1cc2509ec161a8af,32,missing_knowledge
user32.dll,0x180016494,func_call_0x180016494,func_call_,Y,3c,12,3,0,N,N,0x50eb65556ce13544,32,missing_knowledge
user32.dll,0x180016508,func_pdata_0x180016508,func_pdata_,Y,49,1d,1,0,N,N,0x89e62f393ecadcbf,32,missing_knowledge
user32.dll,0x180016558,func_pdata_0x180016558,func_pdata_,Y,d4,41,3,0,N,N,0xf201dd728a262ddf,32,missing_knowledge
user32.dll,0x180016634,func_pdata_0x180016634,func_pdata_,Y,3e5,105,2,0,N,N,0x0251d22f69148b19,32,missing_knowledge
user32.dll,0x180016a20,func_pdata_0x180016a20,func_pdata_,Y,ae,33,1,0,N,N,0xbc44af5d87972070,32,missing_knowledge
user32.dll,0x180016ad8,func_pdata_0x180016ad8,func_pdata_,Y,84,24,3,0,N,N,0xdc0266d6f575e738,32,missing_knowledge
user32.dll,0x180016b70,func_pdata_0x180016b70,func_pdata_,Y,5d,18,0,0,N,N,0x868bba3bf66a4eec,32,missing_knowledge
user32.dll,0x180016bd4,func_pdata_0x180016bd4,func_pdata_,Y,6a,1b,1,0,N,N,0x36a824fef00206dc,32,missing_knowledge
user32.dll,0x180016c48,func_pdata_0x180016c48,func_pdata_,Y,b5,34,1,0,N,N,0x78b4a2359ee5486a,32,missing_knowledge
user32.dll,0x180016d04,func_pdata_0x180016d04,func_pdata_,Y,3d2,f1,9,0,N,N,0xe7d171e2a91ab625,32,missing_knowledge
user32.dll,0x1800170e0,func_data_0x6442545376,func_data_,Y,0,0,0,0,N,N,0x208c9b669d62fc75,32,discovery_failure
user32.dll,0x1800170f8,func_pdata_0x1800170f8,func_pdata_,Y,e4,40,7,0,N,N,0x532e74d6edb769ae,32,missing_knowledge
user32.dll,0x1800171f0,func_pdata_0x1800171f0,func_pdata_,Y,98,26,2,0,N,N,0xb8f05db3ab9f682d,32,missing_knowledge
user32.dll,0x180017290,func_pdata_0x180017290,func_pdata_,Y,ef,4a,b,0,N,N,0x8bc699e4115548c2,32,missing_knowledge
user32.dll,0x180017388,func_pdata_0x180017388,func_pdata_,Y,55,17,a,0,N,N,0x4bf1470775a4e66f,32,missing_knowledge
user32.dll,0x1800173e4,func_pdata_0x1800173e4,func_pdata_,Y,60,1d,1,0,N,N,0x536adafc8ac3ed50,32,missing_knowledge
user32.dll,0x180017450,func_pdata_0x180017450,func_pdata_,Y,22,8,0,0,N,N,0x3ad75da443cd3de5,32,missing_knowledge
user32.dll,0x18001747c,func_pdata_0x18001747c,func_pdata_,Y,f6,39,1,0,N,N,0x8213e4b32075792a,32,missing_knowledge
user32.dll,0x18001757c,func_pdata_0x18001757c,func_pdata_,Y,162,59,1,0,N,N,0xf37f2edf3a28c789,32,missing_knowledge
user32.dll,0x1800176e8,func_pdata_0x1800176e8,func_pdata_,Y,35,10,7,0,N,N,0x1c56f1426c007cfa,32,missing_knowledge
user32.dll,0x180017724,func_call_0x180017724,func_call_,Y,15,7,1,0,N,N,0xb01ef292826289c0,32,missing_knowledge
user32.dll,0x180017754,func_call_0x180017754,func_call_,Y,33,d,6,0,N,N,0x3f69352fe3b62cea,32,missing_knowledge
user32.dll,0x180017790,func_pdata_0x180017790,func_pdata_,Y,4f,14,1,0,N,N,0xe366711c32ed1cf4,32,missing_knowledge
user32.dll,0x1800177e8,func_pdata_0x1800177e8,func_pdata_,Y,10d,41,2,0,N,N,0x7f4a37370ef72634,32,missing_knowledge
user32.dll,0x1800178fc,func_call_0x1800178fc,func_call_,Y,14,7,2,0,N,N,0x85c4dac6c280f2d8,32,missing_knowledge
user32.dll,0x180017930,func_pdata_0x180017930,func_pdata_,Y,6d5,1a3,1,0,N,N,0x8462d384a1543b39,32,missing_knowledge
user32.dll,0x18001800c,func_call_0x18001800c,func_call_,Y,26,c,3,0,N,N,0x4e3a6105e0bff4d4,32,missing_knowledge
user32.dll,0x180018034,func_start_0x180018034,func_start_,Y,2,2,1,0,N,N,0x4f2f1494b09898af,32,missing_knowledge
user32.dll,0x180018040,func_pdata_0x180018040,func_pdata_,Y,35,10,4,0,N,N,0x3ac715460e666783,32,missing_knowledge
user32.dll,0x18001807c,func_pdata_0x18001807c,func_pdata_,Y,d5,36,3,0,N,N,0xfc2a0e1abf03e81e,32,missing_knowledge
user32.dll,0x180018160,func_pdata_0x180018160,func_pdata_,Y,148,4f,0,0,N,N,0x5d80b4c6a48ba887,32,missing_knowledge
user32.dll,0x1800182b0,func_pdata_0x1800182b0,func_pdata_,Y,51,17,5,0,N,N,0x8616408a5fda260c,32,missing_knowledge
user32.dll,0x180018308,func_pdata_0x180018308,func_pdata_,Y,96,2b,5,0,N,N,0x6e9ecbcff0e9abb2,32,missing_knowledge
user32.dll,0x1800183a8,func_pdata_0x1800183a8,func_pdata_,Y,ec,3d,2,0,N,N,0x0a7276d31b1025a1,32,missing_knowledge
user32.dll,0x18001849c,func_call_0x18001849c,func_call_,Y,9,4,12,0,N,N,0xe051481c56687be6,32,missing_knowledge
user32.dll,0x1800184d0,entry,entry,N,37,f,0,0,N,N,0xa4e37316e92ac61f,32,named
user32.dll,0x180018508,func_pdata_0x180018508,func_pdata_,Y,993,1da,1,0,N,N,0xde8368bb667798e8,32,missing_knowledge
user32.dll,0x180018ea4,func_pdata_0x180018ea4,func_pdata_,Y,af,2a,2,0,N,N,0xa2549f4eaa22ff7f,32,missing_knowledge
user32.dll,0x180018f5c,func_pdata_0x180018f5c,func_pdata_,Y,144,53,1,0,N,N,0xf9f87e38e7da6742,32,missing_knowledge
user32.dll,0x1800190a8,func_pdata_0x1800190a8,func_pdata_,Y,214,70,1,0,N,N,0x4493fba6c0c6f340,32,missing_knowledge
user32.dll,0x1800192c4,func_pdata_0x1800192c4,func_pdata_,Y,1d5,65,1,0,N,N,0x4493fba6c0c6f340,32,missing_knowledge
user32.dll,0x1800194a0,func_pdata_0x1800194a0,func_pdata_,Y,49,14,3,0,N,N,0x935faf0a034c5da4,32,missing_knowledge
user32.dll,0x1800194f0,func_pdata_0x1800194f0,func_pdata_,Y,83,21,1,0,N,N,0x6e59909a123456c2,32,missing_knowledge
user32.dll,0x18001957c,func_pdata_0x18001957c,func_pdata_,Y,11c,36,1,0,N,N,0x918e13037676e89f,32,missing_knowledge
user32.dll,0x1800196a0,func_pdata_0x1800196a0,func_pdata_,Y,283,9c,1,0,N,N,0x0b12882cce007789,32,missing_knowledge
user32.dll,0x18001992c,func_pdata_0x18001992c,func_pdata_,Y,a0,23,1,0,N,N,0xa91f0b72ef60a14f,32,missing_knowledge
user32.dll,0x1800199d4,func_pdata_0x1800199d4,func_pdata_,Y,101,3b,1,0,N,N,0x6889f07bc5736b2f,32,missing_knowledge
user32.dll,0x180019adc,func_pdata_0x180019adc,func_pdata_,Y,4e,13,d,0,N,N,0x901520d36ea32aad,32,missing_knowledge
user32.dll,0x180019b34,func_pdata_0x180019b34,func_pdata_,Y,5f,1d,1,0,N,N,0x136608217e80c3f2,32,missing_knowledge
user32.dll,0x180019ba0,func_pdata_0x180019ba0,func_pdata_,Y,f5,30,0,0,N,N,0x570aa1f539758bb5,32,missing_knowledge
user32.dll,0x180019c9c,func_pdata_0x180019c9c,func_pdata_,Y,9b2,1d0,2,0,N,N,0x6581c746044a913e,32,missing_knowledge
user32.dll,0x18001a658,func_pdata_0x18001a658,func_pdata_,Y,c0,38,3,0,N,N,0xbca54bcb9801e89e,32,missing_knowledge
user32.dll,0x18001a720,func_pdata_0x18001a720,func_pdata_,Y,d3,40,7,0,N,N,0x69ccc8f6f0417d6e,32,missing_knowledge
user32.dll,0x18001a7fc,func_pdata_0x18001a7fc,func_pdata_,Y,5e,1b,1,0,N,N,0x07bb3aa690db5620,32,missing_knowledge
user32.dll,0x18001a864,func_call_0x18001a864,func_call_,Y,15,7,1,0,N,N,0xb01f34928262f9e6,32,missing_knowledge
user32.dll,0x18001a894,func_pdata_0x18001a894,func_pdata_,Y,8f,25,5,0,N,N,0xa010ed19e4b2a5b4,32,missing_knowledge
user32.dll,0x18001a92c,func_pdata_0x18001a92c,func_pdata_,Y,ff,40,1,0,N,N,0x763cd3f8361be982,32,missing_knowledge
user32.dll,0x18001aa40,func_pdata_0x18001aa40,func_pdata_,Y,42,12,2,0,N,N,0x0a731c28accafb31,32,missing_knowledge
user32.dll,0x18001aa90,func_pdata_0x18001aa90,func_pdata_,Y,94,29,2,0,N,N,0x95211f46b6c5ac6f,32,missing_knowledge
user32.dll,0x18001ab2c,func_pdata_0x18001ab2c,func_pdata_,Y,81,21,2,0,N,N,0xaf24638321f3c99d,32,missing_knowledge
user32.dll,0x18001abc0,func_pdata_0x18001abc0,func_pdata_,Y,4d,15,0,0,N,N,0x43f17791cc39a99c,32,missing_knowledge
user32.dll,0x18001ac14,func_pdata_0x18001ac14,func_pdata_,Y,f6,3c,1,0,N,N,0x9cd6ba5c37dced1b,32,missing_knowledge
user32.dll,0x18001ad14,func_pdata_0x18001ad14,func_pdata_,Y,9f,28,3,0,N,N,0x00137ce451a06c43,32,missing_knowledge
user32.dll,0x18001adbc,func_pdata_0x18001adbc,func_pdata_,Y,6c,1d,7,0,N,N,0xd2d876f52f2c003e,32,missing_knowledge
user32.dll,0x18001ae30,func_pdata_0x18001ae30,func_pdata_,Y,142,4f,1,0,N,N,0x901c244b6c282849,32,missing_knowledge
user32.dll,0x18001af7c,func_pdata_0x18001af7c,func_pdata_,Y,117,41,2,0,N,N,0xfd51d3cecce5b03a,32,missing_knowledge
user32.dll,0x18001b0a0,func_pdata_0x18001b0a0,func_pdata_,Y,2a,b,0,0,N,N,0xc46445a1fe968e0e,32,missing_knowledge
user32.dll,0x18001b0d4,func_pdata_0x18001b0d4,func_pdata_,Y,b6,2f,1,0,N,N,0x27688162c12e0547,32,missing_knowledge
user32.dll,0x18001b194,func_pdata_0x18001b194,func_pdata_,Y,8e,27,1,0,N,N,0xd9a469f5a54ace01,32,missing_knowledge
user32.dll,0x18001b22c,func_pdata_0x18001b22c,func_pdata_,Y,8a,27,4,0,N,N,0x42533cb9ab3e2843,32,missing_knowledge
user32.dll,0x18001b2c0,func_pdata_0x18001b2c0,func_pdata_,Y,255,99,1,0,N,N,0xa640ee1a841d57e3,32,missing_knowledge
user32.dll,0x18001b51c,func_pdata_0x18001b51c,func_pdata_,Y,7c,23,15,0,N,N,0xb1fb5808016f2abb,32,missing_knowledge
user32.dll,0x18001b5a0,func_pdata_0x18001b5a0,func_pdata_,Y,64,1c,2,0,N,N,0xc9c79494e38bc85d,32,missing_knowledge
user32.dll,0x18001b60c,func_pdata_0x18001b60c,func_pdata_,Y,3a,d,2,0,N,N,0x33f68bf98f028dce,32,missing_knowledge
user32.dll,0x18001b650,func_pdata_0x18001b650,func_pdata_,Y,1d,9,0,0,N,N,0xe671f4746f9febc1,32,missing_knowledge
user32.dll,0x18001b674,func_pdata_0x18001b674,func_pdata_,Y,7f,1b,2,0,N,N,0xd5f68198960827b9,32,missing_knowledge
user32.dll,0x18001b6fc,func_pdata_0x18001b6fc,func_pdata_,Y,313,b9,1,0,N,N,0x2f0e55538e6c8578,32,missing_knowledge
user32.dll,0x18001ba20,func_pdata_0x18001ba20,func_pdata_,Y,3d,11,0,0,N,N,0x495c2e71f042e533,32,missing_knowledge
user32.dll,0x18001ba70,func_data_0x6442564208,func_data_,Y,0,0,0,0,N,N,0x4bcbf84a44b0c7c2,32,discovery_failure
user32.dll,0x18001ba90,func_pdata_0x18001ba90,func_pdata_,Y,6c,1e,0,0,N,N,0x43f17791cc39a99c,32,missing_knowledge
user32.dll,0x18001bb04,func_pdata_0x18001bb04,func_pdata_,Y,14d,5a,3,0,N,N,0xff739c74926f736b,32,missing_knowledge
user32.dll,0x18001bc58,func_call_0x18001bc58,func_call_,Y,31,f,3,0,N,N,0xa812676f8a3ce62f,32,missing_knowledge
user32.dll,0x18001bca8,func_pdata_0x18001bca8,func_pdata_,Y,bb,34,4,0,N,N,0x141384fed0d2bf47,32,missing_knowledge
user32.dll,0x18001bd6c,func_pdata_0x18001bd6c,func_pdata_,Y,259,88,2,0,N,N,0x31f0e4ec5f403181,32,missing_knowledge
user32.dll,0x18001bfd0,func_pdata_0x18001bfd0,func_pdata_,Y,22a,81,4,0,N,N,0x4c0d74a2a404f031,32,missing_knowledge
user32.dll,0x18001c204,func_pdata_0x18001c204,func_pdata_,Y,152,56,1,0,N,N,0x52e2681bd69eaa07,32,missing_knowledge
user32.dll,0x18001c360,func_pdata_0x18001c360,func_pdata_,Y,37,f,7,0,N,N,0x468c4218da5dea1d,32,missing_knowledge
user32.dll,0x18001c3a0,func_pdata_0x18001c3a0,func_pdata_,Y,8b,26,2,0,N,N,0xb241473521e8965e,32,missing_knowledge
user32.dll,0x18001c434,func_pdata_0x18001c434,func_pdata_,Y,ed,31,1,0,N,N,0x5f7ca2e998a4135c,32,missing_knowledge
user32.dll,0x18001c528,func_pdata_0x18001c528,func_pdata_,Y,117,44,5,0,N,N,0x2d29555a564198cc,32,missing_knowledge
user32.dll,0x18001c648,func_pdata_0x18001c648,func_pdata_,Y,38,11,2,0,N,N,0x73461a3cd0d81412,32,missing_knowledge
user32.dll,0x18001c688,func_pdata_0x18001c688,func_pdata_,Y,9e,26,1,0,N,N,0x0f3733268bc079a3,32,missing_knowledge
user32.dll,0x18001c730,func_pdata_0x18001c730,func_pdata_,Y,aa,28,1,0,N,N,0xa077ec79bc1e9492,32,missing_knowledge
user32.dll,0x18001c7e4,func_pdata_0x18001c7e4,func_pdata_,Y,14a,4d,1,0,N,N,0xfc438f43b43a04a8,32,missing_knowledge
user32.dll,0x18001c938,func_pdata_0x18001c938,func_pdata_,Y,10a,3c,11,0,N,N,0x91fe8c6cfee12a87,32,missing_knowledge
user32.dll,0x18001ca4c,func_pdata_0x18001ca4c,func_pdata_,Y,6c,19,17,0,N,N,0x37f03ab3767d0d62,32,missing_knowledge
user32.dll,0x18001cac0,func_pdata_0x18001cac0,func_pdata_,Y,5c,1a,0,0,N,N,0xa83e9533bb5e4427,32,missing_knowledge
user32.dll,0x18001cb24,func_pdata_0x18001cb24,func_pdata_,Y,165,4f,2,0,N,N,0xdefd8935cf87b210,32,missing_knowledge
user32.dll,0x18001cc90,func_pdata_0x18001cc90,func_pdata_,Y,8d,23,1,0,N,N,0xc82a39a2aa4892e5,32,missing_knowledge
user32.dll,0x18001cd24,func_pdata_0x18001cd24,func_pdata_,Y,f7,35,1,0,N,N,0x0a15e5b07401f0fa,32,missing_knowledge
user32.dll,0x18001ce24,func_pdata_0x18001ce24,func_pdata_,Y,46,10,1,0,N,N,0x0ff06214b6575b97,32,missing_knowledge
user32.dll,0x18001ce80,func_pdata_0x18001ce80,func_pdata_,Y,108,43,0,0,N,N,0x36014a234e423235,32,missing_knowledge
user32.dll,0x18001cf90,func_pdata_0x18001cf90,func_pdata_,Y,1d7,67,2,0,N,N,0x5e751a01f70470fb,32,missing_knowledge
user32.dll,0x18001d170,func_pdata_0x18001d170,func_pdata_,Y,224,81,0,0,N,N,0x48ea9ca06be1d6b7,32,missing_knowledge
user32.dll,0x18001d39c,func_pdata_0x18001d39c,func_pdata_,Y,a6,2d,1,0,N,N,0xf89d7b93b2d8eb6e,32,missing_knowledge
user32.dll,0x18001d44c,func_pdata_0x18001d44c,func_pdata_,Y,11f,4a,7,0,N,N,0x7665b1aa6a0a767e,32,missing_knowledge
user32.dll,0x18001d580,func_data_0x6442571136,func_data_,Y,0,0,0,0,N,N,0xb340dc601ff72738,32,discovery_failure
user32.dll,0x18001d5a0,func_pdata_0x18001d5a0,func_pdata_,Y,1e,9,0,0,N,N,0xa05fb949360956a8,32,missing_knowledge
user32.dll,0x18001d5c8,func_pdata_0x18001d5c8,func_pdata_,Y,87,1c,1,0,N,N,0x3d083aa6e76a7aff,32,missing_knowledge
user32.dll,0x18001d658,func_pdata_0x18001d658,func_pdata_,Y,27d,94,2,0,N,N,0x4e98d7176baf1ce4,32,missing_knowledge
user32.dll,0x18001d8e0,func_pdata_0x18001d8e0,func_pdata_,Y,49,13,1,0,N,N,0x8195c0723649c102,32,missing_knowledge
user32.dll,0x18001d930,func_pdata_0x18001d930,func_pdata_,Y,5b,1b,2,0,N,N,0x43b7fa5192f69b1e,32,missing_knowledge
user32.dll,0x18001d994,func_pdata_0x18001d994,func_pdata_,Y,89,27,1,0,N,N,0xa1f1ce2ef31b2114,32,missing_knowledge
user32.dll,0x18001da30,func_pdata_0x18001da30,func_pdata_,Y,2b,a,0,0,N,N,0x53082cf2c338acb7,32,missing_knowledge
user32.dll,0x18001da70,func_pdata_0x18001da70,func_pdata_,Y,39c,b9,1,0,N,N,0x2c2a845d3e115901,32,missing_knowledge
user32.dll,0x18001de14,func_pdata_0x18001de14,func_pdata_,Y,4c,f,2,0,N,N,0x3f078161c348bfa6,32,missing_knowledge
user32.dll,0x18001de68,func_pdata_0x18001de68,func_pdata_,Y,1fd,71,1,0,N,N,0x124475c61834fc2f,32,missing_knowledge
user32.dll,0x18001e070,func_pdata_0x18001e070,func_pdata_,Y,4d,15,0,0,N,N,0xa4a14ffad74fc834,32,missing_knowledge
user32.dll,0x18001e0d0,func_pdata_0x18001e0d0,func_pdata_,Y,22,9,7,0,N,N,0xcc1da8e2ca552958,32,missing_knowledge
user32.dll,0x18001e0f3,func_pdata_0x18001e0f3,func_pdata_,Y,91,21,1,0,N,N,0x71fb3199437807f6,32,missing_knowledge
user32.dll,0x18001e185,func_pdata_0x18001e185,func_pdata_,Y,0,1,0,0,N,N,0x988f3df72e691a4f,32,missing_knowledge
user32.dll,0x18001e186,func_pdata_0x18001e186,func_pdata_,Y,c6,3b,1,0,N,N,0x11af951981811716,32,missing_knowledge
user32.dll,0x18001e24d,func_pdata_0x18001e24d,func_pdata_,Y,16,7,1,0,N,N,0xa5fd8f0a08d948aa,32,missing_knowledge
user32.dll,0x18001e264,func_pdata_0x18001e264,func_pdata_,Y,36,e,1,0,N,N,0xab241569555903d6,32,missing_knowledge
user32.dll,0x18001e2a4,func_call_0x18001e2a4,func_call_,Y,13,6,4,0,N,N,0x23df1fbc26fdd8e4,32,missing_knowledge
user32.dll,0x18001e2d0,func_pdata_0x18001e2d0,func_pdata_,Y,9f,29,1,0,N,N,0xe25359b3a23368df,32,missing_knowledge
user32.dll,0x18001e380,func_pdata_0x18001e380,func_pdata_,Y,179,57,0,0,N,N,0xfc8017c73ffc50d8,32,missing_knowledge
user32.dll,0x18001e500,func_pdata_0x18001e500,func_pdata_,Y,a4,28,17,0,N,N,0xa8268b382a8df515,32,missing_knowledge
user32.dll,0x18001e5b0,func_pdata_0x18001e5b0,func_pdata_,Y,16c,60,1,0,N,N,0x42cda25ebcfaf021,32,missing_knowledge
user32.dll,0x18001e730,func_pdata_0x18001e730,func_pdata_,Y,40,e,0,0,N,N,0x7d654c5e7105ce28,32,missing_knowledge
user32.dll,0x18001e780,func_pdata_0x18001e780,func_pdata_,Y,a1,24,0,0,N,N,0x3f10cb485904ba83,32,missing_knowledge
user32.dll,0x18001e830,func_pdata_0x18001e830,func_pdata_,Y,42,d,3,0,N,N,0x6ad082b83af71c0d,32,missing_knowledge
user32.dll,0x18001e87c,func_pdata_0x18001e87c,func_pdata_,Y,d9,3b,1,0,N,N,0xdb2149df2cd0f1e2,32,missing_knowledge
user32.dll,0x18001e95c,func_pdata_0x18001e95c,func_pdata_,Y,209,8c,1,0,N,N,0xcb9a386f4d245ab7,32,missing_knowledge
user32.dll,0x18001eb70,func_pdata_0x18001eb70,func_pdata_,Y,25,9,0,0,N,N,0xd46fecaeb5e18944,32,missing_knowledge
user32.dll,0x18001eba0,func_pdata_0x18001eba0,func_pdata_,Y,bc,38,0,0,N,N,0xbc71e0b8e362e61a,32,missing_knowledge
user32.dll,0x18001ec70,func_pdata_0x18001ec70,func_pdata_,Y,55d,14c,9,0,N,N,0x1484f75a34e2c1b6,32,missing_knowledge
user32.dll,0x18001f1e0,func_pdata_0x18001f1e0,func_pdata_,Y,d0,38,1,0,N,N,0xed35334ad3501d99,32,missing_knowledge
user32.dll,0x18001f2b1,func_pdata_0x18001f2b1,func_pdata_,Y,36,a,0,0,N,N,0xe2c4cc8dbfc175ad,32,missing_knowledge
user32.dll,0x18001f2e8,func_pdata_0x18001f2e8,func_pdata_,Y,126,50,1,0,N,N,0x45bc2db5cd9d42a9,32,missing_knowledge
user32.dll,0x18001f418,func_pdata_0x18001f418,func_pdata_,Y,21d,91,3,0,N,N,0x8518505c28da5226,32,missing_knowledge
user32.dll,0x18001f63c,func_pdata_0x18001f63c,func_pdata_,Y,ce,35,5,0,N,N,0xc0a985b49ef8e4d7,32,missing_knowledge
user32.dll,0x18001f714,func_pdata_0x18001f714,func_pdata_,Y,153,61,1,0,N,N,0xb329d003379f19b2,32,missing_knowledge
user32.dll,0x18001f870,func_pdata_0x18001f870,func_pdata_,Y,ff,46,8,0,N,N,0x6dc61d930d4c9d67,32,missing_knowledge
user32.dll,0x18001f978,func_pdata_0x18001f978,func_pdata_,Y,95,2c,4,0,N,N,0xeef2a0de44a90b25,32,missing_knowledge
user32.dll,0x18001fa14,func_call_0x18001fa14,func_call_,Y,39,f,2,0,N,N,0x58d9bdc98f0351dd,32,missing_knowledge
user32.dll,0x18001fa58,func_pdata_0x18001fa58,func_pdata_,Y,198,71,1,0,N,N,0xafe8ba1976de938e,32,missing_knowledge
user32.dll,0x18001fbf8,func_pdata_0x18001fbf8,func_pdata_,Y,20,a,8,0,N,N,0x0fb9c414aede5f19,32,missing_knowledge
user32.dll,0x18001fc20,func_call_0x18001fc20,func_call_,Y,29,e,1,0,N,N,0x2c214eb20121b996,32,missing_knowledge
user32.dll,0x18001fc80,func_pdata_0x18001fc80,func_pdata_,Y,79,26,3,0,N,N,0xba8a6a81df04019a,32,missing_knowledge
user32.dll,0x18001fd00,func_pdata_0x18001fd00,func_pdata_,Y,96,2a,6,0,N,N,0xa435560b8773d59d,32,missing_knowledge
user32.dll,0x18001fda0,func_pdata_0x18001fda0,func_pdata_,Y,61,15,1,0,N,N,0xe9c2f2a1ececf5df,32,missing_knowledge
user32.dll,0x18001fe08,func_pdata_0x18001fe08,func_pdata_,Y,44,13,1,0,N,N,0x1f5a7e8a7360550c,32,missing_knowledge
user32.dll,0x18001fe60,func_pdata_0x18001fe60,func_pdata_,Y,69,1d,1,0,N,N,0x8f3ac5b26534f162,32,missing_knowledge
user32.dll,0x18001fed0,func_pdata_0x18001fed0,func_pdata_,Y,78,1f,0,0,N,N,0xb1300db1d035c238,32,missing_knowledge
user32.dll,0x18001ff50,func_pdata_0x18001ff50,func_pdata_,Y,4a,11,0,0,N,N,0x9cd5f6d85ad92da0,32,missing_knowledge
user32.dll,0x18001ffb0,func_pdata_0x18001ffb0,func_pdata_,Y,6c,1d,4,0,N,N,0x8f3ac5b26534f162,32,missing_knowledge
user32.dll,0x180020024,func_pdata_0x180020024,func_pdata_,Y,12f,4c,12,0,N,N,0x75705c2e22aaa368,32,missing_knowledge
user32.dll,0x180020160,func_pdata_0x180020160,func_pdata_,Y,f3,44,0,0,N,N,0x0c6869bbea0868e0,32,missing_knowledge
user32.dll,0x180020260,func_pdata_0x180020260,func_pdata_,Y,3b8,10f,3,0,N,N,0x19247f2f33008cff,32,missing_knowledge
user32.dll,0x180020620,func_pdata_0x180020620,func_pdata_,Y,1a7,77,6,0,N,N,0xdd63c9d0389c3018,32,missing_knowledge
user32.dll,0x1800207d0,func_pdata_0x1800207d0,func_pdata_,Y,10b,59,a,0,N,N,0xf410ed4f0fb6e779,32,missing_knowledge
user32.dll,0x1800208e4,func_pdata_0x1800208e4,func_pdata_,Y,e4,41,6,0,N,N,0x31a57320299a063c,32,missing_knowledge
user32.dll,0x1800209d0,func_pdata_0x1800209d0,func_pdata_,Y,16,6,0,0,N,N,0x8c04f8471d4e5660,32,missing_knowledge
user32.dll,0x1800209e7,func_pdata_0x1800209e7,func_pdata_,Y,74,18,0,0,N,N,0x634348795168a461,32,missing_knowledge
user32.dll,0x180020a5c,func_pdata_0x180020a5c,func_pdata_,Y,0,1,0,0,N,N,0xa9308f844f02f71d,32,missing_knowledge
user32.dll,0x180020a5d,func_pdata_0x180020a5d,func_pdata_,Y,42,2,1,0,N,N,0x794636cadfa99ff5,32,missing_knowledge
user32.dll,0x180020aa0,func_pdata_0x180020aa0,func_pdata_,Y,18,6,2,0,N,N,0x0a20a43c5cfed863,32,missing_knowledge
user32.dll,0x180020ab9,func_pdata_0x180020ab9,func_pdata_,Y,d,3,1,0,N,N,0x38352c413e36bfc9,32,missing_knowledge
user32.dll,0x180020ac7,func_pdata_0x180020ac7,func_pdata_,Y,10b,2,0,0,N,N,0x2361311bca50ae93,32,missing_knowledge
user32.dll,0x180020be0,func_data_0x6442585056,func_data_,Y,0,0,0,0,N,N,0xa4c63c0b11ee217c,32,discovery_failure
user32.dll,0x180020c10,func_pdata_0x180020c10,func_pdata_,Y,79,1e,3,0,N,N,0x8c532a444b4e7f1f,32,missing_knowledge
user32.dll,0x180020c90,func_pdata_0x180020c90,func_pdata_,Y,28,9,1,0,N,N,0x0205e93d97f8d990,32,missing_knowledge
user32.dll,0x180020cc0,func_pdata_0x180020cc0,func_pdata_,Y,7d,1c,0,0,N,N,0x0422b3fd006e4453,32,missing_knowledge
user32.dll,0x180020d3e,func_pdata_0x180020d3e,func_pdata_,Y,13a,43,0,0,N,N,0x57ab640341481403,32,missing_knowledge
user32.dll,0x180020e79,func_pdata_0x180020e79,func_pdata_,Y,3e,e,1,0,N,N,0x920cfdf347ad2454,32,missing_knowledge
user32.dll,0x180020eb8,func_pdata_0x180020eb8,func_pdata_,Y,11,4,1,1,N,N,0x922f9900bd920f76,32,missing_knowledge
user32.dll,0x180020eca,func_pdata_0x180020eca,func_pdata_,Y,9a,22,1,0,N,N,0x44fdb0664e5ebdc8,32,missing_knowledge
user32.dll,0x180020f65,func_pdata_0x180020f65,func_pdata_,Y,13,3,1,0,N,N,0x0529a1254ebc997e,32,missing_knowledge
user32.dll,0x180020f79,func_pdata_0x180020f79,func_pdata_,Y,13,3,1,0,N,N,0xa385480b6c8b2635,32,missing_knowledge
user32.dll,0x180020fa0,func_pdata_0x180020fa0,func_pdata_,Y,108,42,0,0,N,N,0x7e0eebb0df23c463,32,missing_knowledge
user32.dll,0x1800210b0,func_pdata_0x1800210b0,func_pdata_,Y,55,15,0,0,N,N,0x1a3ee19c6ed9fc92,32,missing_knowledge
user32.dll,0x180021110,func_pdata_0x180021110,func_pdata_,Y,e,3,0,0,N,N,0xb021c0f3090bef08,32,missing_knowledge
user32.dll,0x18002111f,func_pdata_0x18002111f,func_pdata_,Y,21,8,0,0,N,N,0x400c30e631f8c8e8,32,missing_knowledge
user32.dll,0x180021141,func_pdata_0x180021141,func_pdata_,Y,ce,36,2,0,N,N,0x585feecbdf52ec72,32,missing_knowledge
user32.dll,0x180021210,func_pdata_0x180021210,func_pdata_,Y,9,3,1,0,N,N,0x4cb4170041819ef5,32,missing_knowledge
user32.dll,0x18002121a,func_pdata_0x18002121a,func_pdata_,Y,15,8,0,0,N,N,0xe9524be06abcad2a,32,missing_knowledge
user32.dll,0x180021240,func_data_0x6442586688,func_data_,Y,0,0,0,0,N,N,0x0b1b3f1b58abf8b8,32,discovery_failure
user32.dll,0x180021270,func_pdata_0x180021270,func_pdata_,Y,6c,21,0,0,N,N,0x805b3ad405c582eb,32,missing_knowledge
user32.dll,0x1800212f0,func_pdata_0x1800212f0,func_pdata_,Y,d4,36,4,0,N,N,0x0d92a52c96a89cd5,32,missing_knowledge
user32.dll,0x1800213d0,func_pdata_0x1800213d0,func_pdata_,Y,151,48,8,0,N,N,0xd9bef5706304fcc0,32,missing_knowledge
user32.dll,0x180021530,func_pdata_0x180021530,func_pdata_,Y,87,20,0,0,N,N,0x12b253b92e771422,32,missing_knowledge
user32.dll,0x1800215c0,func_pdata_0x1800215c0,func_pdata_,Y,90,26,10,0,N,N,0x637a01aaf96d30d2,32,missing_knowledge
user32.dll,0x180021660,func_pdata_0x180021660,func_pdata_,Y,170,5f,0,0,N,N,0xcdada5deec624133,32,missing_knowledge
user32.dll,0x1800217e0,func_pdata_0x1800217e0,func_pdata_,Y,1d4,6f,0,0,N,N,0x18cb505743d04119,32,missing_knowledge
user32.dll,0x1800219c0,func_pdata_0x1800219c0,func_pdata_,Y,28,b,3,0,N,N,0x93397b09c023ef3a,32,missing_knowledge
user32.dll,0x1800219e9,func_pdata_0x1800219e9,func_pdata_,Y,b1,35,0,0,N,N,0x970b1b2604fb4cf9,32,missing_knowledge
user32.dll,0x180021a9b,func_pdata_0x180021a9b,func_pdata_,Y,2f,f,2,0,N,N,0xf404a814aaae67f7,32,missing_knowledge
user32.dll,0x180021acb,func_pdata_0x180021acb,func_pdata_,Y,12b,59,2,0,N,N,0xa52cabdc9648c581,32,missing_knowledge
user32.dll,0x180021bf7,func_pdata_0x180021bf7,func_pdata_,Y,9f,30,1,0,N,N,0xa05f7d8b3405581e,32,missing_knowledge
user32.dll,0x180021c97,func_pdata_0x180021c97,func_pdata_,Y,85,29,1,0,N,N,0x9eb209616bf35ae9,32,missing_knowledge
user32.dll,0x180021d30,func_pdata_0x180021d30,func_pdata_,Y,2b,b,0,0,N,N,0xfd1cd1a7db858d62,32,missing_knowledge
user32.dll,0x180021d70,func_pdata_0x180021d70,func_pdata_,Y,24,b,0,0,N,N,0xb9e09e0c55d600b7,32,missing_knowledge
user32.dll,0x180021da0,func_pdata_0x180021da0,func_pdata_,Y,28,a,0,0,N,N,0x865322e6c2049733,32,missing_knowledge
user32.dll,0x180021dd0,func_pdata_0x180021dd0,func_pdata_,Y,29,b,0,0,N,N,0x8e4ef3ba4f220234,32,missing_knowledge
user32.dll,0x180021e00,func_pdata_0x180021e00,func_pdata_,Y,2a,b,1,0,N,N,0x3567fca7ea753d94,32,missing_knowledge
user32.dll,0x180021e40,func_pdata_0x180021e40,func_pdata_,Y,74,21,7,0,N,N,0x3140ee8b1ade7487,32,missing_knowledge
user32.dll,0x180021eb5,func_pdata_0x180021eb5,func_pdata_,Y,1b,6,0,0,N,N,0xe8db5e34530be5d4,32,missing_knowledge
user32.dll,0x180021ed1,func_pdata_0x180021ed1,func_pdata_,Y,137,4f,0,0,N,N,0x928fda816556ea94,32,missing_knowledge
user32.dll,0x180022009,func_pdata_0x180022009,func_pdata_,Y,17,5,1,0,N,N,0x3a47593878e1dec3,32,missing_knowledge
user32.dll,0x180022021,func_pdata_0x180022021,func_pdata_,Y,49,1a,0,0,N,N,0x35126ba734ebfdfd,32,missing_knowledge
user32.dll,0x180022080,func_pdata_0x180022080,func_pdata_,Y,6f,18,0,0,N,N,0x8dbdbdfecfdd06d6,32,missing_knowledge
user32.dll,0x180022100,func_pdata_0x180022100,func_pdata_,Y,21,9,1,0,N,N,0x6dcc40423e922820,32,missing_knowledge
user32.dll,0x180022122,func_pdata_0x180022122,func_pdata_,Y,33,d,0,0,N,N,0xeb5809ec818d28f6,32,missing_knowledge
user32.dll,0x180022156,func_pdata_0x180022156,func_pdata_,Y,6,3,1,0,N,N,0x7df5e1fa8418866f,32,missing_knowledge
user32.dll,0x18002215d,func_pdata_0x18002215d,func_pdata_,Y,23,7,1,0,N,N,0x12bde1a39a5e94dc,32,missing_knowledge
user32.dll,0x180022190,func_pdata_0x180022190,func_pdata_,Y,e,3,0,0,N,N,0x7be79cabbe8bed10,32,missing_knowledge
user32.dll,0x18002219f,func_pdata_0x18002219f,func_pdata_,Y,21,8,0,0,N,N,0x2d4c9cb35c998100,32,missing_knowledge
user32.dll,0x1800221c1,func_pdata_0x1800221c1,func_pdata_,Y,ce,36,2,0,N,N,0xb0ecfddcde87fbc8,32,missing_knowledge
user32.dll,0x180022290,func_pdata_0x180022290,func_pdata_,Y,9,3,1,0,N,N,0xcc2a32e44f89f195,32,missing_knowledge
user32.dll,0x18002229a,func_pdata_0x18002229a,func_pdata_,Y,1b,a,0,0,N,N,0x968e3161e0e75a60,32,missing_knowledge
user32.dll,0x1800222c0,func_pdata_0x1800222c0,func_pdata_,Y,2b,a,0,0,N,N,0x009479616bda869c,32,missing_knowledge
user32.dll,0x180022300,func_pdata_0x180022300,func_pdata_,Y,69,1b,0,0,N,N,0xb6dc6398a911e37f,32,missing_knowledge
user32.dll,0x180022370,func_pdata_0x180022370,func_pdata_,Y,62,18,0,0,N,N,0x4b0f64374fdc42d5,32,missing_knowledge
user32.dll,0x1800223e0,func_pdata_0x1800223e0,func_pdata_,Y,3b,12,5,0,N,N,0xdc9ae0681d303214,32,missing_knowledge
user32.dll,0x180022424,func_pdata_0x180022424,func_pdata_,Y,72,1e,2,0,N,N,0xb1b5b6e719d799a0,32,missing_knowledge
user32.dll,0x1800224a0,func_pdata_0x1800224a0,func_pdata_,Y,50,18,1,0,N,N,0x4a58dde36076b3f6,32,missing_knowledge
user32.dll,0x1800224f8,func_pdata_0x1800224f8,func_pdata_,Y,1a1,70,2,0,N,N,0x39779001aa004661,32,missing_knowledge
user32.dll,0x1800226a0,func_pdata_0x1800226a0,func_pdata_,Y,204,84,2,0,N,N,0x0b12782cce005c59,32,missing_knowledge
user32.dll,0x1800228b0,func_data_0x6442592432,func_data_,Y,0,0,0,0,N,N,0x30adae5a7c3658ff,32,discovery_failure
user32.dll,0x1800228d0,func_pdata_0x1800228d0,func_pdata_,Y,1d6,5e,0,0,N,N,0xdd4f5893f29cd35e,32,missing_knowledge
user32.dll,0x180022ab0,func_pdata_0x180022ab0,func_pdata_,Y,cf,30,0,0,N,N,0xa90a7fc631031b05,32,missing_knowledge
user32.dll,0x180022b90,func_pdata_0x180022b90,func_pdata_,Y,ca,31,0,0,N,N,0xae0cadb9f01152eb,32,missing_knowledge
user32.dll,0x180022c70,func_pdata_0x180022c70,func_pdata_,Y,aa,26,0,0,N,N,0x5df74574665b82d3,32,missing_knowledge
user32.dll,0x180022d30,func_pdata_0x180022d30,func_pdata_,Y,72,1e,0,0,N,N,0xced14d7b9762f64d,32,missing_knowledge
user32.dll,0x180022db0,func_pdata_0x180022db0,func_pdata_,Y,102,46,0,0,N,N,0xa31c99db6efe2547,32,missing_knowledge
user32.dll,0x180022ebc,func_call_0x180022ebc,func_call_,Y,15,8,1,0,N,N,0xa1270aeb1addc08f,32,missing_knowledge
user32.dll,0x180022ee0,func_pdata_0x180022ee0,func_pdata_,Y,6a,1c,0,0,N,N,0x1f9408de2430e313,32,missing_knowledge
user32.dll,0x180022f60,func_pdata_0x180022f60,func_pdata_,Y,ad,28,0,0,N,N,0x81d369f920ef9787,32,missing_knowledge
user32.dll,0x180023020,func_pdata_0x180023020,func_pdata_,Y,182,5c,0,0,N,N,0x03f9a09afee4e67e,32,missing_knowledge
user32.dll,0x1800231b0,func_pdata_0x1800231b0,func_pdata_,Y,cb,30,0,0,N,N,0xc0f087a3c184576e,32,missing_knowledge
user32.dll,0x180023284,func_call_0x180023284,func_call_,Y,22,c,1c,0,N,N,0x49db9d3d66756ccf,32,missing_knowledge
user32.dll,0x1800232b0,func_pdata_0x1800232b0,func_pdata_,Y,1be,60,1,0,N,N,0x8cfa4f222575a0e9,32,missing_knowledge
user32.dll,0x180023478,func_call_0x180023478,func_call_,Y,33,10,4,0,N,N,0x9b5084afc0651561,32,missing_knowledge
user32.dll,0x1800234bc,func_call_0x1800234bc,func_call_,Y,11a,31,3,0,N,N,0xd8639df5115feeb2,32,missing_knowledge
user32.dll,0x1800235e0,func_data_0x6442595808,func_data_,Y,0,0,0,0,N,N,0x263d29ed686d6eaa,32,discovery_failure
user32.dll,0x180023600,func_pdata_0x180023600,func_pdata_,Y,2c2,b7,4,0,N,N,0xcc071766e5b07b72,32,missing_knowledge
user32.dll,0x1800238d0,func_pdata_0x1800238d0,func_pdata_,Y,64,18,12,0,N,Y,0x40e65b39f22f02cb,32,propagation_failure
user32.dll,0x180023940,func_pdata_0x180023940,func_pdata_,Y,12e,43,1,0,N,N,0xf7a9d698da62c080,32,missing_knowledge
user32.dll,0x180023a80,func_data_0x6442596992,func_data_,Y,0,0,0,0,N,N,0x28b268487ee4d7a6,32,discovery_failure
user32.dll,0x180023ab0,func_pdata_0x180023ab0,func_pdata_,Y,40,11,0,0,N,N,0x85a58ebf8e9dbe7b,32,missing_knowledge
user32.dll,0x180023b00,func_pdata_0x180023b00,func_pdata_,Y,ab,2d,2,0,N,N,0x15d554958bca46dd,32,missing_knowledge
user32.dll,0x180023bc0,func_data_0x6442597312,func_data_,Y,0,0,0,0,N,N,0x140728d8c052691a,32,discovery_failure
user32.dll,0x180023be0,func_pdata_0x180023be0,func_pdata_,Y,9e,2a,0,0,N,N,0x1b28825fb24e8dcf,32,missing_knowledge
user32.dll,0x180023c90,func_pdata_0x180023c90,func_pdata_,Y,2b6,b2,0,0,N,N,0xca5fc5dcb4da57e6,32,missing_knowledge
user32.dll,0x180023f50,func_data_0x6442598224,func_data_,Y,0,0,0,0,N,N,0x135a4dd2491a980e,32,discovery_failure
user32.dll,0x180023f80,func_pdata_0x180023f80,func_pdata_,Y,59,12,0,0,N,N,0xe5dde2489b6f10cb,32,missing_knowledge
user32.dll,0x180023fe0,func_data_0x6442598368,func_data_,Y,0,0,0,0,N,N,0xd33320161b5e50cb,32,discovery_failure
user32.dll,0x180023ff2,func_start_0x180023ff2,func_start_,Y,2,2,0,0,N,N,0x7633f259a399c538,32,missing_knowledge
user32.dll,0x180024000,func_call_0x180024000,func_call_,Y,1b,9,1,0,N,N,0x5aabed0b1e516818,32,missing_knowledge
user32.dll,0x18002401d,func_start_0x18002401d,func_start_,Y,2,2,1,0,N,N,0x09685513ede14f86,32,missing_knowledge
user32.dll,0x180024030,func_start_0x180024030,func_start_,Y,8,2,0,0,N,N,0xc35f27a077205804,32,missing_knowledge
user32.dll,0x180024050,func_pdata_0x180024050,func_pdata_,Y,54,13,0,0,N,N,0xcfc4e894396cf8f8,32,missing_knowledge
user32.dll,0x1800240b0,func_pdata_0x1800240b0,func_pdata_,Y,6c,17,0,0,N,N,0x2457b56af858db3b,32,missing_knowledge
user32.dll,0x180024130,func_data_0x6442598704,func_data_,Y,0,0,0,0,N,N,0x6a3332f6552acaac,32,discovery_failure
user32.dll,0x180024148,func_start_0x180024148,func_start_,Y,2,2,0,0,N,N,0x6eaaf36ba9bd3a8e,32,missing_knowledge
user32.dll,0x180024160,func_data_0x6442598752,func_data_,Y,0,0,0,0,N,N,0x34adc294039903e3,32,discovery_failure
user32.dll,0x1800241a0,func_pdata_0x1800241a0,func_pdata_,Y,57,18,a,0,N,N,0x6f8ff28ddf447a08,32,missing_knowledge
user32.dll,0x180024200,func_pdata_0x180024200,func_pdata_,Y,1a,6,0,0,N,N,0x7a0ae84a350d16a2,32,missing_knowledge
user32.dll,0x180024230,func_pdata_0x180024230,func_pdata_,Y,b0,3b,7,0,N,N,0x6f816c4e1052e343,32,missing_knowledge
user32.dll,0x1800242f0,func_pdata_0x1800242f0,func_pdata_,Y,6b,14,0,0,N,N,0x4b529b6643ea465d,32,missing_knowledge
user32.dll,0x180024370,func_data_0x6442599280,func_data_,Y,0,0,0,0,N,N,0x17590c52bc087c48,32,discovery_failure
user32.dll,0x180024390,func_pdata_0x180024390,func_pdata_,Y,54,13,0,0,N,N,0xcaef2b80120e6098,32,missing_knowledge
user32.dll,0x1800243f0,func_pdata_0x1800243f0,func_pdata_,Y,2e,a,0,0,N,N,0x242ae1827e331606,32,missing_knowledge
user32.dll,0x180024430,func_pdata_0x180024430,func_pdata_,Y,81,23,0,0,N,N,0x0bda98a89e0849b9,32,missing_knowledge
user32.dll,0x1800244c0,func_pdata_0x1800244c0,func_pdata_,Y,e5,38,0,0,N,N,0x5c5e578ea4342978,32,missing_knowledge
user32.dll,0x1800245b0,func_pdata_0x1800245b0,func_pdata_,Y,d6,40,1,0,N,N,0xb8c262f9fad660f0,32,missing_knowledge
user32.dll,0x180024690,func_pdata_0x180024690,func_pdata_,Y,29,c,0,0,N,N,0x8fc0c8ee1763bc3a,32,missing_knowledge
user32.dll,0x1800246c0,func_pdata_0x1800246c0,func_pdata_,Y,11b,4a,2a,0,N,N,0xcff4546c3fad37c4,32,missing_knowledge
user32.dll,0x1800247f0,func_pdata_0x1800247f0,func_pdata_,Y,6f,1a,0,0,N,N,0xfaefe7020908fa0d,32,missing_knowledge
user32.dll,0x180024868,func_pdata_0x180024868,func_pdata_,Y,191,5c,2,0,N,N,0xbd404b1d2215d7e6,32,missing_knowledge
user32.dll,0x180024a00,func_pdata_0x180024a00,func_pdata_,Y,4d,19,4,0,N,N,0x847447bf3e7407f1,32,missing_knowledge
user32.dll,0x180024a54,func_pdata_0x180024a54,func_pdata_,Y,5ec,155,1,0,N,N,0xc4f83ddd10dd0651,32,missing_knowledge
user32.dll,0x180025048,func_pdata_0x180025048,func_pdata_,Y,385,df,1,0,N,N,0xfe9a9b8291fc91ea,32,missing_knowledge
user32.dll,0x1800253d4,func_pdata_0x1800253d4,func_pdata_,Y,10c,49,1,0,N,N,0xaa5ffebf232dff3a,32,missing_knowledge
user32.dll,0x1800254e8,func_pdata_0x1800254e8,func_pdata_,Y,2e,e,3,0,N,N,0xccda308676836166,32,missing_knowledge
user32.dll,0x180025520,func_pdata_0x180025520,func_pdata_,Y,353,be,1,0,N,N,0x74032ebda208c6d8,32,missing_knowledge
user32.dll,0x18002587c,func_pdata_0x18002587c,func_pdata_,Y,4e,16,b,0,N,N,0x8176e30411b53a45,32,missing_knowledge
user32.dll,0x1800258d4,func_pdata_0x1800258d4,func_pdata_,Y,32c,c1,2,0,N,N,0x6f05eda63b905265,32,missing_knowledge
user32.dll,0x180025c08,func_call_0x180025c08,func_call_,Y,1c,a,2,0,N,N,0xc43975c4e38d7d0c,32,missing_knowledge
user32.dll,0x180025c26,func_start_0x180025c26,func_start_,Y,2,2,2,0,N,N,0x5adba2de4e56e876,32,missing_knowledge
user32.dll,0x180025c30,func_call_0x180025c30,func_call_,Y,19,a,4,0,N,N,0x873eda466ca27142,32,missing_knowledge
user32.dll,0x180025c4b,func_start_0x180025c4b,func_start_,Y,2,2,3,0,N,N,0xb0965d506acf7d7f,32,missing_knowledge
user32.dll,0x180025c60,func_pdata_0x180025c60,func_pdata_,Y,247,9a,0,0,N,N,0x774b77444880167c,32,missing_knowledge
user32.dll,0x180025eb0,func_pdata_0x180025eb0,func_pdata_,Y,e4,3b,3,0,N,N,0x4a3361f7e34578db,32,missing_knowledge
user32.dll,0x180025fa0,func_pdata_0x180025fa0,func_pdata_,Y,7a,20,3,0,N,N,0x36a824fef00206dc,32,missing_knowledge
user32.dll,0x180026024,func_pdata_0x180026024,func_pdata_,Y,1b9,76,1,0,N,N,0x6d18acacb4f5c5ae,32,missing_knowledge
user32.dll,0x1800261e4,func_call_0x1800261e4,func_call_,Y,28,f,2,0,N,N,0x7df164b38963e8d7,32,missing_knowledge
user32.dll,0x18002620e,func_start_0x18002620e,func_start_,Y,2,2,5,0,N,N,0xfcb75b92dbe054dc,32,missing_knowledge
user32.dll,0x180026220,func_pdata_0x180026220,func_pdata_,Y,52,13,0,0,N,N,0x41acb2e42d74665e,32,missing_knowledge
user32.dll,0x180026280,func_data_0x6442607232,func_data_,Y,0,0,0,0,N,N,0xd9759cf6cbe6c30b,32,discovery_failure
user32.dll,0x1800262c0,func_pdata_0x1800262c0,func_pdata_,Y,67,19,0,0,N,N,0xfd346b667d17b17d,32,missing_knowledge
user32.dll,0x180026330,func_pdata_0x180026330,func_pdata_,Y,165,4d,1,0,N,N,0x7bd75a7e863507dd,32,missing_knowledge
user32.dll,0x1800264a0,func_pdata_0x1800264a0,func_pdata_,Y,34,d,9,0,N,N,0x0bd934c1dc10daab,32,missing_knowledge
user32.dll,0x1800264e0,func_pdata_0x1800264e0,func_pdata_,Y,13,5,0,0,N,N,0xb3bbed9df361e9be,32,missing_knowledge
user32.dll,0x1800264fc,func_pdata_0x1800264fc,func_pdata_,Y,be,32,4,0,N,N,0x66d1c83584cc04a4,32,missing_knowledge
user32.dll,0x1800265d0,func_pdata_0x1800265d0,func_pdata_,Y,72,1e,0,0,N,N,0x7fc733ad90e89bf5,32,missing_knowledge
user32.dll,0x18002664c,func_pdata_0x18002664c,func_pdata_,Y,9c,25,5,0,N,N,0xabd13fcec8ce3d3e,32,missing_knowledge
user32.dll,0x1800266f0,func_pdata_0x1800266f0,func_pdata_,Y,34,d,0,0,N,N,0xb76745d5f687d673,32,missing_knowledge
user32.dll,0x180026730,func_data_0x6442608432,func_data_,Y,0,0,0,0,N,N,0xbd7fa7c2ec24ee0e,32,discovery_failure
user32.dll,0x180026750,func_pdata_0x180026750,func_pdata_,Y,2b,b,1,0,N,N,0xc7a25ea6e6435cff,32,missing_knowledge
user32.dll,0x180026790,func_data_0x6442608528,func_data_,Y,0,0,0,0,N,N,0x307104066cc121bd,32,discovery_failure
user32.dll,0x1800267c0,func_pdata_0x1800267c0,func_pdata_,Y,3b,c,5,0,N,N,0xcc4c0b116ab3f3f2,32,missing_knowledge
user32.dll,0x180026810,func_pdata_0x180026810,func_pdata_,Y,54,13,0,0,N,N,0x0998584f81c9cea8,32,missing_knowledge
user32.dll,0x180026870,func_pdata_0x180026870,func_pdata_,Y,5f,17,0,0,N,N,0xb4c912f58fea8687,32,missing_knowledge
user32.dll,0x1800268e0,func_pdata_0x1800268e0,func_pdata_,Y,ea,44,4,0,N,N,0xd68f5b02216f6b9a,32,missing_knowledge
user32.dll,0x1800269d4,func_pdata_0x1800269d4,func_pdata_,Y,2d,d,5,0,N,N,0xcc0f44b3ac1a52be,32,missing_knowledge
user32.dll,0x180026a08,func_pdata_0x180026a08,func_pdata_,Y,14c,4e,2,0,N,N,0x1ce2883d4aa59a89,32,missing_knowledge
user32.dll,0x180026b5c,func_pdata_0x180026b5c,func_pdata_,Y,ba,3c,3,0,N,N,0x4651b70f285951b1,32,missing_knowledge
user32.dll,0x180026c20,func_pdata_0x180026c20,func_pdata_,Y,1ba,7d,0,0,N,N,0xe1916831d578a254,32,missing_knowledge
user32.dll,0x180026de4,func_pdata_0x180026de4,func_pdata_,Y,26,a,3,0,N,N,0x9831364a5861ea14,32,missing_knowledge
user32.dll,0x180026e14,func_pdata_0x180026e14,func_pdata_,Y,7d,22,1,0,N,N,0xa21a54d1a24e611e,32,missing_knowledge
user32.dll,0x180026ea0,func_pdata_0x180026ea0,func_pdata_,Y,4b,14,0,0,N,N,0x99fa31ec5f247bd9,32,missing_knowledge
user32.dll,0x180026f00,func_data_0x6442610432,func_data_,Y,0,0,0,0,N,N,0x85f940c7cdd9165d,32,discovery_failure
user32.dll,0x180026f20,func_pdata_0x180026f20,func_pdata_,Y,4a,10,0,0,N,N,0xf3ef6ef5d9a90255,32,missing_knowledge
user32.dll,0x180026f80,func_pdata_0x180026f80,func_pdata_,Y,54,13,0,0,N,N,0x50ac9db638314490,32,missing_knowledge
user32.dll,0x180026fe0,func_pdata_0x180026fe0,func_pdata_,Y,4a,10,0,0,N,N,0xe367274e406c2b7c,32,missing_knowledge
user32.dll,0x180027040,func_pdata_0x180027040,func_pdata_,Y,22,6,0,0,N,N,0xa623094753e27df1,32,missing_knowledge
user32.dll,0x180027070,func_pdata_0x180027070,func_pdata_,Y,2a,a,0,0,N,N,0x7a3e2b63407ae84c,32,missing_knowledge
user32.dll,0x1800270b0,func_pdata_0x1800270b0,func_pdata_,Y,80,21,0,0,N,N,0x48783cd4075504ab,32,missing_knowledge
user32.dll,0x180027138,func_pdata_0x180027138,func_pdata_,Y,68,1a,2,0,N,N,0xc95190d792062955,32,missing_knowledge
user32.dll,0x1800271b0,func_pdata_0x1800271b0,func_pdata_,Y,3d,d,0,0,N,N,0x068fc3e335057032,32,missing_knowledge
user32.dll,0x180027200,func_data_0x6442611200,func_data_,Y,0,0,0,0,N,N,0x70976bbd36b900be,32,discovery_failure
user32.dll,0x180027220,func_pdata_0x180027220,func_pdata_,Y,79,1e,0,0,N,N,0xbb946a8070068d7e,32,missing_knowledge
user32.dll,0x1800272a0,func_pdata_0x1800272a0,func_pdata_,Y,45,17,1,0,N,N,0x2b1e758969d1837c,32,missing_knowledge
user32.dll,0x1800272f0,func_pdata_0x1800272f0,func_pdata_,Y,2d,c,0,0,N,N,0x06dcb71be6952250,32,missing_knowledge
user32.dll,0x180027330,func_data_0x6442611504,func_data_,Y,0,0,0,0,N,N,0x22e0b65b97da64ce,32,discovery_failure
user32.dll,0x180027344,func_pdata_0x180027344,func_pdata_,Y,164,5e,0,0,N,N,0xfc45a6f7fbeebc35,32,missing_knowledge
user32.dll,0x1800274b0,func_pdata_0x1800274b0,func_pdata_,Y,9c,26,5,0,N,N,0xae77b8e69d9e8d05,32,missing_knowledge
user32.dll,0x180027560,func_pdata_0x180027560,func_pdata_,Y,53,16,0,0,N,N,0xd931eaf14116c320,32,missing_knowledge
user32.dll,0x1800275c0,func_pdata_0x1800275c0,func_pdata_,Y,59,17,1,0,N,N,0x90896d8be5ecab3c,32,missing_knowledge
user32.dll,0x180027620,func_pdata_0x180027620,func_pdata_,Y,25,d,0,0,N,N,0xf3303400d7480153,32,missing_knowledge
user32.dll,0x180027650,func_pdata_0x180027650,func_pdata_,Y,52,13,0,0,N,N,0xb05e2304610ac690,32,missing_knowledge
user32.dll,0x1800276b0,func_pdata_0x1800276b0,func_pdata_,Y,44,10,0,0,N,N,0x81184403203cd198,32,missing_knowledge
user32.dll,0x180027700,func_data_0x6442612480,func_data_,Y,0,0,0,0,N,N,0xfe70c4d4c15e436e,32,discovery_failure
user32.dll,0x180027720,func_pdata_0x180027720,func_pdata_,Y,3f,e,0,0,N,N,0x3198dbed21779c46,32,missing_knowledge
user32.dll,0x180027770,func_pdata_0x180027770,func_pdata_,Y,89,27,1,0,N,N,0xc365630452cb2cd2,32,missing_knowledge
user32.dll,0x180027800,func_pdata_0x180027800,func_pdata_,Y,11b,48,1,0,N,N,0xf2dc252a72a31211,32,missing_knowledge
user32.dll,0x180027930,func_pdata_0x180027930,func_pdata_,Y,d1,3c,2,0,N,N,0x1f9761d283da2594,32,missing_knowledge
user32.dll,0x180027a10,func_data_0x6442613264,func_data_,Y,0,0,0,0,N,N,0x0825ccd5ab094b2b,32,discovery_failure
user32.dll,0x180027a90,func_pdata_0x180027a90,func_pdata_,Y,46,d,0,0,N,N,0x190db656751817bc,32,missing_knowledge
user32.dll,0x180027ae0,func_data_0x6442613472,func_data_,Y,0,0,0,0,N,N,0x82b1769ba757a503,32,discovery_failure
user32.dll,0x180027b00,func_pdata_0x180027b00,func_pdata_,Y,21,9,0,0,N,N,0x2b3f4d7dacc8edc2,32,missing_knowledge
user32.dll,0x180027b30,func_pdata_0x180027b30,func_pdata_,Y,3b6,110,1,0,N,N,0xd91988b2c607da50,32,missing_knowledge
user32.dll,0x180027ef0,func_call_0x180027ef0,func_call_,Y,15,a,2,0,N,N,0x401d120d5bc69ddd,32,missing_knowledge
user32.dll,0x180027f20,func_call_0x180027f20,func_call_,Y,1,1,2,0,N,N,0x8334a52c66102b28,32,missing_knowledge
user32.dll,0x180027f40,func_pdata_0x180027f40,func_pdata_,Y,1a,9,0,0,N,N,0xd9ba59521985d7ed,32,missing_knowledge
user32.dll,0x180027f70,func_pdata_0x180027f70,func_pdata_,Y,4c,10,0,0,N,N,0x288426cb8556f1d1,32,missing_knowledge
user32.dll,0x180027fc4,func_pdata_0x180027fc4,func_pdata_,Y,25,c,2,0,N,N,0xc9b4dc8f281f4a80,32,missing_knowledge
user32.dll,0x180027ff0,func_pdata_0x180027ff0,func_pdata_,Y,27,b,0,0,N,N,0x80bcf2f8f5101731,32,missing_knowledge
user32.dll,0x180028020,func_pdata_0x180028020,func_pdata_,Y,90,25,0,0,N,N,0x4e8fcf08805c8e4a,32,missing_knowledge
user32.dll,0x1800280c0,func_pdata_0x1800280c0,func_pdata_,Y,2f,d,0,0,N,N,0x9def0e742a941335,32,missing_knowledge
user32.dll,0x1800280f8,func_pdata_0x1800280f8,func_pdata_,Y,1ad,72,2,0,N,N,0xbd7cb750a4b0805f,32,missing_knowledge
user32.dll,0x1800282ac,func_call_0x1800282ac,func_call_,Y,22,a,2,0,N,N,0x0194b623f9ff322f,32,missing_knowledge
user32.dll,0x1800282e8,func_pdata_0x1800282e8,func_pdata_,Y,8f,1f,1,0,N,N,0x95ddcd7eb9af365f,32,missing_knowledge
user32.dll,0x180028380,func_pdata_0x180028380,func_pdata_,Y,57,1b,0,0,N,N,0x95d8b3dc9d7294b4,32,missing_knowledge
user32.dll,0x1800283e0,func_call_0x1800283e0,func_call_,Y,12,5,2,0,N,N,0x13b112d8a5e2b0f9,32,missing_knowledge
user32.dll,0x180028410,func_pdata_0x180028410,func_pdata_,Y,52,12,0,0,N,N,0xda4b20383d190cb8,32,missing_knowledge
user32.dll,0x180028470,func_data_0x6442615920,func_data_,Y,0,0,0,0,N,N,0xe41d57193b8c3e6c,32,discovery_failure
user32.dll,0x180028490,func_pdata_0x180028490,func_pdata_,Y,4b,f,0,0,N,N,0x52c7547b7f7e88bf,32,missing_knowledge
user32.dll,0x1800284f0,func_pdata_0x1800284f0,func_pdata_,Y,86,1b,0,0,N,N,0xe95171241d53320c,32,missing_knowledge
user32.dll,0x180028580,func_pdata_0x180028580,func_pdata_,Y,1c,a,0,0,N,N,0xe254e3d4f715e31e,32,missing_knowledge
user32.dll,0x1800285b0,func_pdata_0x1800285b0,func_pdata_,Y,2d,8,0,0,N,N,0xf30de6ddd6063c03,32,missing_knowledge
user32.dll,0x1800285f0,func_pdata_0x1800285f0,func_pdata_,Y,29,e,0,0,N,N,0x24ede7f137a4768e,32,missing_knowledge
user32.dll,0x180028620,func_data_0x6442616352,func_data_,Y,0,0,0,0,N,N,0x5666d17927de6a72,32,discovery_failure
user32.dll,0x180028640,func_pdata_0x180028640,func_pdata_,Y,3c,e,0,0,N,N,0x851d0160ae8d3484,32,missing_knowledge
user32.dll,0x180028684,func_pdata_0x180028684,func_pdata_,Y,35,f,2,0,N,N,0xac0db8e3577524d6,32,missing_knowledge
user32.dll,0x1800286c0,func_pdata_0x1800286c0,func_pdata_,Y,51,13,0,0,N,N,0x201f171f55763034,32,missing_knowledge
user32.dll,0x180028720,func_pdata_0x180028720,func_pdata_,Y,2f,e,0,0,N,N,0x9ee805506fba7c26,32,missing_knowledge
user32.dll,0x180028760,func_pdata_0x180028760,func_pdata_,Y,1c,7,0,0,N,N,0x7605ecd7f316a66a,32,missing_knowledge
user32.dll,0x180028790,func_call_0x180028790,func_call_,Y,17,6,1,0,N,N,0x1adef67a3645520b,32,missing_knowledge
user32.dll,0x1800287a9,func_start_0x1800287a9,func_start_,Y,2,2,1,0,N,N,0xe28e0c45964ae144,32,missing_knowledge
user32.dll,0x1800287b4,func_pdata_0x1800287b4,func_pdata_,Y,10f,52,3,0,N,N,0x8a2b4b6d67ccd854,32,missing_knowledge
user32.dll,0x1800288d0,func_pdata_0x1800288d0,func_pdata_,Y,59,15,1,0,N,N,0x381054c144861a41,32,missing_knowledge
user32.dll,0x180028930,func_pdata_0x180028930,func_pdata_,Y,45,14,0,0,N,N,0xaa9739941fc785f8,32,missing_knowledge
user32.dll,0x180028980,func_pdata_0x180028980,func_pdata_,Y,1d0,74,4,0,N,N,0x4d95d7faddb013e3,32,missing_knowledge
user32.dll,0x180028b60,func_pdata_0x180028b60,func_pdata_,Y,76,20,3,0,N,N,0xf637457c06edfbfb,32,missing_knowledge
user32.dll,0x180028be0,func_data_0x6442617824,func_data_,Y,0,0,0,0,N,N,0xb5ca8f6d1111b3a7,32,discovery_failure
user32.dll,0x180028c00,func_pdata_0x180028c00,func_pdata_,Y,33,b,0,0,N,N,0x62b369ddb87fc3fe,32,missing_knowledge
user32.dll,0x180028c40,func_pdata_0x180028c40,func_pdata_,Y,94,25,1,0,N,N,0x352aeb4e5262c9e8,32,missing_knowledge
user32.dll,0x180028cdc,func_pdata_0x180028cdc,func_pdata_,Y,33,e,2,0,N,N,0x3d4be384efd36ca8,32,missing_knowledge
user32.dll,0x180028d20,func_call_0x180028d20,func_call_,Y,39,11,1,0,N,N,0xc658792c990c8cae,32,missing_knowledge
user32.dll,0x180028d5b,func_start_0x180028d5b,func_start_,Y,2,2,2,0,N,N,0x37375f36a689f376,32,missing_knowledge
user32.dll,0x180028d70,func_pdata_0x180028d70,func_pdata_,Y,19b,63,0,0,N,N,0x723b408539ad88c3,32,missing_knowledge
user32.dll,0x180028f20,func_pdata_0x180028f20,func_pdata_,Y,a3,29,0,0,N,N,0x0077c50ea5c056b4,32,missing_knowledge
user32.dll,0x180028fd0,func_pdata_0x180028fd0,func_pdata_,Y,96,25,0,0,N,N,0xb1bfdde6a44cef4b,32,missing_knowledge
user32.dll,0x180029070,func_pdata_0x180029070,func_pdata_,Y,7e,1b,4,0,N,N,0xb9ae6127ca10f9af,32,missing_knowledge
user32.dll,0x180029100,func_pdata_0x180029100,func_pdata_,Y,3b,11,3,0,N,N,0x4b1a7aac4b61b00b,32,missing_knowledge
user32.dll,0x180029150,func_pdata_0x180029150,func_pdata_,Y,44,13,2,0,N,N,0x99871a9075e564e5,32,missing_knowledge
user32.dll,0x1800291a0,func_pdata_0x1800291a0,func_pdata_,Y,30,c,0,0,N,N,0xc585baef4effbaba,32,missing_knowledge
user32.dll,0x1800291e0,func_pdata_0x1800291e0,func_pdata_,Y,8f,27,0,0,N,N,0xf7a9d698da62c080,32,missing_knowledge
user32.dll,0x180029280,func_pdata_0x180029280,func_pdata_,Y,4c,12,0,0,N,N,0x6d66ba7f9bad02ee,32,missing_knowledge
user32.dll,0x1800292e0,func_pdata_0x1800292e0,func_pdata_,Y,56,14,0,0,N,N,0x8e0ff093dcfa9f52,32,missing_knowledge
user32.dll,0x180029340,func_pdata_0x180029340,func_pdata_,Y,53,12,5,0,N,N,0x8a72fd79a90534c8,32,missing_knowledge
user32.dll,0x1800293a0,func_pdata_0x1800293a0,func_pdata_,Y,87,25,0,0,N,N,0xf7a9d698da62c080,32,missing_knowledge
user32.dll,0x180029430,func_pdata_0x180029430,func_pdata_,Y,1ec,80,1,0,N,N,0x59848df88ffce8dc,32,missing_knowledge
user32.dll,0x180029630,func_pdata_0x180029630,func_pdata_,Y,81,1f,0,0,N,N,0xbc9691b8ddf12991,32,missing_knowledge
user32.dll,0x1800296c0,func_data_0x6442620608,func_data_,Y,0,0,0,0,N,N,0xf8e7f61336b35013,32,discovery_failure
user32.dll,0x1800296e0,func_pdata_0x1800296e0,func_pdata_,Y,65,1e,0,0,N,N,0xe832387eab7c7e9e,32,missing_knowledge
user32.dll,0x180029750,func_data_0x6442620752,func_data_,Y,0,0,0,0,N,N,0x05d2daba4887a922,32,discovery_failure
user32.dll,0x180029770,func_data_0x6442620784,func_data_,Y,0,0,0,0,N,N,0x9d4782bf0bd9294c,32,discovery_failure
user32.dll,0x18002978c,func_pdata_0x18002978c,func_pdata_,Y,78,1d,1,0,N,N,0x573f45c4c69e2181,32,missing_knowledge
user32.dll,0x180029810,func_data_0x6442620944,func_data_,Y,0,0,0,0,N,N,0xa072e3ea89b98b28,32,discovery_failure
user32.dll,0x180029828,func_pdata_0x180029828,func_pdata_,Y,7e,21,1,0,N,N,0xf94d9aa3920fb1d0,32,missing_knowledge
user32.dll,0x1800298b0,func_pdata_0x1800298b0,func_pdata_,Y,65,1d,2,0,N,N,0x58570484bc002b2a,32,missing_knowledge
user32.dll,0x18002991c,func_pdata_0x18002991c,func_pdata_,Y,69,1f,2,0,N,N,0x6ed00c361f3106cc,32,missing_knowledge
user32.dll,0x18002998c,func_pdata_0x18002998c,func_pdata_,Y,1f,9,2,0,N,N,0x7f0b9d6dd9ca6483,32,missing_knowledge
user32.dll,0x1800299c0,func_pdata_0x1800299c0,func_pdata_,Y,38,13,0,0,N,N,0xd92e97f0289847c2,32,missing_knowledge
user32.dll,0x180029a00,func_pdata_0x180029a00,func_pdata_,Y,8e,2f,2,0,N,N,0x61f9749687f44cb9,32,missing_knowledge
user32.dll,0x180029aa0,func_pdata_0x180029aa0,func_pdata_,Y,45,19,0,0,N,N,0x505e2acbac9ab454,32,missing_knowledge
user32.dll,0x180029af0,func_pdata_0x180029af0,func_pdata_,Y,1e,8,0,0,N,N,0x044c06dc2f42bb82,32,missing_knowledge
user32.dll,0x180029b20,func_pdata_0x180029b20,func_pdata_,Y,5e,14,1,0,N,N,0xaf81dda1bc00933b,32,missing_knowledge
user32.dll,0x180029b90,func_pdata_0x180029b90,func_pdata_,Y,dc,3c,0,0,N,N,0xd0cea6d360a17ff1,32,missing_knowledge
user32.dll,0x180029c80,func_data_0x6442622080,func_data_,Y,0,0,0,0,N,N,0x442e454262149db3,32,discovery_failure
user32.dll,0x180029ca0,func_pdata_0x180029ca0,func_pdata_,Y,69,1c,2,0,N,N,0x966666d831fc385e,32,missing_knowledge
user32.dll,0x180029d10,func_data_0x6442622224,func_data_,Y,0,0,0,0,N,N,0x30671f148a5b89c5,32,discovery_failure
user32.dll,0x180029d30,func_pdata_0x180029d30,func_pdata_,Y,2b,d,1,0,N,N,0xe0e8485b40fa03fa,32,missing_knowledge
user32.dll,0x180029d70,func_pdata_0x180029d70,func_pdata_,Y,3f,14,0,0,N,N,0x12d70f5ef2063e95,32,missing_knowledge
user32.dll,0x180029dc0,func_pdata_0x180029dc0,func_pdata_,Y,e8,3e,0,0,N,N,0xa9a4db58c8a1633c,32,missing_knowledge
user32.dll,0x180029eb0,func_data_0x6442622640,func_data_,Y,0,0,0,0,N,N,0x486598b55dcb4941,32,discovery_failure
user32.dll,0x180029ed0,func_data_0x6442622672,func_data_,Y,0,0,0,0,N,N,0x67dd5b509627d3b4,32,discovery_failure
user32.dll,0x180029ef0,func_data_0x6442622704,func_data_,Y,0,0,0,0,N,N,0x77bbb894892b610a,32,discovery_failure
user32.dll,0x180029f10,func_data_0x6442622736,func_data_,Y,0,0,0,0,N,N,0x2fd9661f3e2f4f50,32,discovery_failure
user32.dll,0x180029f20,func_pdata_0x180029f20,func_pdata_,Y,18c,69,0,0,N,N,0x8cdc23321a363bd8,32,missing_knowledge
user32.dll,0x18002a0c0,func_pdata_0x18002a0c0,func_pdata_,Y,41,10,0,0,N,N,0xfcd8e7a12e307d78,32,missing_knowledge
user32.dll,0x18002a110,func_pdata_0x18002a110,func_pdata_,Y,52,13,0,0,N,N,0x769087bfb20c077e,32,missing_knowledge
user32.dll,0x18002a170,func_pdata_0x18002a170,func_pdata_,Y,7c,1a,0,0,N,N,0x50a480954a03b53e,32,missing_knowledge
user32.dll,0x18002a200,func_data_0x6442623488,func_data_,Y,0,0,0,0,N,N,0xcc2f37ffb2ac2afb,32,discovery_failure
user32.dll,0x18002a220,func_data_0x6442623520,func_data_,Y,0,0,0,0,N,N,0x9b30a9606241d62d,32,discovery_failure
user32.dll,0x18002a240,func_pdata_0x18002a240,func_pdata_,Y,21,6,0,0,N,N,0x5b57313a74b2b70e,32,missing_knowledge
user32.dll,0x18002a270,func_pdata_0x18002a270,func_pdata_,Y,18,7,0,0,N,N,0xf4c4342d7dd0555d,32,missing_knowledge
user32.dll,0x18002a290,func_pdata_0x18002a290,func_pdata_,Y,b6,32,2,0,N,N,0x90e71526871fc1cb,32,missing_knowledge
user32.dll,0x18002a350,func_pdata_0x18002a350,func_pdata_,Y,bb,2a,c,0,N,N,0x052305118bbe70b7,32,missing_knowledge
user32.dll,0x18002a420,func_pdata_0x18002a420,func_pdata_,Y,21,9,0,0,N,N,0x2b3f4d7dacc8edc2,32,missing_knowledge
user32.dll,0x18002a450,func_pdata_0x18002a450,func_pdata_,Y,323,d8,1,0,N,N,0x0b56f706ec63973b,32,missing_knowledge
user32.dll,0x18002a77c,func_call_0x18002a77c,func_call_,Y,1,1,2,0,N,N,0x43d0c229f7bc554c,32,missing_knowledge
user32.dll,0x18002a7a4,func_call_0x18002a7a4,func_call_,Y,1e,a,2,0,N,N,0x57e544a3e80c8932,32,missing_knowledge
user32.dll,0x18002a7d0,func_pdata_0x18002a7d0,func_pdata_,Y,35,d,0,0,N,N,0xeffba9940d657867,32,missing_knowledge
user32.dll,0x18002a810,func_pdata_0x18002a810,func_pdata_,Y,24,a,0,0,N,N,0xebca4919a9add198,32,missing_knowledge
user32.dll,0x18002a840,func_data_0x6442625088,func_data_,Y,0,0,0,0,N,N,0x94e34caabc8650ce,32,discovery_failure
user32.dll,0x18002a860,func_pdata_0x18002a860,func_pdata_,Y,23,7,1,0,N,N,0xdc976deb3fd743d3,32,missing_knowledge
user32.dll,0x18002a890,func_pdata_0x18002a890,func_pdata_,Y,8b,2c,0,0,N,N,0xa945aaaa3d053ec6,32,missing_knowledge
user32.dll,0x18002a930,func_pdata_0x18002a930,func_pdata_,Y,e6,3d,1,0,N,N,0x39b3ecc9efc670bd,32,missing_knowledge
user32.dll,0x18002aa20,func_pdata_0x18002aa20,func_pdata_,Y,dd,42,0,0,N,N,0x1e988a8d8f2468f7,32,missing_knowledge
user32.dll,0x18002ab10,func_pdata_0x18002ab10,func_pdata_,Y,54,14,5,0,N,N,0x61b31dcbe97393c4,32,missing_knowledge
user32.dll,0x18002ab6c,func_call_0x18002ab6c,func_call_,Y,38,12,2,0,N,N,0x5486284c386a6339,32,missing_knowledge
user32.dll,0x18002abc0,func_data_0x6442625984,func_data_,Y,0,0,0,0,N,N,0x7f37270d4a606ef1,32,discovery_failure
user32.dll,0x18002abe0,func_pdata_0x18002abe0,func_pdata_,Y,56,17,0,0,N,N,0x6fe9558271e23582,32,missing_knowledge
user32.dll,0x18002ac40,func_pdata_0x18002ac40,func_pdata_,Y,5a,13,0,0,N,N,0x0e70b0f3a5d3c79c,32,missing_knowledge
user32.dll,0x18002acb0,func_pdata_0x18002acb0,func_pdata_,Y,187,66,2,0,N,N,0x648403886f8638e2,32,missing_knowledge
user32.dll,0x18002ae40,func_pdata_0x18002ae40,func_pdata_,Y,6c,1b,2,0,N,N,0x42c5115eaabb2fca,32,missing_knowledge
user32.dll,0x18002aec0,func_pdata_0x18002aec0,func_pdata_,Y,54,13,0,0,N,N,0x7f70005bb7a3cfc0,32,missing_knowledge
user32.dll,0x18002af20,func_start_0x18002af20,func_start_,Y,8,2,0,0,N,N,0xaf4ead71403a4710,32,missing_knowledge
user32.dll,0x18002af40,func_pdata_0x18002af40,func_pdata_,Y,54,13,0,0,N,N,0x736aee55d0a983d4,32,missing_knowledge
user32.dll,0x18002afa0,func_pdata_0x18002afa0,func_pdata_,Y,84,22,2,0,N,N,0x09d2eb36cd868ae1,32,missing_knowledge
user32.dll,0x18002b030,func_pdata_0x18002b030,func_pdata_,Y,4b,12,0,0,N,N,0x0e81333bf7ed4798,32,missing_knowledge
user32.dll,0x18002b090,func_pdata_0x18002b090,func_pdata_,Y,5d,19,0,0,N,N,0xe65f5d032d39525a,32,missing_knowledge
user32.dll,0x18002b0f4,func_pdata_0x18002b0f4,func_pdata_,Y,82,1f,1,0,N,N,0x5567b86fea02d858,32,missing_knowledge
user32.dll,0x18002b180,func_pdata_0x18002b180,func_pdata_,Y,1f,7,0,0,N,N,0xfe5de2f1cd83feab,32,missing_knowledge
user32.dll,0x18002b1b0,func_pdata_0x18002b1b0,func_pdata_,Y,68,1c,0,0,N,N,0x2f80e509c1174b7d,32,missing_knowledge
user32.dll,0x18002b220,func_pdata_0x18002b220,func_pdata_,Y,181,5e,0,0,N,N,0xdb99654f024a9b21,32,missing_knowledge
user32.dll,0x18002b3a8,func_pdata_0x18002b3a8,func_pdata_,Y,91,24,2,0,N,N,0x249dbec2d7b7495e,32,missing_knowledge
user32.dll,0x18002b440,func_pdata_0x18002b440,func_pdata_,Y,6c,19,11,0,N,N,0xd16da766ecf8d761,32,missing_knowledge
user32.dll,0x18002b4b4,func_pdata_0x18002b4b4,func_pdata_,Y,6c,19,b,0,N,N,0x93becb19acdfa1cd,32,missing_knowledge
user32.dll,0x18002b528,func_call_0x18002b528,func_call_,Y,21,a,8,0,N,N,0xa048c605da247767,32,missing_knowledge
user32.dll,0x18002b54b,func_start_0x18002b54b,func_start_,Y,2,2,2,0,N,N,0xf1f1d032d717b0f1,32,missing_knowledge
user32.dll,0x18002b560,func_data_0x6442628448,func_data_,Y,0,0,0,0,N,N,0xfd1a62e15d04a5db,32,discovery_failure
user32.dll,0x18002b57c,func_pdata_0x18002b57c,func_pdata_,Y,b4,2b,0,0,N,N,0x3e8ab7b070a7e820,32,missing_knowledge
user32.dll,0x18002b638,func_pdata_0x18002b638,func_pdata_,Y,4c,17,f,0,N,N,0x448d4e3300f5b5b9,32,missing_knowledge
user32.dll,0x18002b68c,func_call_0x18002b68c,func_call_,Y,51,17,1a,0,N,N,0x4d0c67e3900d73fd,32,missing_knowledge
user32.dll,0x18002b6f0,func_pdata_0x18002b6f0,func_pdata_,Y,cf,35,0,0,N,N,0xac1b156c1ef09c51,32,missing_knowledge
user32.dll,0x18002b7d0,func_pdata_0x18002b7d0,func_pdata_,Y,23,8,0,0,N,N,0xb5a42d509f5f4d21,32,missing_knowledge
user32.dll,0x18002b7fc,func_pdata_0x18002b7fc,func_pdata_,Y,1c1,6a,5,0,N,N,0x16da97ea15aa24e1,32,missing_knowledge
user32.dll,0x18002b9d0,func_data_0x6442629584,func_data_,Y,0,0,0,0,N,N,0x6f3270c8aa0f6396,32,discovery_failure
user32.dll,0x18002b9f0,func_data_0x6442629616,func_data_,Y,0,0,0,0,N,N,0x240bb1bd4516abb4,32,discovery_failure
user32.dll,0x18002ba10,func_data_0x6442629648,func_data_,Y,0,0,0,0,N,N,0xeeb97fa06fb9c448,32,discovery_failure
user32.dll,0x18002ba30,func_pdata_0x18002ba30,func_pdata_,Y,62,1c,0,0,N,N,0xe345665b17d685f8,32,missing_knowledge
user32.dll,0x18002baa0,func_pdata_0x18002baa0,func_pdata_,Y,2c,8,2,0,N,N,0x2590148a8e639775,32,missing_knowledge
user32.dll,0x18002bae0,func_data_0x6442629856,func_data_,Y,0,0,0,0,N,N,0xdd1a0526714a78c6,32,discovery_failure
user32.dll,0x18002bb00,func_pdata_0x18002bb00,func_pdata_,Y,8b,2c,0,0,N,N,0xa945aaaa3d053ec6,32,missing_knowledge
user32.dll,0x18002bba0,func_data_0x6442630048,func_data_,Y,0,0,0,0,N,N,0xe610c64daa5f7e88,32,discovery_failure
user32.dll,0x18002bbc0,func_data_0x6442630080,func_data_,Y,0,0,0,0,N,N,0xc26a8f34d1e39876,32,discovery_failure
user32.dll,0x18002bbe0,func_pdata_0x18002bbe0,func_pdata_,Y,42,14,0,0,N,N,0x32c9d5c354e9d2ce,32,missing_knowledge
user32.dll,0x18002bc30,func_pdata_0x18002bc30,func_pdata_,Y,2a,9,0,0,N,N,0x5fdedd4b6639b92c,32,missing_knowledge
user32.dll,0x18002bc70,func_data_0x6442630256,func_data_,Y,0,0,0,0,N,N,0xb77c3fcd5bdbbfac,32,discovery_failure
user32.dll,0x18002bc90,func_data_0x6442630288,func_data_,Y,0,0,0,0,N,N,0xda8a6fdeee17d58d,32,discovery_failure
user32.dll,0x18002bcb0,func_data_0x6442630320,func_data_,Y,0,0,0,0,N,N,0xe0d1eada83aa8a89,32,discovery_failure
user32.dll,0x18002bcd0,func_pdata_0x18002bcd0,func_pdata_,Y,13,5,0,0,N,N,0x539f66304d5504b3,32,missing_knowledge
user32.dll,0x18002bcf0,func_pdata_0x18002bcf0,func_pdata_,Y,59,18,0,0,N,N,0x75f442fc1e95b2a8,32,missing_knowledge
user32.dll,0x18002bd50,func_pdata_0x18002bd50,func_pdata_,Y,1db,79,2,0,N,N,0xf122c4e003a31752,32,missing_knowledge
user32.dll,0x18002bf34,func_pdata_0x18002bf34,func_pdata_,Y,91,25,2,0,N,N,0xcd7e06b7f0fa921e,32,missing_knowledge
user32.dll,0x18002bfcc,func_pdata_0x18002bfcc,func_pdata_,Y,78,21,4,0,N,N,0xbe8f443a8b8efd80,32,missing_knowledge
user32.dll,0x18002c050,func_data_0x6442631248,func_data_,Y,0,0,0,0,N,N,0x95958294b4c4f00e,32,discovery_failure
user32.dll,0x18002c060,func_call_0x18002c060,func_call_,Y,1d,b,a,0,N,N,0xe169fe3c65285010,32,missing_knowledge
user32.dll,0x18002c0b0,func_pdata_0x18002c0b0,func_pdata_,Y,59,1d,0,0,N,N,0xe0fd14384fbe15c4,32,missing_knowledge
user32.dll,0x18002c110,func_data_0x6442631440,func_data_,Y,0,0,0,0,N,N,0x9cf946a94fae7a03,32,discovery_failure
user32.dll,0x18002c130,func_data_0x6442631472,func_data_,Y,0,0,0,0,N,N,0xf947ec5f1cb7e5c4,32,discovery_failure
user32.dll,0x18002c150,func_data_0x6442631504,func_data_,Y,0,0,0,0,N,N,0x4b2f16e68d56a0ba,32,discovery_failure
user32.dll,0x18002c16c,func_pdata_0x18002c16c,func_pdata_,Y,e6,2f,0,0,N,N,0x9242e7b4e46da0e7,32,missing_knowledge
user32.dll,0x18002c260,func_pdata_0x18002c260,func_pdata_,Y,27,c,0,0,N,N,0xf9a5758e8832011c,32,missing_knowledge
user32.dll,0x18002c290,func_pdata_0x18002c290,func_pdata_,Y,2d,d,4,0,N,N,0x582f9b51dd85ca90,32,missing_knowledge
user32.dll,0x18002c2c4,func_pdata_0x18002c2c4,func_pdata_,Y,97,23,2,0,N,N,0x0e0d82488f2900bb,32,missing_knowledge
user32.dll,0x18002c364,func_pdata_0x18002c364,func_pdata_,Y,69,1f,2,0,N,N,0x23faba77129fc0dc,32,missing_knowledge
user32.dll,0x18002c3d4,func_pdata_0x18002c3d4,func_pdata_,Y,d5,38,1,0,N,N,0x0ead9b6bc32f1d2c,32,missing_knowledge
user32.dll,0x18002c4b0,func_data_0x6442632368,func_data_,Y,0,0,0,0,N,N,0xd3659e314a79b40a,32,discovery_failure
user32.dll,0x18002c4d0,func_pdata_0x18002c4d0,func_pdata_,Y,26,7,0,0,N,N,0x8110fc555acb08f5,32,missing_knowledge
user32.dll,0x18002c500,func_call_0x18002c500,func_call_,Y,0,1,1,0,N,N,0x8b1b19f5d800d0ed,32,missing_knowledge
user32.dll,0x18002c50b,func_jmp_0x18002c50b,func_jmp_,Y,4,3,0,0,N,N,0x94bb174d309d68f4,32,missing_knowledge
user32.dll,0x18002c51f,func_jmp_0x18002c51f,func_jmp_,Y,4,1,0,0,N,N,0xc20293718275ca49,32,missing_knowledge
user32.dll,0x18002c530,func_data_0x6442632496,func_data_,Y,0,0,0,0,N,N,0xef7d2c3054c5bda6,32,discovery_failure
user32.dll,0x18002c550,func_data_0x6442632528,func_data_,Y,0,0,0,0,N,N,0x747c3fb3fe02e102,32,discovery_failure
user32.dll,0x18002c570,func_data_0x6442632560,func_data_,Y,0,0,0,0,N,N,0x7cc0e7e418287bf4,32,discovery_failure
user32.dll,0x18002c590,func_pdata_0x18002c590,func_pdata_,Y,43,c,0,0,N,N,0x32bfd6c7aa20a9bd,32,missing_knowledge
user32.dll,0x18002c5dc,func_pdata_0x18002c5dc,func_pdata_,Y,62,13,1,0,N,N,0x03a97bd5f552b202,32,missing_knowledge
user32.dll,0x18002c650,func_data_0x6442632784,func_data_,Y,0,0,0,0,N,N,0x25b23e946ef663ca,32,discovery_failure
user32.dll,0x18002c670,func_data_0x6442632816,func_data_,Y,0,0,0,0,N,N,0x3cb12e6aafc21087,32,discovery_failure
user32.dll,0x18002c6a0,func_pdata_0x18002c6a0,func_pdata_,Y,19,7,0,0,N,N,0xd132663717d70513,32,missing_knowledge
user32.dll,0x18002c6c0,func_pdata_0x18002c6c0,func_pdata_,Y,3c,c,6,0,N,N,0x040095d3b8a6f1f9,32,missing_knowledge
user32.dll,0x18002c710,func_pdata_0x18002c710,func_pdata_,Y,86,23,0,0,N,N,0xb962cb0be3cf756e,32,missing_knowledge
user32.dll,0x18002c7a0,func_pdata_0x18002c7a0,func_pdata_,Y,8a,1a,5,0,N,N,0x77fe6256594e9f01,32,missing_knowledge
user32.dll,0x18002c840,func_pdata_0x18002c840,func_pdata_,Y,1b,4,0,0,N,N,0x7f68ba25bea95e2d,32,missing_knowledge
user32.dll,0x18002c870,func_data_0x6442633328,func_data_,Y,0,0,0,0,N,N,0x320272715959516d,32,discovery_failure
user32.dll,0x18002c890,func_pdata_0x18002c890,func_pdata_,Y,10e,3c,0,0,N,N,0xf715ba81efb90e4f,32,missing_knowledge
user32.dll,0x18002c9b0,func_pdata_0x18002c9b0,func_pdata_,Y,4a,11,0,0,N,N,0x711d937b982d1b6b,32,missing_knowledge
user32.dll,0x18002ca10,func_pdata_0x18002ca10,func_pdata_,Y,3a,b,0,0,N,N,0xec8eb9e2b40e8ced,32,missing_knowledge
user32.dll,0x18002ca60,func_pdata_0x18002ca60,func_pdata_,Y,31,9,0,0,N,N,0x06039c8ef00b9624,32,missing_knowledge
user32.dll,0x18002caa0,func_pdata_0x18002caa0,func_pdata_,Y,a2,31,0,0,N,N,0xa573c634b6450794,32,missing_knowledge
user32.dll,0x18002cb4c,func_pdata_0x18002cb4c,func_pdata_,Y,62,1d,2,0,N,N,0xa33fbaccab431ef3,32,missing_knowledge
user32.dll,0x18002cbb8,func_pdata_0x18002cbb8,func_pdata_,Y,84,1e,1,0,N,N,0x86fe4c0193238507,32,missing_knowledge
user32.dll,0x18002cc50,func_data_0x6442634320,func_data_,Y,0,0,0,0,N,N,0x0848a448d74214fe,32,discovery_failure
user32.dll,0x18002cc70,func_pdata_0x18002cc70,func_pdata_,Y,29,9,0,0,N,N,0xdff46cd9471d9b26,32,missing_knowledge
user32.dll,0x18002cca0,func_data_0x6442634400,func_data_,Y,0,0,0,0,N,N,0x9b7a7a77e53a2d69,32,discovery_failure
user32.dll,0x18002ccc0,func_pdata_0x18002ccc0,func_pdata_,Y,2b,a,0,0,N,N,0x872b385b0c6dfc30,32,missing_knowledge
user32.dll,0x18002cd00,func_pdata_0x18002cd00,func_pdata_,Y,91,22,1,0,N,N,0x945e933a029a8ca2,32,missing_knowledge
user32.dll,0x18002cd98,func_pdata_0x18002cd98,func_pdata_,Y,b4,2a,2,0,N,N,0x21e84dc9e54962a5,32,missing_knowledge
user32.dll,0x18002ce60,func_data_0x6442634848,func_data_,Y,0,0,0,0,N,N,0x773e159d718019bc,32,discovery_failure
user32.dll,0x18002ce80,func_pdata_0x18002ce80,func_pdata_,Y,5a,13,0,0,N,N,0x537190a7dad768f0,32,missing_knowledge
user32.dll,0x18002cef0,func_data_0x6442634992,func_data_,Y,0,0,0,0,N,N,0x7900be80b489f8c7,32,discovery_failure
user32.dll,0x18002cf10,func_pdata_0x18002cf10,func_pdata_,Y,47,10,0,0,N,N,0xb0562a1cfb6da1ee,32,missing_knowledge
user32.dll,0x18002cf60,func_pdata_0x18002cf60,func_pdata_,Y,6c,19,8,0,N,N,0xccfe0cc3525609a6,32,missing_knowledge
user32.dll,0x18002cfe0,func_pdata_0x18002cfe0,func_pdata_,Y,5e,1b,0,0,N,N,0xe94d9c224f4bc389,32,missing_knowledge
user32.dll,0x18002d050,func_data_0x6442635344,func_data_,Y,0,0,0,0,N,N,0x0472edae2e388c22,32,discovery_failure
user32.dll,0x18002d068,func_pdata_0x18002d068,func_pdata_,Y,50,14,1,0,N,N,0x678eeb5425a920f2,32,missing_knowledge
user32.dll,0x18002d0c0,func_pdata_0x18002d0c0,func_pdata_,Y,2d,a,3,0,N,N,0xa72d5664a03cca22,32,missing_knowledge
user32.dll,0x18002d0f4,func_call_0x18002d0f4,func_call_,Y,2b,e,2,0,N,N,0xbb2c65eaa3f9b52a,32,missing_knowledge
user32.dll,0x18002d130,func_pdata_0x18002d130,func_pdata_,Y,cf,2f,0,0,N,N,0xa0523d9f749e7d05,32,missing_knowledge
user32.dll,0x18002d210,func_pdata_0x18002d210,func_pdata_,Y,2b,8,0,0,N,N,0xa549efecbfb1ac10,32,missing_knowledge
user32.dll,0x18002d250,func_data_0x6442635856,func_data_,Y,0,0,0,0,N,N,0x59017194ac47195b,32,discovery_failure
user32.dll,0x18002d270,func_data_0x6442635888,func_data_,Y,0,0,0,0,N,N,0x1a061aa6791cb897,32,discovery_failure
user32.dll,0x18002d290,func_pdata_0x18002d290,func_pdata_,Y,85,23,0,0,N,N,0x0c0b9fcbbba1f392,32,missing_knowledge
user32.dll,0x18002d320,func_data_0x6442636064,func_data_,Y,0,0,0,0,N,N,0x598242b8483b10de,32,discovery_failure
user32.dll,0x18002d340,func_data_0x6442636096,func_data_,Y,0,0,0,0,N,N,0x82d640785c9ad933,32,discovery_failure
user32.dll,0x18002d360,func_data_0x6442636128,func_data_,Y,0,0,0,0,N,N,0xc53ca6c159b09a2b,32,discovery_failure
user32.dll,0x18002d380,func_pdata_0x18002d380,func_pdata_,Y,24,9,0,0,N,N,0x9beb82ca8638c69e,32,missing_knowledge
user32.dll,0x18002d3b0,func_data_0x6442636208,func_data_,Y,0,0,0,0,N,N,0x02737415ccfe543b,32,discovery_failure
user32.dll,0x18002d3d0,func_data_0x6442636240,func_data_,Y,0,0,0,0,N,N,0xb198d58f43e49c76,32,discovery_failure
user32.dll,0x18002d3f0,func_data_0x6442636272,func_data_,Y,0,0,0,0,N,N,0x64e0c7f19be810eb,32,discovery_failure
user32.dll,0x18002d410,func_data_0x6442636304,func_data_,Y,0,0,0,0,N,N,0x9f92cf3c8ec9f0e6,32,discovery_failure
user32.dll,0x18002d430,func_data_0x6442636336,func_data_,Y,0,0,0,0,N,N,0xd00a1dbda9333cc3,32,discovery_failure
user32.dll,0x18002d450,func_data_0x6442636368,func_data_,Y,0,0,0,0,N,N,0x75eb88cb58251ff5,32,discovery_failure
user32.dll,0x18002d470,func_pdata_0x18002d470,func_pdata_,Y,4d,11,0,0,N,N,0xcea50e6232126115,32,missing_knowledge
user32.dll,0x18002d4d0,func_pdata_0x18002d4d0,func_pdata_,Y,57,16,2,0,N,N,0x11519ec533d16116,32,missing_knowledge
user32.dll,0x18002d530,func_pdata_0x18002d530,func_pdata_,Y,7b,21,0,0,N,N,0x624b4316236439f3,32,missing_knowledge
user32.dll,0x18002d5c0,func_pdata_0x18002d5c0,func_pdata_,Y,35,d,0,0,N,N,0x1f458773e0c5cae8,32,missing_knowledge
user32.dll,0x18002d5fc,func_pdata_0x18002d5fc,func_pdata_,Y,4e,11,1,0,N,N,0xc9ec17e37e29b96f,32,missing_knowledge
user32.dll,0x18002d660,func_pdata_0x18002d660,func_pdata_,Y,23,8,0,0,N,N,0x2fba3dd3e06e5b93,32,missing_knowledge
user32.dll,0x18002d690,func_pdata_0x18002d690,func_pdata_,Y,78,17,0,0,N,N,0x70c0749e24a72a84,32,missing_knowledge
user32.dll,0x18002d710,func_data_0x6442637072,func_data_,Y,0,0,0,0,N,N,0xae099738e7195fe4,32,discovery_failure
user32.dll,0x18002d730,func_data_0x6442637104,func_data_,Y,0,0,0,0,N,N,0x3d13158c95e30129,32,discovery_failure
user32.dll,0x18002d750,func_data_0x6442637136,func_data_,Y,0,0,0,0,N,N,0xcb75e0e0a645354a,32,discovery_failure
user32.dll,0x18002d770,func_data_0x6442637168,func_data_,Y,0,0,0,0,N,N,0x6ab0d0b0f490a07f,32,discovery_failure
user32.dll,0x18002d790,func_data_0x6442637200,func_data_,Y,0,0,0,0,N,N,0xe9e08ecff68e3322,32,discovery_failure
user32.dll,0x18002d7b0,func_data_0x6442637232,func_data_,Y,0,0,0,0,N,N,0x05df3042f72d89ba,32,discovery_failure
user32.dll,0x18002d7d0,func_pdata_0x18002d7d0,func_pdata_,Y,3c,c,0,0,N,N,0x574d62bbcac7efc9,32,missing_knowledge
user32.dll,0x18002d820,func_data_0x6442637344,func_data_,Y,0,0,0,0,N,N,0x062ca8c3ae403355,32,discovery_failure
user32.dll,0x18002d840,func_data_0x6442637376,func_data_,Y,0,0,0,0,N,N,0xa5654232857218ca,32,discovery_failure
user32.dll,0x18002d860,func_data_0x6442637408,func_data_,Y,0,0,0,0,N,N,0x7c212e75fcd11e22,32,discovery_failure
user32.dll,0x18002d880,func_data_0x6442637440,func_data_,Y,0,0,0,0,N,N,0x912903b5b689454f,32,discovery_failure
user32.dll,0x18002d8a0,func_data_0x6442637472,func_data_,Y,0,0,0,0,N,N,0xa99842e470fa6d8e,32,discovery_failure
user32.dll,0x18002d8c0,func_data_0x6442637504,func_data_,Y,0,0,0,0,N,N,0x36355ce36076ad20,32,discovery_failure
user32.dll,0x18002d8e0,func_data_0x6442637536,func_data_,Y,0,0,0,0,N,N,0x178d39eb4ad24835,32,discovery_failure
user32.dll,0x18002d900,func_pdata_0x18002d900,func_pdata_,Y,26,8,0,0,N,N,0x2909c16a39b937ef,32,missing_knowledge
user32.dll,0x18002d930,func_pdata_0x18002d930,func_pdata_,Y,2c,8,0,0,N,N,0xb42c0fdf0c029629,32,missing_knowledge
user32.dll,0x18002d970,func_data_0x6442637680,func_data_,Y,0,0,0,0,N,N,0x6f9a52f57f18038d,32,discovery_failure
user32.dll,0x18002d990,func_data_0x6442637712,func_data_,Y,0,0,0,0,N,N,0x3dc83d4fb23b573b,32,discovery_failure
user32.dll,0x18002d9b0,func_data_0x6442637744,func_data_,Y,0,0,0,0,N,N,0x1caa9745c728c5e8,32,discovery_failure
user32.dll,0x18002d9d0,func_data_0x6442637776,func_data_,Y,0,0,0,0,N,N,0xe1e7c489fedc261e,32,discovery_failure
user32.dll,0x18002d9f0,func_data_0x6442637808,func_data_,Y,0,0,0,0,N,N,0x84a8b566eee80f36,32,discovery_failure
user32.dll,0x18002da10,func_data_0x6442637840,func_data_,Y,0,0,0,0,N,N,0xaa3732710a2d9d80,32,discovery_failure
user32.dll,0x18002da30,func_data_0x6442637872,func_data_,Y,0,0,0,0,N,N,0xce8fa3e86375b1d7,32,discovery_failure
user32.dll,0x18002da50,func_data_0x6442637904,func_data_,Y,0,0,0,0,N,N,0x5e83d433c5b07813,32,discovery_failure
user32.dll,0x18002da70,func_data_0x6442637936,func_data_,Y,0,0,0,0,N,N,0xc732bb6899a2fceb,32,discovery_failure
user32.dll,0x18002da80,func_data_0x6442637952,func_data_,Y,0,0,0,0,N,N,0x650c2658d978e288,32,discovery_failure
user32.dll,0x18002da90,func_data_0x6442637968,func_data_,Y,0,0,0,0,N,N,0x384b5d5a46b1a249,32,discovery_failure
user32.dll,0x18002da93,func_start_0x18002da93,func_start_,Y,2,2,0,0,N,N,0x1842a32ccebeebcb,32,missing_knowledge
user32.dll,0x18002daa0,_guard_check_icall,named,N,0,0,0,0,N,N,0x64bac0b678c57daf,32,named
user32.dll,0x18002dab0,func_start_0x18002dab0,func_start_,Y,2,2,0,0,N,N,0xdcc1e803b9f26f68,32,missing_knowledge
user32.dll,0x18002dac0,func_data_0x6442638016,func_data_,Y,0,0,0,0,N,N,0xf3d50dbb921b32d2,32,discovery_failure
user32.dll,0x18002dad0,func_data_0x6442638032,func_data_,Y,0,0,0,0,N,N,0x894193b0b9cb8fa2,32,discovery_failure
user32.dll,0x18002dae0,func_call_0x18002dae0,func_call_,Y,b,3,1,0,N,N,0x16c0e4d537649200,32,missing_knowledge
user32.dll,0x18002db00,func_data_0x6442638080,func_data_,Y,0,0,0,0,N,N,0xcb87a3b8d5ddda4b,32,discovery_failure
user32.dll,0x18002db10,func_data_0x6442638096,func_data_,Y,0,0,0,0,N,N,0x1cf172d26abd6ec7,32,discovery_failure
user32.dll,0x18002db20,func_data_0x6442638112,func_data_,Y,0,0,0,0,N,N,0xcf2d0698166bfb7d,32,discovery_failure
user32.dll,0x18002db40,func_pdata_0x18002db40,func_pdata_,Y,184,61,2,0,N,N,0x28fe8b3170bef67a,32,missing_knowledge
user32.dll,0x18002dcd0,func_pdata_0x18002dcd0,func_pdata_,Y,16f,5a,0,0,N,N,0xd7a3bc6ce6df5567,32,missing_knowledge
user32.dll,0x18002de50,func_pdata_0x18002de50,func_pdata_,Y,82,20,1,0,N,N,0xd7094c6f43345d2b,32,missing_knowledge
user32.dll,0x18002dee0,func_pdata_0x18002dee0,func_pdata_,Y,1d,7,0,0,N,N,0x65b2ee4cb13ffeed,32,missing_knowledge
user32.dll,0x18002df10,func_pdata_0x18002df10,func_pdata_,Y,6d,1f,4,0,N,N,0xaae7ba3d3cf954ba,32,missing_knowledge
user32.dll,0x18002df84,func_pdata_0x18002df84,func_pdata_,Y,14e,58,2,0,N,N,0x9027e15a2f7578df,32,missing_knowledge
user32.dll,0x18002e0e0,func_pdata_0x18002e0e0,func_pdata_,Y,4c9,118,1,0,N,N,0x0163e8d9f61b0dc8,32,missing_knowledge
user32.dll,0x18002e5b0,func_pdata_0x18002e5b0,func_pdata_,Y,37,d,0,0,N,N,0xa97600c8fad4946a,32,missing_knowledge
user32.dll,0x18002e5e8,func_pdata_0x18002e5e8,func_pdata_,Y,ce,36,2,0,N,N,0xcb1e2274b7f65fde,32,missing_knowledge
user32.dll,0x18002e6b7,func_pdata_0x18002e6b7,func_pdata_,Y,85,23,1,0,N,N,0xfa2d0f937c20d529,32,missing_knowledge
user32.dll,0x18002e750,func_pdata_0x18002e750,func_pdata_,Y,5c,17,0,0,N,N,0x2942fc1844186bae,32,missing_knowledge
user32.dll,0x18002e7c0,func_pdata_0x18002e7c0,func_pdata_,Y,b7,3c,0,0,N,N,0xd6ae4cdafe05faf8,32,missing_knowledge
user32.dll,0x18002e880,func_pdata_0x18002e880,func_pdata_,Y,46,10,0,0,N,N,0x7872b7b7d9ced5af,32,missing_knowledge
user32.dll,0x18002e8d0,func_pdata_0x18002e8d0,func_pdata_,Y,116,45,0,0,N,N,0x40c38206ec11ef4f,32,missing_knowledge
user32.dll,0x18002e9f0,func_pdata_0x18002e9f0,func_pdata_,Y,64,19,0,0,N,N,0x7f19abcd2f10fdd1,32,missing_knowledge
user32.dll,0x18002ea60,func_pdata_0x18002ea60,func_pdata_,Y,c6,37,0,0,N,N,0x05bc0ae32151dbaf,32,missing_knowledge
user32.dll,0x18002eb30,func_pdata_0x18002eb30,func_pdata_,Y,bd,34,1,0,N,N,0xf8a3435fd672ebc1,32,missing_knowledge
user32.dll,0x18002ebf4,func_pdata_0x18002ebf4,func_pdata_,Y,10c,3e,2,0,N,N,0xaad2dde347f81e8a,32,missing_knowledge
user32.dll,0x18002ed10,func_pdata_0x18002ed10,func_pdata_,Y,13,5,0,0,N,N,0xb3bbed9df361e9be,32,missing_knowledge
user32.dll,0x18002ed2c,func_pdata_0x18002ed2c,func_pdata_,Y,16e,65,2,0,N,N,0xa39706efcf4f2570,32,missing_knowledge
user32.dll,0x18002eea4,func_pdata_0x18002eea4,func_pdata_,Y,87,27,1,0,N,N,0x1a9f209bd2f2aede,32,missing_knowledge
user32.dll,0x18002ef34,func_pdata_0x18002ef34,func_pdata_,Y,123,4b,1,0,N,N,0xd8ba054effd8b599,32,missing_knowledge
user32.dll,0x18002f060,func_pdata_0x18002f060,func_pdata_,Y,48,16,0,0,N,N,0xeead883454601e9d,32,missing_knowledge
user32.dll,0x18002f0b0,func_pdata_0x18002f0b0,func_pdata_,Y,4fc,130,2,0,N,N,0x4081ad707313253c,32,missing_knowledge
user32.dll,0x18002f5b4,func_pdata_0x18002f5b4,func_pdata_,Y,3d,12,5,0,N,N,0x402c20fc710a4eec,32,missing_knowledge
user32.dll,0x18002f5f8,func_pdata_0x18002f5f8,func_pdata_,Y,218,9b,1,0,N,N,0xaebb78cc07aa7208,32,missing_knowledge
user32.dll,0x18002f818,func_call_0x18002f818,func_call_,Y,21,b,4,0,N,N,0x44d85d990018505a,32,missing_knowledge
user32.dll,0x18002f84a,func_start_0x18002f84a,func_start_,Y,2,2,2,0,N,N,0xbefa562fc44c1fab,32,missing_knowledge
user32.dll,0x18002f854,func_pdata_0x18002f854,func_pdata_,Y,85,25,1,0,N,N,0x655db7a0ca4c76d0,32,missing_knowledge
user32.dll,0x18002f8e0,func_pdata_0x18002f8e0,func_pdata_,Y,ac,2f,2,0,N,N,0xb18b4cf9f7b30239,32,missing_knowledge
user32.dll,0x18002f994,func_pdata_0x18002f994,func_pdata_,Y,15d,5d,3,0,N,N,0x363ff7cbe5dd89d4,32,missing_knowledge
user32.dll,0x18002faf8,func_pdata_0x18002faf8,func_pdata_,Y,128,46,1,0,N,N,0x52df39f3ce78943e,32,missing_knowledge
user32.dll,0x18002fc28,func_pdata_0x18002fc28,func_pdata_,Y,105,42,2,0,N,N,0x31756e2ded9de841,32,missing_knowledge
user32.dll,0x18002fd34,func_pdata_0x18002fd34,func_pdata_,Y,1fa,7d,3,0,N,N,0xd322a131d474f63a,32,missing_knowledge
user32.dll,0x18002ff38,func_pdata_0x18002ff38,func_pdata_,Y,61,1b,2,0,N,N,0xe2d314b55393ecce,32,missing_knowledge
user32.dll,0x18002ffa0,func_call_0x18002ffa0,func_call_,Y,12,6,f,0,N,N,0x1f7a2d750c012cea,32,missing_knowledge
user32.dll,0x18002ffbc,func_pdata_0x18002ffbc,func_pdata_,Y,50,18,2,0,N,N,0xda0509506e6e80e6,32,missing_knowledge
user32.dll,0x180030014,func_pdata_0x180030014,func_pdata_,Y,45,13,5,0,N,N,0x976ccb3bbea69dd7,32,missing_knowledge
user32.dll,0x180030060,func_pdata_0x180030060,func_pdata_,Y,17e,5c,6,0,N,N,0x0d6451783cb549cd,32,missing_knowledge
user32.dll,0x1800301e8,func_pdata_0x1800301e8,func_pdata_,Y,47,14,3,0,N,N,0x6f25bfe7bf00b606,32,missing_knowledge
user32.dll,0x180030238,func_pdata_0x180030238,func_pdata_,Y,63,1d,2,0,N,N,0x8ef92576f01c4973,32,missing_knowledge
user32.dll,0x1800302a4,func_pdata_0x1800302a4,func_pdata_,Y,81,24,3,0,N,N,0x0d11b5a9b3e884af,32,missing_knowledge
user32.dll,0x180030330,func_pdata_0x180030330,func_pdata_,Y,da,34,0,0,N,N,0xa126484a1c1c0561,32,missing_knowledge
user32.dll,0x180030420,func_pdata_0x180030420,func_pdata_,Y,78,1c,0,0,N,N,0x544a7177aff207a0,32,missing_knowledge
user32.dll,0x1800304a0,func_pdata_0x1800304a0,func_pdata_,Y,224,89,3,0,N,N,0x175d54770d72ded0,32,missing_knowledge
user32.dll,0x1800306cc,func_pdata_0x1800306cc,func_pdata_,Y,ed,42,7,0,N,N,0x156b1776465599fc,32,missing_knowledge
user32.dll,0x1800307c0,func_pdata_0x1800307c0,func_pdata_,Y,1d,7,0,0,N,N,0x60fa127454f3da21,32,missing_knowledge
user32.dll,0x1800307e4,func_pdata_0x1800307e4,func_pdata_,Y,121,51,2,0,N,N,0xaf7519196e9e7d34,32,missing_knowledge
user32.dll,0x180030910,func_pdata_0x180030910,func_pdata_,Y,4e,14,0,0,N,N,0x9f7e64ec33db8e44,32,missing_knowledge
user32.dll,0x180030970,func_pdata_0x180030970,func_pdata_,Y,f5,3e,0,0,N,N,0xbd5c5c94823663bd,32,missing_knowledge
user32.dll,0x180030a70,func_pdata_0x180030a70,func_pdata_,Y,5c,16,0,0,N,N,0x0eb5d0e678a5140f,32,missing_knowledge
user32.dll,0x180030ae0,func_pdata_0x180030ae0,func_pdata_,Y,65,1a,0,0,N,N,0x27c6e503c682b32b,32,missing_knowledge
user32.dll,0x180030b50,func_pdata_0x180030b50,func_pdata_,Y,a7,30,0,0,N,N,0xdf6ab78bf7007542,32,missing_knowledge
user32.dll,0x180030c00,func_data_0x6442650624,func_data_,Y,0,0,0,0,N,N,0xd521a4b0e0b63c35,32,discovery_failure
user32.dll,0x180030c20,func_pdata_0x180030c20,func_pdata_,Y,1a6,72,2,0,N,N,0xe1c70dd1827abbd9,32,missing_knowledge
user32.dll,0x180030dd0,func_pdata_0x180030dd0,func_pdata_,Y,ad,2e,3,0,N,N,0x574511b7d7183a6f,32,missing_knowledge
user32.dll,0x180030e90,func_pdata_0x180030e90,func_pdata_,Y,c1,2f,0,0,N,N,0x7a2aea5821b4c770,32,missing_knowledge
user32.dll,0x180030f60,func_pdata_0x180030f60,func_pdata_,Y,21,8,0,0,N,N,0x8f68a2d45f403b47,32,missing_knowledge
user32.dll,0x180030f90,func_pdata_0x180030f90,func_pdata_,Y,4d,10,3,0,N,N,0x689d6bf48080aa64,32,missing_knowledge
user32.dll,0x180030fe4,func_pdata_0x180030fe4,func_pdata_,Y,163,62,2,0,N,N,0x33a6cadc83141fb1,32,missing_knowledge
user32.dll,0x180031150,func_pdata_0x180031150,func_pdata_,Y,39,d,0,0,N,N,0x3336a869bf369ca0,32,missing_knowledge
user32.dll,0x180031190,func_pdata_0x180031190,func_pdata_,Y,9f,23,1,0,N,N,0xd3237fc59d668557,32,missing_knowledge
user32.dll,0x180031238,func_pdata_0x180031238,func_pdata_,Y,d1,2b,2,0,N,N,0x0acc6cfe7640fc11,32,missing_knowledge
user32.dll,0x180031310,func_pdata_0x180031310,func_pdata_,Y,90,24,0,0,N,N,0x053402e50bf73434,32,missing_knowledge
user32.dll,0x1800313a8,func_pdata_0x1800313a8,func_pdata_,Y,f5,44,1,0,N,N,0x6d615739b80259f0,32,missing_knowledge
user32.dll,0x1800314a4,func_pdata_0x1800314a4,func_pdata_,Y,13f,41,1,0,N,N,0xa5fd802bfb82eff4,32,missing_knowledge
user32.dll,0x1800315ec,func_pdata_0x1800315ec,func_pdata_,Y,8b,25,1,0,N,N,0x6e262bd671f6616a,32,missing_knowledge
user32.dll,0x180031680,func_pdata_0x180031680,func_pdata_,Y,ea,47,2,0,N,N,0x9612434db8935ff5,32,missing_knowledge
user32.dll,0x180031774,func_pdata_0x180031774,func_pdata_,Y,9a,2a,3,0,N,N,0xc0df514a6b9edaf4,32,missing_knowledge
user32.dll,0x180031820,func_pdata_0x180031820,func_pdata_,Y,3a,b,0,0,N,N,0x3daae2d6be94658e,32,missing_knowledge
user32.dll,0x180031870,func_pdata_0x180031870,func_pdata_,Y,54,13,0,0,N,N,0x1f14606bc61d2130,32,missing_knowledge
user32.dll,0x1800318d0,func_pdata_0x1800318d0,func_pdata_,Y,64,17,0,0,N,N,0xbdd8c653e4d1b920,32,missing_knowledge
user32.dll,0x180031940,func_pdata_0x180031940,func_pdata_,Y,9d,33,0,0,N,N,0x4d52c4028f008af1,32,missing_knowledge
user32.dll,0x1800319f0,func_pdata_0x1800319f0,func_pdata_,Y,47,11,0,0,N,N,0xc6d393459872d879,32,missing_knowledge
user32.dll,0x180031a40,func_pdata_0x180031a40,func_pdata_,Y,b3,30,1,0,N,N,0x171c0c314ce0b6c2,32,missing_knowledge
user32.dll,0x180031b00,func_pdata_0x180031b00,func_pdata_,Y,8a,26,0,0,N,N,0xace96afe8a516198,32,missing_knowledge
user32.dll,0x180031ba0,func_pdata_0x180031ba0,func_pdata_,Y,dc,38,1,0,N,N,0xab6421122c04d057,32,missing_knowledge
user32.dll,0x180031c84,func_pdata_0x180031c84,func_pdata_,Y,fd,40,1,0,N,N,0xf2dc252a72a31211,32,missing_knowledge
user32.dll,0x180031d90,func_pdata_0x180031d90,func_pdata_,Y,33,b,0,0,N,N,0xa3e5ee2dd4372782,32,missing_knowledge
user32.dll,0x180031dcc,func_pdata_0x180031dcc,func_pdata_,Y,ca,38,6,0,N,N,0x4308304d09794104,32,missing_knowledge
user32.dll,0x180031ea0,func_pdata_0x180031ea0,func_pdata_,Y,4b,12,0,0,N,N,0x6d66f97f9bad6dfb,32,missing_knowledge
user32.dll,0x180031f00,func_pdata_0x180031f00,func_pdata_,Y,2f,b,0,0,N,N,0x895418a4a85c60fd,32,missing_knowledge
user32.dll,0x180031f40,func_pdata_0x180031f40,func_pdata_,Y,63,1e,0,0,N,N,0x33c147f4c42bbd76,32,missing_knowledge
user32.dll,0x180031fb0,func_pdata_0x180031fb0,func_pdata_,Y,65,13,0,0,N,N,0xa4e80337fd5aaefe,32,missing_knowledge
user32.dll,0x180032020,func_pdata_0x180032020,func_pdata_,Y,a7,32,1,0,N,N,0x21bcee00d30dbdfc,32,missing_knowledge
user32.dll,0x1800320d0,func_pdata_0x1800320d0,func_pdata_,Y,11f,4f,1,0,N,N,0xb4069e0bf47b5bef,32,missing_knowledge
user32.dll,0x1800321f8,func_pdata_0x1800321f8,func_pdata_,Y,5a,1b,2,0,N,N,0xbecb59772fd73c07,32,missing_knowledge
user32.dll,0x18003225c,func_pdata_0x18003225c,func_pdata_,Y,d3,3c,2,0,N,N,0x10814052cab4c9e9,32,missing_knowledge
user32.dll,0x180032340,func_pdata_0x180032340,func_pdata_,Y,b9,35,0,0,N,N,0xe61c9738dd73e184,32,missing_knowledge
user32.dll,0x180032400,func_pdata_0x180032400,func_pdata_,Y,d5,3c,1,0,N,N,0x9e65c402a9098d90,32,missing_knowledge
user32.dll,0x1800324e0,func_pdata_0x1800324e0,func_pdata_,Y,f8,3d,0,0,N,N,0x7e985197951fb3bc,32,missing_knowledge
user32.dll,0x1800325e0,func_pdata_0x1800325e0,func_pdata_,Y,1b1,72,2,0,N,N,0x1dab50f56b6877b8,32,missing_knowledge
user32.dll,0x180032798,func_call_0x180032798,func_call_,Y,33,d,2,0,N,N,0xee72d445ab2fbff6,32,missing_knowledge
user32.dll,0x1800327f0,func_pdata_0x1800327f0,func_pdata_,Y,172,5b,2,0,N,N,0x2e64fae9f120dc8b,32,missing_knowledge
user32.dll,0x180032970,func_pdata_0x180032970,func_pdata_,Y,75,1f,0,0,N,N,0xb1300db1d035c238,32,missing_knowledge
user32.dll,0x1800329f0,func_pdata_0x1800329f0,func_pdata_,Y,2c,c,0,0,N,N,0x3bf9dc4ae3ece6f5,32,missing_knowledge
user32.dll,0x180032a30,func_data_0x6442658352,func_data_,Y,0,0,0,0,N,N,0xb0335bdefc28bfa9,32,discovery_failure
user32.dll,0x180032a44,func_pdata_0x180032a44,func_pdata_,Y,7b,25,1,0,N,N,0x2ba8c1d659672846,32,missing_knowledge
user32.dll,0x180032ad0,func_pdata_0x180032ad0,func_pdata_,Y,61,14,0,0,N,N,0x5972924cef6fb984,32,missing_knowledge
user32.dll,0x180032b40,func_pdata_0x180032b40,func_pdata_,Y,24,8,0,0,N,N,0x8baa83608114a136,32,missing_knowledge
user32.dll,0x180032b70,func_start_0x180032b70,func_start_,Y,8,2,0,0,N,N,0x17e73eee57993300,32,missing_knowledge
user32.dll,0x180032b90,func_data_0x6442658704,func_data_,Y,0,0,0,0,N,N,0x2c4133001057efdf,32,discovery_failure
user32.dll,0x180032bc0,func_pdata_0x180032bc0,func_pdata_,Y,7c,1e,0,0,N,N,0xb3851b8a6a6f29bc,32,missing_knowledge
user32.dll,0x180032c50,func_pdata_0x180032c50,func_pdata_,Y,2d,b,0,0,N,N,0x8756a3fe57175d22,32,missing_knowledge
user32.dll,0x180032c90,func_pdata_0x180032c90,func_pdata_,Y,5d,17,0,0,N,N,0xea987ee667fa8ff1,32,missing_knowledge
user32.dll,0x180032d00,func_data_0x6442659072,func_data_,Y,0,0,0,0,N,N,0xedc96b2e301e7a15,32,discovery_failure
user32.dll,0x180032d20,func_pdata_0x180032d20,func_pdata_,Y,cf,28,0,0,N,N,0x4fd89136c362e74e,32,missing_knowledge
user32.dll,0x180032e00,func_pdata_0x180032e00,func_pdata_,Y,82,21,0,0,N,N,0x882d25523ca1d73c,32,missing_knowledge
user32.dll,0x180032e90,func_pdata_0x180032e90,func_pdata_,Y,39,11,1,0,N,N,0x61d6a23c5c2cd807,32,missing_knowledge
user32.dll,0x180032ed0,func_pdata_0x180032ed0,func_pdata_,Y,68,1a,1,0,N,N,0x8adde51d2fafe514,32,missing_knowledge
user32.dll,0x180032f40,func_data_0x6442659648,func_data_,Y,0,0,0,0,N,N,0x664692eab212a44a,32,discovery_failure
user32.dll,0x180032f60,func_pdata_0x180032f60,func_pdata_,Y,1b,8,0,0,N,N,0xe838e9138450b809,32,missing_knowledge
user32.dll,0x180032f90,func_pdata_0x180032f90,func_pdata_,Y,73,1f,0,0,N,N,0x78839b3a879a129e,32,missing_knowledge
user32.dll,0x180033010,func_pdata_0x180033010,func_pdata_,Y,44,e,0,0,N,N,0xc8d0f5303b8624ac,32,missing_knowledge
user32.dll,0x18003305c,func_pdata_0x18003305c,func_pdata_,Y,4d,19,1,0,N,N,0xa108579cb5b89570,32,missing_knowledge
user32.dll,0x1800330b0,func_data_0x6442660016,func_data_,Y,0,0,0,0,N,N,0xbf1e779b381a27ba,32,discovery_failure
user32.dll,0x1800330d0,func_pdata_0x1800330d0,func_pdata_,Y,20,9,0,0,N,N,0x133b4e3be7b0843e,32,missing_knowledge
user32.dll,0x180033100,func_data_0x6442660096,func_data_,Y,0,0,0,0,N,N,0xed997440b9ab3fd6,32,discovery_failure
user32.dll,0x180033120,func_data_0x6442660128,func_data_,Y,0,0,0,0,N,N,0x45fafac8d79215e0,32,discovery_failure
user32.dll,0x180033140,func_data_0x6442660160,func_data_,Y,0,0,0,0,N,N,0xa522345461787b3f,32,discovery_failure
user32.dll,0x180033160,func_data_0x6442660192,func_data_,Y,0,0,0,0,N,N,0x4a74d65d5ca1285f,32,discovery_failure
user32.dll,0x180033180,func_data_0x6442660224,func_data_,Y,0,0,0,0,N,N,0x0f2b79a27b0ba033,32,discovery_failure
user32.dll,0x1800331a0,func_data_0x6442660256,func_data_,Y,0,0,0,0,N,N,0x5988071b695e4cc0,32,discovery_failure
user32.dll,0x1800331bc,func_pdata_0x1800331bc,func_pdata_,Y,5b,19,3,0,N,N,0x751835d992b83e92,32,missing_knowledge
user32.dll,0x180033220,func_data_0x6442660384,func_data_,Y,0,0,0,0,N,N,0x6e858e4cdc8f7279,32,discovery_failure
user32.dll,0x180033270,func_pdata_0x180033270,func_pdata_,Y,dd,3a,0,0,N,N,0x589852d75d3cfbf6,32,missing_knowledge
user32.dll,0x180033360,func_pdata_0x180033360,func_pdata_,Y,7a,22,3,0,N,N,0xcf4059e01866bf04,32,missing_knowledge
user32.dll,0x1800333f0,func_pdata_0x1800333f0,func_pdata_,Y,16e,5e,1,0,N,N,0x93c5b0a0c33599d4,32,missing_knowledge
user32.dll,0x180033568,func_pdata_0x180033568,func_pdata_,Y,1b2,69,1,0,N,N,0xed162e071cdc9884,32,missing_knowledge
user32.dll,0x180033724,func_pdata_0x180033724,func_pdata_,Y,11a,46,1,0,N,N,0x997398650e4e838d,32,missing_knowledge
user32.dll,0x180033848,func_pdata_0x180033848,func_pdata_,Y,6b,1d,2,0,N,N,0xc329ca0a2f009b14,32,missing_knowledge
user32.dll,0x1800338c0,func_pdata_0x1800338c0,func_pdata_,Y,68b,1a6,3,0,N,N,0x6d0f8531534baa63,32,missing_knowledge
user32.dll,0x180033f54,func_pdata_0x180033f54,func_pdata_,Y,1c3,75,1,0,N,N,0x897c94688956138a,32,missing_knowledge
user32.dll,0x180034120,func_pdata_0x180034120,func_pdata_,Y,f4,32,1,0,N,N,0x7f72e791436084ba,32,missing_knowledge
user32.dll,0x18003421c,func_pdata_0x18003421c,func_pdata_,Y,a5,20,1,0,N,N,0xea2542e57cd9db57,32,missing_knowledge
user32.dll,0x1800342c8,func_pdata_0x1800342c8,func_pdata_,Y,2b,d,2,0,N,N,0x4474bd2a9c98ee19,32,missing_knowledge
user32.dll,0x180034310,__security_check_cookie,named,N,1d,8,11c,0,N,Y,0x26b9ffac89f80cd1,32,named
user32.dll,0x180034334,func_pdata_0x180034334,func_pdata_,Y,33,d,1,0,N,N,0xf3dae3e60a3ba931,32,missing_knowledge
user32.dll,0x180034370,func_pdata_0x180034370,func_pdata_,Y,144,38,1,0,N,Y,0x87f0ca5ddf55ae52,32,propagation_failure
user32.dll,0x1800344bc,func_pdata_0x1800344bc,func_pdata_,Y,12,5,2,0,N,N,0xce0496469cb29a98,32,missing_knowledge
user32.dll,0x1800344d8,func_pdata_0x1800344d8,func_pdata_,Y,85,17,1,0,N,N,0x55fd3daba95df1e7,32,missing_knowledge
user32.dll,0x180034564,func_pdata_0x180034564,func_pdata_,Y,17,7,1,0,N,N,0x728545bf52e8d89d,32,missing_knowledge
user32.dll,0x180034584,func_pdata_0x180034584,func_pdata_,Y,ca,30,1,0,N,N,0x74bcbd7e5ac94fd9,32,missing_knowledge
user32.dll,0x180034f30,NtUserGetUniformSpaceMapping,named,N,5,1,1,0,N,N,0x62abd79d595c41e5,32,named
user32.dll,0x180035933,func_jmp_0x180035933,func_jmp_,Y,4,1,0,0,N,N,0xcf711cc0508f1ead,32,missing_knowledge
user32.dll,0x180035943,func_jmp_0x180035943,func_jmp_,Y,4,1,0,0,N,N,0xbea6e2062b8e187d,32,missing_knowledge
user32.dll,0x180035953,func_jmp_0x180035953,func_jmp_,Y,4,1,0,0,N,N,0x09419c3326cd08ad,32,missing_knowledge
user32.dll,0x180035963,func_jmp_0x180035963,func_jmp_,Y,4,1,0,0,N,N,0xc35f57e9fe786edd,32,missing_knowledge
user32.dll,0x180035973,func_jmp_0x180035973,func_jmp_,Y,4,1,0,0,N,N,0x6529f14459e4c1ad,32,missing_knowledge
user32.dll,0x180035983,func_jmp_0x180035983,func_jmp_,Y,4,1,0,0,N,N,0x7ce78b4527abd1fd,32,missing_knowledge
user32.dll,0x1800359a3,func_jmp_0x1800359a3,func_jmp_,Y,4,1,0,0,N,N,0x226df6a578a4b71d,32,missing_knowledge
user32.dll,0x1800359b3,func_jmp_0x1800359b3,func_jmp_,Y,4,1,0,0,N,N,0x4c1d4860ff74032d,32,missing_knowledge
user32.dll,0x1800359c3,func_jmp_0x1800359c3,func_jmp_,Y,4,1,0,0,N,N,0x72481fd628bd39d4,32,missing_knowledge
user32.dll,0x180035c2c,__C_specific_handler,named,N,5,1,1,0,N,N,0x7a12e650b0361780,32,named
user32.dll,0x180035c38,EventUnregister,named,N,5,1,1,0,N,N,0x6775458d14aeb0a3,32,named
user32.dll,0x180035c44,EventRegister,named,N,5,1,1,0,N,N,0x83592deb75a575c4,32,named
user32.dll,0x180035c50,func_start_0x180035c50,func_start_,Y,b,2,0,0,N,N,0xdab6342a2b622d73,32,missing_knowledge
user32.dll,0x180035c5c,func_pdata_0x180035c5c,func_pdata_,Y,76,16,6,0,N,N,0xa7f5b3d908f937ab,32,missing_knowledge
user32.dll,0x180035cdb,func_start_0x180035cdb,func_start_,Y,b,2,0,0,N,N,0x35fb14ef3feebd6a,32,missing_knowledge
user32.dll,0x180035ced,func_start_0x180035ced,func_start_,Y,b,2,0,0,N,N,0x59570956a31d4d4b,32,missing_knowledge
user32.dll,0x180035cf9,func_pdata_0x180035cf9,func_pdata_,Y,76,16,2,0,N,N,0xa7f5b3d908f937ab,32,missing_knowledge
user32.dll,0x180035d78,func_start_0x180035d78,func_start_,Y,b,2,0,0,N,N,0x8077432805879a3f,32,missing_knowledge
user32.dll,0x180035d8a,func_start_0x180035d8a,func_start_,Y,b,2,0,0,N,N,0x45be91ab346d892d,32,missing_knowledge
user32.dll,0x180035d9c,func_start_0x180035d9c,func_start_,Y,b,2,0,0,N,N,0x90736c3f2655d10d,32,missing_knowledge
user32.dll,0x180035dae,func_start_0x180035dae,func_start_,Y,b,2,0,0,N,N,0x85c946edb75e046d,32,missing_knowledge
user32.dll,0x180035dc0,func_start_0x180035dc0,func_start_,Y,b,2,0,0,N,N,0x6f60991cda5878bc,32,missing_knowledge
user32.dll,0x180035dd2,func_start_0x180035dd2,func_start_,Y,b,2,0,0,N,N,0x4616800912893cbf,32,missing_knowledge
user32.dll,0x180035dde,func_pdata_0x180035dde,func_pdata_,Y,76,16,2,0,N,N,0xa7f5b3d908f937ab,32,missing_knowledge
user32.dll,0x180035e5d,func_start_0x180035e5d,func_start_,Y,b,2,0,0,N,N,0xa7608608279f39d1,32,missing_knowledge
user32.dll,0x180035e6f,func_start_0x180035e6f,func_start_,Y,b,2,0,0,N,N,0xc2600ef1ee1acf5f,32,missing_knowledge
user32.dll,0x180035e7b,func_pdata_0x180035e7b,func_pdata_,Y,76,16,1,0,N,N,0xa7f5b3d908f937ab,32,missing_knowledge
user32.dll,0x180035efa,func_start_0x180035efa,func_start_,Y,b,2,0,0,N,N,0x1a2a501ca2811034,32,missing_knowledge
user32.dll,0x180035f06,func_pdata_0x180035f06,func_pdata_,Y,76,16,3,0,N,N,0xa7f5b3d908f937ab,32,missing_knowledge
user32.dll,0x180035f85,func_start_0x180035f85,func_start_,Y,b,2,0,0,N,N,0x308b2fa45aac260d,32,missing_knowledge
user32.dll,0x180035f97,func_start_0x180035f97,func_start_,Y,b,2,0,0,N,N,0x289aea1818101de8,32,missing_knowledge
user32.dll,0x180035fac,func_pdata_0x180035fac,func_pdata_,Y,4d,18,2,0,N,N,0x2fd79f428606e21c,32,missing_knowledge
user32.dll,0x180036000,func_start_0x180036000,func_start_,Y,b,2,0,0,N,N,0x0b46af0964553dbf,32,missing_knowledge
user32.dll,0x18003600c,func_pdata_0x18003600c,func_pdata_,Y,76,16,a,0,N,N,0xa7f5b3d908f937ab,32,missing_knowledge
user32.dll,0x18003608b,func_start_0x18003608b,func_start_,Y,b,2,0,0,N,N,0xc09fecaebdb444fd,32,missing_knowledge
user32.dll,0x18003609d,func_start_0x18003609d,func_start_,Y,b,2,0,0,N,N,0x21295a26416523e9,32,missing_knowledge
user32.dll,0x1800360af,func_start_0x1800360af,func_start_,Y,b,2,0,0,N,N,0x22ada87c1701017a,32,missing_knowledge
user32.dll,0x1800360c1,func_start_0x1800360c1,func_start_,Y,b,2,0,0,N,N,0x2c7f02b1cc17d345,32,missing_knowledge
user32.dll,0x1800360d3,func_start_0x1800360d3,func_start_,Y,b,2,0,0,N,N,0x6659fd22a90695b5,32,missing_knowledge
user32.dll,0x1800360e5,func_start_0x1800360e5,func_start_,Y,b,2,0,0,N,N,0x116601d0758a09bd,32,missing_knowledge
user32.dll,0x1800360f7,func_start_0x1800360f7,func_start_,Y,b,2,0,0,N,N,0xe7dfcfe56d4876f2,32,missing_knowledge
user32.dll,0x180036109,func_start_0x180036109,func_start_,Y,b,2,0,0,N,N,0xe8910b168665c71d,32,missing_knowledge
user32.dll,0x18003611b,func_start_0x18003611b,func_start_,Y,b,2,0,0,N,N,0x252f57acac2250a2,32,missing_knowledge
user32.dll,0x180036130,ApiSetQueryApiSetPresence,named,N,5,1,1,0,N,N,0xcdcfa99736978510,32,named
user32.dll,0x18003613c,func_call_0x18003613c,func_call_,Y,11,5,4,0,N,N,0x94613103bbe8d187,32,missing_knowledge
user32.dll,0x18003614e,func_start_0x18003614e,func_start_,Y,2,2,0,0,N,N,0x36b6fffa6dda6b31,32,missing_knowledge
user32.dll,0x18003615c,func_call_0x18003615c,func_call_,Y,11,5,4,0,N,N,0xad3a9267b84a12c9,32,missing_knowledge
user32.dll,0x18003616e,func_start_0x18003616e,func_start_,Y,2,2,0,0,N,N,0xf76b41a4b88d9c1e,32,missing_knowledge
user32.dll,0x18003617c,func_call_0x18003617c,func_call_,Y,16,8,8,0,N,N,0x709d6d31dea52074,32,missing_knowledge
user32.dll,0x1800361ac,func_call_0x1800361ac,func_call_,Y,13,7,8,0,N,N,0x67b4f51fb7893741,32,missing_knowledge
user32.dll,0x1800361cc,func_pdata_0x1800361cc,func_pdata_,Y,341,bb,1,0,N,N,0xda6a6d9799debdfa,32,missing_knowledge
user32.dll,0x18003650e,func_pdata_0x18003650e,func_pdata_,Y,14,7,0,0,N,N,0x3db2c39882b6718c,32,missing_knowledge
user32.dll,0x180036523,func_pdata_0x180036523,func_pdata_,Y,14,7,0,0,N,N,0x3db2c39882b6718c,32,missing_knowledge
user32.dll,0x180036538,func_pdata_0x180036538,func_pdata_,Y,14,7,0,0,N,N,0xf89934ce83afbae0,32,missing_knowledge
user32.dll,0x180036560,func_pdata_0x180036560,func_pdata_,Y,dc,3f,2,0,N,N,0x8b90374e6c563b4f,32,missing_knowledge
user32.dll,0x180036644,func_pdata_0x180036644,func_pdata_,Y,3ee,d7,2,0,N,N,0x6648ba6c8e0cb065,32,missing_knowledge
user32.dll,0x180036a33,func_pdata_0x180036a33,func_pdata_,Y,14,7,0,0,N,N,0x6f3a5ad10aa9823b,32,missing_knowledge
user32.dll,0x180036a50,func_pdata_0x180036a50,func_pdata_,Y,47,19,4,0,N,N,0x7b0cb61cf2e2ff50,32,missing_knowledge
user32.dll,0x180036aa0,func_call_0x180036aa0,func_call_,Y,3a,13,7,0,N,N,0x872af293fb8f3cf6,32,missing_knowledge
user32.dll,0x180036adc,func_start_0x180036adc,func_start_,Y,2,2,2,0,N,N,0x3716425e845c0aaf,32,missing_knowledge
user32.dll,0x180036ae8,func_pdata_0x180036ae8,func_pdata_,Y,352,d1,5,0,N,N,0x2a07776a8224d3ec,32,missing_knowledge
user32.dll,0x180036e3b,func_pdata_0x180036e3b,func_pdata_,Y,14,7,0,0,N,N,0x1730e341f2c6181c,32,missing_knowledge
user32.dll,0x180036e50,func_pdata_0x180036e50,func_pdata_,Y,14,7,0,0,N,N,0x2e19caaea8300dde,32,missing_knowledge
user32.dll,0x180036e6c,func_pdata_0x180036e6c,func_pdata_,Y,344,d2,1,0,N,N,0x7e8ca71efc6104df,32,missing_knowledge
user32.dll,0x1800371b1,func_pdata_0x1800371b1,func_pdata_,Y,14,7,0,0,N,N,0x5773f20b34e11319,32,missing_knowledge
user32.dll,0x1800371cc,func_pdata_0x1800371cc,func_pdata_,Y,1f5,83,1,0,N,N,0xae468e870b8737e8,32,missing_knowledge
user32.dll,0x1800373c8,func_pdata_0x1800373c8,func_pdata_,Y,87,26,2,0,N,N,0x0ea8ebb8bc5002c6,32,missing_knowledge
user32.dll,0x180037458,func_call_0x180037458,func_call_,Y,c,5,4,0,N,N,0xba985453d3bec9b7,32,missing_knowledge
user32.dll,0x180037480,func_pdata_0x180037480,func_pdata_,Y,2b,e,2,0,N,N,0xc83ca410ed232169,32,missing_knowledge
user32.dll,0x1800374b4,func_pdata_0x1800374b4,func_pdata_,Y,1a,7,2,0,N,N,0xb4db7835c359bcd4,32,missing_knowledge
user32.dll,0x1800374f0,func_pdata_0x1800374f0,func_pdata_,Y,fd,4c,2,0,N,N,0x2721504607183bce,32,missing_knowledge
user32.dll,0x1800375f4,func_pdata_0x1800375f4,func_pdata_,Y,9b,2f,1,0,N,N,0xf5762d52796baf5d,32,missing_knowledge
user32.dll,0x180037698,func_pdata_0x180037698,func_pdata_,Y,cf,3b,1,0,N,N,0x77a147ae97ea28e8,32,missing_knowledge
user32.dll,0x180037770,func_pdata_0x180037770,func_pdata_,Y,105,46,1,0,N,N,0x409a8ef48cf4a46f,32,missing_knowledge
user32.dll,0x18003787c,func_pdata_0x18003787c,func_pdata_,Y,35,10,2,0,N,N,0x2bb548b0b13819cd,32,missing_knowledge
user32.dll,0x1800378b8,func_pdata_0x1800378b8,func_pdata_,Y,df,43,1,0,N,N,0x203432c3f03dc1c8,32,missing_knowledge
user32.dll,0x1800379a0,func_pdata_0x1800379a0,func_pdata_,Y,e5,45,1,0,N,N,0x6b8c574fa5113b49,32,missing_knowledge
user32.dll,0x180037a8c,func_pdata_0x180037a8c,func_pdata_,Y,155,6a,1,0,N,N,0xbd36a1d3b5faac0c,32,missing_knowledge
user32.dll,0x180037be8,func_call_0x180037be8,func_call_,Y,48,19,1,0,N,N,0xb01928f0039b7a7e,32,missing_knowledge
user32.dll,0x180037c88,func_pdata_0x180037c88,func_pdata_,Y,19a,79,1,0,N,N,0x2ffa578f3a6e6ce7,32,missing_knowledge
user32.dll,0x180037e2c,func_pdata_0x180037e2c,func_pdata_,Y,79,22,2,0,N,N,0xab3879ebb2470075,32,missing_knowledge
user32.dll,0x180037eac,func_pdata_0x180037eac,func_pdata_,Y,119,56,1,0,N,N,0xe21264078d9ff739,32,missing_knowledge
user32.dll,0x180037fcc,func_pdata_0x180037fcc,func_pdata_,Y,67,19,1,0,N,N,0x81635f701367112b,32,missing_knowledge
user32.dll,0x18003803c,func_pdata_0x18003803c,func_pdata_,Y,ac,2d,1,0,N,N,0x1c36bde83083a68f,32,missing_knowledge
user32.dll,0x1800380f0,func_pdata_0x1800380f0,func_pdata_,Y,86,24,1,0,N,N,0x03e46f1a95d8c161,32,missing_knowledge
user32.dll,0x180038180,func_pdata_0x180038180,func_pdata_,Y,80,21,7,0,N,N,0xcdebf7c7dcc0a56d,32,missing_knowledge
user32.dll,0x180038208,func_pdata_0x180038208,func_pdata_,Y,93,25,4,0,N,N,0xbfc211080e2540a2,32,missing_knowledge
user32.dll,0x1800382a4,func_pdata_0x1800382a4,func_pdata_,Y,74,1e,1,0,N,N,0xbb8fe31663da2e45,32,missing_knowledge
user32.dll,0x180038320,func_pdata_0x180038320,func_pdata_,Y,a4,28,1,0,N,N,0x5ed233f708089638,32,missing_knowledge
user32.dll,0x1800383cc,func_call_0x1800383cc,func_call_,Y,2d,f,2,0,N,N,0x62ac260a308b6189,32,missing_knowledge
user32.dll,0x1800383fb,func_start_0x1800383fb,func_start_,Y,2,2,2,0,N,N,0x35c46d699f7eb897,32,missing_knowledge
user32.dll,0x180038408,func_pdata_0x180038408,func_pdata_,Y,84,2b,1,0,N,N,0xccf69bdf282ea4e4,32,missing_knowledge
user32.dll,0x180038494,func_pdata_0x180038494,func_pdata_,Y,1a3,6b,1,0,N,N,0xb75416d1ec6d4eb7,32,missing_knowledge
user32.dll,0x180038640,func_pdata_0x180038640,func_pdata_,Y,40,11,2,0,N,N,0xa1e1c4c5e99af295,32,missing_knowledge
user32.dll,0x180038688,func_pdata_0x180038688,func_pdata_,Y,30c,d0,2,0,N,N,0x7e1ac217cdb61a56,32,missing_knowledge
user32.dll,0x18003899c,func_pdata_0x18003899c,func_pdata_,Y,1ad,89,1,0,N,N,0xe0814f31d49144a9,32,missing_knowledge
user32.dll,0x180038b50,func_pdata_0x180038b50,func_pdata_,Y,c7,2c,2,0,N,N,0xd02529f206f61785,32,missing_knowledge
user32.dll,0x180038c20,func_pdata_0x180038c20,func_pdata_,Y,a3,33,1,0,N,N,0x075e194c9256b1c5,32,missing_knowledge
user32.dll,0x180038ccc,func_pdata_0x180038ccc,func_pdata_,Y,13,5,2,0,N,N,0x40d707cc92b8050c,32,missing_knowledge
user32.dll,0x180038ce8,func_pdata_0x180038ce8,func_pdata_,Y,3a6,dc,1,0,N,N,0x87ff85334ffaf1ec,32,missing_knowledge
user32.dll,0x1800390b0,_guard_check_icall,named,N,0,0,0,0,N,N,0xad66da998da483f3,32,named
user32.dll,0x1800390c8,func_pdata_0x1800390c8,func_pdata_,Y,1c,8,0,0,N,N,0xbb8b53371081a6a5,32,missing_knowledge
user32.dll,0x1800390ec,func_pdata_0x1800390ec,func_pdata_,Y,5a,1c,2,0,N,N,0xb79b4d75eea29142,32,missing_knowledge
user32.dll,0x180039150,func_pdata_0x180039150,func_pdata_,Y,84,28,0,0,N,N,0x35b6210bf8b88548,32,missing_knowledge
user32.dll,0x1800391db,__chkstk,named,N,5,1,4,0,N,N,0x8c03a3410c5a0c3c,32,named
user32.dll,0x1800391e7,memcmp,named,N,5,1,3,0,N,N,0x2304bae584202773,32,named
user32.dll,0x1800391f3,memcpy,named,N,5,1,37,0,N,N,0xfe282dd135a27c38,32,named
user32.dll,0x1800391ff,memmove,named,N,5,1,1f,0,N,N,0x5c9840d1f515bc54,32,named
user32.dll,0x18003920b,memset,named,N,5,1,4b,0,N,Y,0x4993b63055d66df8,32,named
user32.dll,0x180039217,wcscmp,named,N,5,1,2,0,N,N,0x91ea5d019e953b5f,32,named
user32.dll,0x180039230,_guard_dispatch_icall,named,N,1,1,0,0,N,N,0x045150535307212b,32,named
user32.dll,0x180039240,func_pdata_0x180039240,func_pdata_,Y,14,7,0,0,N,N,0xdc8a13d06486e0fe,32,missing_knowledge
user32.dll,0x18003925b,func_pdata_0x18003925b,func_pdata_,Y,14,7,0,0,N,N,0xdca635d0649f957c,32,missing_knowledge
user32.dll,0x180039276,func_pdata_0x180039276,func_pdata_,Y,c,5,0,0,N,N,0x51f9b72a27377329,32,missing_knowledge
user32.dll,0x180039289,func_pdata_0x180039289,func_pdata_,Y,20,a,0,0,N,N,0x7f1481333e43a58a,32,missing_knowledge
user32.dll,0x1800392b0,func_pdata_0x1800392b0,func_pdata_,Y,14,7,0,0,N,N,0xfcde94d033ccc8fe,32,missing_knowledge
user32.dll,0x1800392cb,func_pdata_0x1800392cb,func_pdata_,Y,1b,a,0,0,N,N,0x21943b3a6bdfff0f,32,missing_knowledge
user32.dll,0x1800392ed,func_pdata_0x1800392ed,func_pdata_,Y,14,7,0,0,N,N,0x83934f6637c9c2e0,32,missing_knowledge
user32.dll,0x180039310,func_pdata_0x180039310,func_pdata_,Y,14,7,0,0,N,N,0x83934f6637c9c2e0,32,missing_knowledge
user32.dll,0x180039330,func_pdata_0x180039330,func_pdata_,Y,14,7,0,0,N,N,0xdc8a13d06486e0fe,32,missing_knowledge
user32.dll,0x18003934b,func_pdata_0x18003934b,func_pdata_,Y,14,7,0,0,N,N,0x83934f6637c9c2e0,32,missing_knowledge
user32.dll,0x180039370,func_pdata_0x180039370,func_pdata_,Y,14,7,0,0,N,N,0xa3e7d066070faae0,32,missing_knowledge
user32.dll,0x180039390,func_pdata_0x180039390,func_pdata_,Y,1b,a,0,0,N,N,0x5f712f180900e159,32,missing_knowledge
user32.dll,0x1800393c0,func_pdata_0x1800393c0,func_pdata_,Y,2c,e,0,0,N,N,0xb8d5f05e1fa38cab,32,missing_knowledge
user32.dll,0x180039400,func_pdata_0x180039400,func_pdata_,Y,28,d,0,0,N,N,0x86e4b40b2b0abe78,32,missing_knowledge
user32.dll,0x180039430,func_pdata_0x180039430,func_pdata_,Y,4c,19,0,0,N,N,0xb9b28569a9d11ac0,32,missing_knowledge
user32.dll,0x180039490,func_pdata_0x180039490,func_pdata_,Y,14,7,0,0,N,N,0x83934f6637c9c2e0,32,missing_knowledge
user32.dll,0x1800394b0,func_pdata_0x1800394b0,func_pdata_,Y,4c,19,0,0,N,N,0x4dd305fdf0926c34,32,missing_knowledge
user32.dll,0x180039510,func_pdata_0x180039510,func_pdata_,Y,14,7,0,0,N,N,0x83934f6637c9c2e0,32,missing_knowledge
user32.dll,0x180039530,func_pdata_0x180039530,func_pdata_,Y,14,7,0,0,N,N,0xdc8a13d06486e0fe,32,missing_knowledge
user32.dll,0x18003954b,func_pdata_0x18003954b,func_pdata_,Y,14,7,0,0,N,N,0x83934f6637c9c2e0,32,missing_knowledge
user32.dll,0x180039570,func_pdata_0x180039570,func_pdata_,Y,14,7,0,0,N,N,0x83934f6637c9c2e0,32,missing_knowledge
user32.dll,0x180039590,func_pdata_0x180039590,func_pdata_,Y,1b,a,0,0,N,N,0x392a0127f4cf6023,32,missing_knowledge
user32.dll,0x1800395b2,func_pdata_0x1800395b2,func_pdata_,Y,14,7,0,0,N,N,0xdc8a13d06486e0fe,32,missing_knowledge
user32.dll,0x1800395cd,func_pdata_0x1800395cd,func_pdata_,Y,14,7,0,0,N,N,0xdc8a13d06486e0fe,32,missing_knowledge
user32.dll,0x1800395e8,func_pdata_0x1800395e8,func_pdata_,Y,14,7,0,0,N,N,0xdc8a13d06486e0fe,32,missing_knowledge
user32.dll,0x180039603,func_pdata_0x180039603,func_pdata_,Y,14,7,0,0,N,N,0xdc8a13d06486e0fe,32,missing_knowledge
user32.dll,0x18003961e,func_pdata_0x18003961e,func_pdata_,Y,14,7,0,0,N,N,0xdc8a13d06486e0fe,32,missing_knowledge
user32.dll,0x180039639,func_pdata_0x180039639,func_pdata_,Y,4c,16,0,0,N,N,0x2c637c9953ac5c09,32,missing_knowledge
user32.dll,0x18003968c,func_pdata_0x18003968c,func_pdata_,Y,1b,a,0,0,N,N,0x3622527b3993f8d2,32,missing_knowledge
user32.dll,0x1800396b0,func_pdata_0x1800396b0,func_pdata_,Y,14,7,0,0,N,N,0xdc8a13d06486e0fe,32,missing_knowledge
user32.dll,0x1800396cb,func_pdata_0x1800396cb,func_pdata_,Y,1b,a,0,0,N,N,0x43adbf2c269c6993,32,missing_knowledge
user32.dll,0x1800396ed,func_pdata_0x1800396ed,func_pdata_,Y,4a,13,0,0,N,N,0x6943f911d9c12e9b,32,missing_knowledge
user32.dll,0x180039738,func_pdata_0x180039738,func_pdata_,Y,4a,13,0,0,N,N,0xb56870786c1de5df,32,missing_knowledge
user32.dll,0x180039783,func_pdata_0x180039783,func_pdata_,Y,4a,13,0,0,N,N,0x7d8cdad9c58e7553,32,missing_knowledge
user32.dll,0x1800397d4,func_pdata_0x1800397d4,func_pdata_,Y,44,13,0,0,N,N,0x6ed4b30aaa7b3ec8,32,missing_knowledge
user32.dll,0x18003981f,func_pdata_0x18003981f,func_pdata_,Y,4a,13,0,0,N,N,0x7036c886dae422af,32,missing_knowledge
user32.dll,0x18003986a,func_pdata_0x18003986a,func_pdata_,Y,4a,13,0,0,N,N,0x99fcd45df99895cf,32,missing_knowledge
user32.dll,0x1800398b5,func_pdata_0x1800398b5,func_pdata_,Y,4a,13,0,0,N,N,0x034f1d94c02fcfe3,32,missing_knowledge
user32.dll,0x180039906,func_pdata_0x180039906,func_pdata_,Y,1b,a,0,0,N,N,0x2438fc069f7d5f9e,32,missing_knowledge
user32.dll,0x180039930,func_pdata_0x180039930,func_pdata_,Y,14,7,0,0,N,N,0xdc8a13d06486e0fe,32,missing_knowledge
user32.dll,0x18003994b,func_pdata_0x18003994b,func_pdata_,Y,14,7,0,0,N,N,0xfcde94d033ccc8fe,32,missing_knowledge
user32.dll,0x180039966,func_pdata_0x180039966,func_pdata_,Y,14,7,0,0,N,N,0xd17ceacb838d457e,32,missing_knowledge
user32.dll,0x180039981,func_pdata_0x180039981,func_pdata_,Y,14,7,0,0,N,N,0x1730e341f2c6181c,32,missing_knowledge
user32.dll,0x180039996,func_pdata_0x180039996,func_pdata_,Y,14,7,0,0,N,N,0xf6bbb14d32f259fe,32,missing_knowledge
user32.dll,0x1800399b1,func_pdata_0x1800399b1,func_pdata_,Y,1b,a,0,0,N,N,0xb58b374992969f20,32,missing_knowledge
user32.dll,0x1800399e0,func_pdata_0x1800399e0,func_pdata_,Y,14,7,0,0,N,N,0x83934f6637c9c2e0,32,missing_knowledge
user32.dll,0x180039a00,func_pdata_0x180039a00,func_pdata_,Y,19,9,0,0,N,N,0xe3dccaa618f62ed6,32,missing_knowledge
user32.dll,0x180039a20,func_pdata_0x180039a20,func_pdata_,Y,14,7,0,0,N,N,0xdc8a13d06486e0fe,32,missing_knowledge
user32.dll,0x180039a3b,func_pdata_0x180039a3b,func_pdata_,Y,14,7,0,0,N,N,0x83934f6637c9c2e0,32,missing_knowledge
user32.dll,0x180039a60,func_pdata_0x180039a60,func_pdata_,Y,1b,a,0,0,N,N,0xae7d7ae8d4d90e7a,32,missing_knowledge
user32.dll,0x180039a90,func_pdata_0x180039a90,func_pdata_,Y,44,13,0,0,N,N,0x6e09020aa9ce5ea1,32,missing_knowledge
user32.dll,0x180039adb,func_pdata_0x180039adb,func_pdata_,Y,1b,a,0,0,N,N,0x23cf62fc7f229167,32,missing_knowledge
user32.dll,0x180039afd,func_pdata_0x180039afd,func_pdata_,Y,14,7,0,0,N,N,0xdc8a13d06486e0fe,32,missing_knowledge
user32.dll,0x180039b18,func_pdata_0x180039b18,func_pdata_,Y,14,7,0,0,N,N,0xdc8a13d06486e0fe,32,missing_knowledge
user32.dll,0x180039b33,func_pdata_0x180039b33,func_pdata_,Y,14,7,0,0,N,N,0xa9bac81c4304337c,32,missing_knowledge
user32.dll,0x180039b48,func_pdata_0x180039b48,func_pdata_,Y,14,7,0,0,N,N,0xd17ceacb838d457e,32,missing_knowledge
user32.dll,0x180039b63,func_pdata_0x180039b63,func_pdata_,Y,14,7,0,0,N,N,0xd17ceacb838d457e,32,missing_knowledge
user32.dll,0x180039b7e,func_pdata_0x180039b7e,func_pdata_,Y,14,7,0,0,N,N,0xa9bac81c4304337c,32,missing_knowledge
user32.dll,0x180039b93,func_pdata_0x180039b93,func_pdata_,Y,14,7,0,0,N,N,0xd17ceacb838d457e,32,missing_knowledge
user32.dll,0x180039bae,func_pdata_0x180039bae,func_pdata_,Y,14,7,0,0,N,N,0xdc8a13d06486e0fe,32,missing_knowledge
user32.dll,0x180039bc9,func_pdata_0x180039bc9,func_pdata_,Y,14,7,0,0,N,N,0xc41a3d3858d2204c,32,missing_knowledge
user32.dll,0x180039bde,func_pdata_0x180039bde,func_pdata_,Y,14,7,0,0,N,N,0xfcde94d033ccc8fe,32,missing_knowledge
user32.dll,0x180039bf9,func_pdata_0x180039bf9,func_pdata_,Y,14,7,0,0,N,N,0xd17ceacb838d457e,32,missing_knowledge
user32.dll,0x180039c14,func_pdata_0x180039c14,func_pdata_,Y,14,7,0,0,N,N,0xdc8a13d06486e0fe,32,missing_knowledge
user32.dll,0x180039c2f,func_pdata_0x180039c2f,func_pdata_,Y,14,7,0,0,N,N,0xdc8a13d06486e0fe,32,missing_knowledge
user32.dll,0x180039c4a,func_pdata_0x180039c4a,func_pdata_,Y,14,7,0,0,N,N,0xdc8a13d06486e0fe,32,missing_knowledge
user32.dll,0x180039c65,func_pdata_0x180039c65,func_pdata_,Y,14,7,0,0,N,N,0xdc8a13d06486e0fe,32,missing_knowledge
user32.dll,0x180039c80,func_pdata_0x180039c80,func_pdata_,Y,1b,a,0,0,N,N,0xb80f1a3f9ab46f6c,32,missing_knowledge
user32.dll,0x180039ca2,func_pdata_0x180039ca2,func_pdata_,Y,14,7,0,0,N,N,0xdc8a13d06486e0fe,32,missing_knowledge
user32.dll,0x180039cbd,func_pdata_0x180039cbd,func_pdata_,Y,1b,a,0,0,N,N,0xd3dbe540b9c8756f,32,missing_knowledge
user32.dll,0x180039cdf,func_pdata_0x180039cdf,func_pdata_,Y,1b,a,0,0,N,N,0xf2d9fd25fb48c009,32,missing_knowledge
user32.dll,0x180039d01,func_pdata_0x180039d01,func_pdata_,Y,14,7,0,0,N,N,0x518ff938b06cd8fe,32,missing_knowledge
user32.dll,0x180039d1c,func_pdata_0x180039d1c,func_pdata_,Y,44,13,0,0,N,N,0x6c64800aa869dd97,32,missing_knowledge
user32.dll,0x180039d67,func_pdata_0x180039d67,func_pdata_,Y,14,7,0,0,N,N,0xdc8a13d06486e0fe,32,missing_knowledge
user32.dll,0x180039d82,func_pdata_0x180039d82,func_pdata_,Y,14,7,0,0,N,N,0xdc8a13d06486e0fe,32,missing_knowledge
user32.dll,0x180039d9d,func_pdata_0x180039d9d,func_pdata_,Y,14,7,0,0,N,N,0xdc8a13d06486e0fe,32,missing_knowledge
user32.dll,0x180039db8,func_pdata_0x180039db8,func_pdata_,Y,14,7,0,0,N,N,0xdc8a13d06486e0fe,32,missing_knowledge
user32.dll,0x180039dd3,func_pdata_0x180039dd3,func_pdata_,Y,14,7,0,0,N,N,0xdc8a13d06486e0fe,32,missing_knowledge
user32.dll,0x180039dee,func_pdata_0x180039dee,func_pdata_,Y,14,7,0,0,N,N,0xdc8a13d06486e0fe,32,missing_knowledge
user32.dll,0x180039e09,func_pdata_0x180039e09,func_pdata_,Y,1b,a,0,0,N,N,0x5066db23b73b85a4,32,missing_knowledge
user32.dll,0x180039e2b,func_pdata_0x180039e2b,func_pdata_,Y,14,7,0,0,N,N,0x83934f6637c9c2e0,32,missing_knowledge
user32.dll,0x180039e50,func_pdata_0x180039e50,func_pdata_,Y,14,7,0,0,N,N,0xdc8a13d06486e0fe,32,missing_knowledge
user32.dll,0x180039e6b,func_pdata_0x180039e6b,func_pdata_,Y,1b,a,0,0,N,N,0xeef5faa1f08eb5ee,32,missing_knowledge
user32.dll,0x180039e88,func_pdata_0x180039e88,func_pdata_,Y,cf,2c,1,0,N,N,0x3361adca30ee9804,32,missing_knowledge
user32.dll,0x180039f58,func_pdata_0x180039f58,func_pdata_,Y,8f,1e,1,0,N,N,0xe09f20967f19adb1,32,missing_knowledge
user32.dll,0x180039ff8,func_pdata_0x180039ff8,func_pdata_,Y,d,3,1,0,N,N,0xb9c1cc1bb7224f59,32,missing_knowledge
user32.dll,0x18003a006,func_pdata_0x18003a006,func_pdata_,Y,b,2,1,0,N,N,0x78f79ee1297ff3c4,32,missing_knowledge
user32.dll,0x18003a026,func_pdata_0x18003a026,func_pdata_,Y,27,a,1,0,N,N,0x69e87794c7a3e95f,32,missing_knowledge
user32.dll,0x18003a04e,func_pdata_0x18003a04e,func_pdata_,Y,26,d,1,0,N,N,0x3e02abaa92b73e8c,32,missing_knowledge
user32.dll,0x18003a076,func_pdata_0x18003a076,func_pdata_,Y,19,6,1,0,N,N,0x2b0832e4b4c59747,32,missing_knowledge
user32.dll,0x18003a090,func_pdata_0x18003a090,func_pdata_,Y,25,8,1,0,N,N,0x5587469f42315df4,32,missing_knowledge
user32.dll,0x18003a0b6,func_pdata_0x18003a0b6,func_pdata_,Y,5c,15,1,0,N,N,0x4bf90a5208dc54b0,32,missing_knowledge
user32.dll,0x18003a114,func_pdata_0x18003a114,func_pdata_,Y,e,4,1,0,N,N,0xdc14e7306f2156c5,32,missing_knowledge
user32.dll,0x18003a124,func_pdata_0x18003a124,func_pdata_,Y,118,54,1,0,N,N,0x41030fb2e7785dd6,32,missing_knowledge
user32.dll,0x18003a23e,func_pdata_0x18003a23e,func_pdata_,Y,34,d,1,0,N,N,0x0b83c5da54642e4a,32,missing_knowledge
user32.dll,0x18003a274,func_pdata_0x18003a274,func_pdata_,Y,15,5,1,0,N,N,0xd218f9a52b21509d,32,missing_knowledge
user32.dll,0x18003a28a,func_pdata_0x18003a28a,func_pdata_,Y,61,16,1,0,N,N,0x50f9be7343e68f4f,32,missing_knowledge
user32.dll,0x18003a2ec,func_pdata_0x18003a2ec,func_pdata_,Y,2d,c,1,0,N,N,0x30a6e41de93e2ead,32,missing_knowledge
user32.dll,0x18003a31a,func_pdata_0x18003a31a,func_pdata_,Y,81,21,1,0,N,N,0xc20270f43276658d,32,missing_knowledge
user32.dll,0x18003a39c,func_pdata_0x18003a39c,func_pdata_,Y,53,15,1,0,N,N,0x1850e2d577799a87,32,missing_knowledge
user32.dll,0x18003a3f0,func_pdata_0x18003a3f0,func_pdata_,Y,1c8,73,1,1,N,N,0xd3930d92ba7dd157,32,missing_knowledge
user32.dll,0x18003a5ba,func_pdata_0x18003a5ba,func_pdata_,Y,117,50,1,0,N,N,0xd3f446529665ad9b,32,missing_knowledge
user32.dll,0x18003a6d2,func_pdata_0x18003a6d2,func_pdata_,Y,3f,f,1,0,N,N,0x79c0ef603065cf06,32,missing_knowledge
user32.dll,0x18003a712,func_pdata_0x18003a712,func_pdata_,Y,2c,c,1,0,N,N,0x7b6ea671e4c1d421,32,missing_knowledge
user32.dll,0x18003a740,func_pdata_0x18003a740,func_pdata_,Y,2e,b,1,0,N,N,0xcc7a558c87e35f2a,32,missing_knowledge
user32.dll,0x18003a770,func_pdata_0x18003a770,func_pdata_,Y,1b,7,1,0,N,N,0x2fb553e53c6eee16,32,missing_knowledge
user32.dll,0x18003a78c,func_pdata_0x18003a78c,func_pdata_,Y,153,63,1,0,N,N,0xda4414d750390142,32,missing_knowledge
user32.dll,0x18003a8e0,func_pdata_0x18003a8e0,func_pdata_,Y,131,5d,1,0,N,N,0x1915144767fc2d0f,32,missing_knowledge
user32.dll,0x18003aa12,func_pdata_0x18003aa12,func_pdata_,Y,5f,1d,1,0,N,N,0xe7c5962623680d11,32,missing_knowledge
user32.dll,0x18003aa72,func_pdata_0x18003aa72,func_pdata_,Y,30,a,1,0,N,N,0xc6039ee64ad36ca9,32,missing_knowledge
user32.dll,0x18003aaa4,func_pdata_0x18003aaa4,func_pdata_,Y,9f,24,1,0,N,N,0xd4cb92990bf35f0b,32,missing_knowledge
user32.dll,0x18003ab44,func_pdata_0x18003ab44,func_pdata_,Y,21,8,1,0,N,N,0x5d3cd0b5acdcf504,32,missing_knowledge
user32.dll,0x18003ab66,func_pdata_0x18003ab66,func_pdata_,Y,3d,10,1,0,N,N,0x4466071716a5c016,32,missing_knowledge
user32.dll,0x18003aba4,func_pdata_0x18003aba4,func_pdata_,Y,7f,20,1,0,N,N,0x267b4f735f98235c,32,missing_knowledge
user32.dll,0x18003ac24,func_pdata_0x18003ac24,func_pdata_,Y,a6,22,1,0,N,N,0x76bce1c271953dbd,32,missing_knowledge
user32.dll,0x18003accc,func_pdata_0x18003accc,func_pdata_,Y,13c,47,1,0,N,N,0x6901ea32b0b2109f,32,missing_knowledge
user32.dll,0x18003ae0a,func_pdata_0x18003ae0a,func_pdata_,Y,58,14,1,0,N,N,0xb8bf82892f2304be,32,missing_knowledge
user32.dll,0x18003ae64,func_pdata_0x18003ae64,func_pdata_,Y,4a,e,1,0,N,N,0x2b31faa95465257f,32,missing_knowledge
user32.dll,0x18003aeb0,func_pdata_0x18003aeb0,func_pdata_,Y,d9b,279,2,0,N,N,0xa746006f9e760f88,32,missing_knowledge
user32.dll,0x18003bc4c,func_pdata_0x18003bc4c,func_pdata_,Y,a1,34,1,0,N,N,0xaf58929e37db4a34,32,missing_knowledge
user32.dll,0x18003bcee,func_pdata_0x18003bcee,func_pdata_,Y,28,9,1,0,N,N,0xc25e34243ed0b831,32,missing_knowledge
user32.dll,0x18003bd18,func_pdata_0x18003bd18,func_pdata_,Y,12,6,1,0,N,N,0xe15c7eaa0df1a5a8,32,missing_knowledge
user32.dll,0x18003bd50,func_pdata_0x18003bd50,func_pdata_,Y,23,7,1,0,N,N,0xe005d7237456cd9b,32,missing_knowledge
user32.dll,0x18003bd94,func_pdata_0x18003bd94,func_pdata_,Y,18,6,1,0,N,N,0xd0ae45235b4d2642,32,missing_knowledge
user32.dll,0x18003bdae,func_pdata_0x18003bdae,func_pdata_,Y,62,1c,1,0,N,N,0x54b3ac34cab531ec,32,missing_knowledge
user32.dll,0x18003be12,func_pdata_0x18003be12,func_pdata_,Y,10,5,2,0,N,N,0x89a2b8a45b213fab,32,missing_knowledge
user32.dll,0x18003be24,func_pdata_0x18003be24,func_pdata_,Y,2b,c,1,0,N,N,0x7bdd14155fc609cb,32,missing_knowledge
user32.dll,0x18003be50,func_pdata_0x18003be50,func_pdata_,Y,33,b,1,0,N,N,0xaaf3f91dfbd3886f,32,missing_knowledge
user32.dll,0x18003be84,func_pdata_0x18003be84,func_pdata_,Y,44,c,1,0,N,N,0x0fe5efaba78c95fa,32,missing_knowledge
user32.dll,0x18003beca,func_pdata_0x18003beca,func_pdata_,Y,3c,d,1,0,N,N,0x68b4d65f0ebd35a3,32,missing_knowledge
user32.dll,0x18003bf08,func_pdata_0x18003bf08,func_pdata_,Y,1f6,85,1,0,N,N,0xc476a36d17c45c64,32,missing_knowledge
user32.dll,0x18003c100,func_pdata_0x18003c100,func_pdata_,Y,3a,b,1,0,N,N,0xc5469bbb3434b2b4,32,missing_knowledge
user32.dll,0x18003c13c,func_pdata_0x18003c13c,func_pdata_,Y,a2,26,1,0,N,N,0x5725c59b290a3a72,32,missing_knowledge
user32.dll,0x18003c1e0,func_pdata_0x18003c1e0,func_pdata_,Y,68e,18d,1,0,N,N,0xd56ecc622ab21751,32,missing_knowledge
user32.dll,0x18003c870,func_pdata_0x18003c870,func_pdata_,Y,53,10,1,0,N,N,0xe53f7763bd4d1beb,32,missing_knowledge
user32.dll,0x18003c8c4,func_pdata_0x18003c8c4,func_pdata_,Y,17,5,1,0,N,N,0x9da731e4b81208db,32,missing_knowledge
user32.dll,0x18003c8dc,func_pdata_0x18003c8dc,func_pdata_,Y,ca,2d,1,0,N,N,0xf8e10fa1b6079f1f,32,missing_knowledge
user32.dll,0x18003c9a8,func_pdata_0x18003c9a8,func_pdata_,Y,5d,14,1,0,N,N,0x93325278c3f54f7f,32,missing_knowledge
user32.dll,0x18003ca06,func_pdata_0x18003ca06,func_pdata_,Y,6c,17,1,0,N,N,0xeb3dadc521eac477,32,missing_knowledge
user32.dll,0x18003ca74,func_pdata_0x18003ca74,func_pdata_,Y,7,2,1,0,N,N,0x17c179b41751c2e5,32,missing_knowledge
user32.dll,0x18003ca7c,func_pdata_0x18003ca7c,func_pdata_,Y,35,d,1,0,N,N,0x1c631650ca099c11,32,missing_knowledge
user32.dll,0x18003cab2,func_pdata_0x18003cab2,func_pdata_,Y,74,1c,1,0,N,N,0xc3392fbcddd4dbbc,32,missing_knowledge
user32.dll,0x18003cb28,func_pdata_0x18003cb28,func_pdata_,Y,8df,24d,1,0,N,N,0xef3b25dc5a53acba,32,missing_knowledge
user32.dll,0x18003d408,func_pdata_0x18003d408,func_pdata_,Y,5c,17,1,0,N,N,0x61ec6a1f0ad85f15,32,missing_knowledge
user32.dll,0x18003d466,func_pdata_0x18003d466,func_pdata_,Y,18,6,1,0,N,N,0xb2fdb2f2a7b39b14,32,missing_knowledge
user32.dll,0x18003d480,func_pdata_0x18003d480,func_pdata_,Y,931,212,1,0,N,N,0x89aeddf3de31fdae,32,missing_knowledge
user32.dll,0x18003ddb2,func_pdata_0x18003ddb2,func_pdata_,Y,2d,b,1,0,N,N,0x978f083d8d205fd8,32,missing_knowledge
user32.dll,0x18003dde0,func_pdata_0x18003dde0,func_pdata_,Y,2d,b,1,0,N,N,0xeb26dd54c882788a,32,missing_knowledge
user32.dll,0x18003de0e,func_pdata_0x18003de0e,func_pdata_,Y,54,10,1,0,N,N,0xee7beefb827e0453,32,missing_knowledge
user32.dll,0x18003de64,func_pdata_0x18003de64,func_pdata_,Y,93,20,1,0,N,N,0xddbb7060055446f3,32,missing_knowledge
user32.dll,0x18003def8,func_pdata_0x18003def8,func_pdata_,Y,43,e,1,0,N,N,0xeab87bbe5161ca50,32,missing_knowledge
user32.dll,0x18003df3c,func_pdata_0x18003df3c,func_pdata_,Y,15,5,1,0,N,N,0xbe2c504809933626,32,missing_knowledge
user32.dll,0x18003df52,func_pdata_0x18003df52,func_pdata_,Y,98,24,1,0,N,N,0xb011a7d07324c299,32,missing_knowledge
user32.dll,0x18003dfec,func_pdata_0x18003dfec,func_pdata_,Y,16,5,1,0,N,N,0x05479eab19761c5f,32,missing_knowledge
user32.dll,0x18003e004,func_pdata_0x18003e004,func_pdata_,Y,27,b,1,0,N,N,0x4030f1923d08c887,32,missing_knowledge
user32.dll,0x18003e02c,func_pdata_0x18003e02c,func_pdata_,Y,3a,c,1,0,N,N,0xf1992f282b4f8743,32,missing_knowledge
user32.dll,0x18003e068,func_pdata_0x18003e068,func_pdata_,Y,5b,14,1,0,N,N,0x0a1e625920c6b7ae,32,missing_knowledge
user32.dll,0x18003e0c4,func_pdata_0x18003e0c4,func_pdata_,Y,f,4,1,0,N,N,0x7dae984c67976923,32,missing_knowledge
user32.dll,0x18003e0e6,func_pdata_0x18003e0e6,func_pdata_,Y,87,21,1,0,N,N,0xc08673395b88a708,32,missing_knowledge
user32.dll,0x18003e16e,func_pdata_0x18003e16e,func_pdata_,Y,32,a,1,0,N,N,0x83c576a3dda80b3e,32,missing_knowledge
user32.dll,0x18003e1a2,func_pdata_0x18003e1a2,func_pdata_,Y,19,7,1,0,N,N,0xcd6ae71eca9c9756,32,missing_knowledge
user32.dll,0x18003e1bc,func_pdata_0x18003e1bc,func_pdata_,Y,344,bd,1,0,N,N,0xf837f934acc7c8d4,32,missing_knowledge
user32.dll,0x18003e502,func_pdata_0x18003e502,func_pdata_,Y,a,2,1,0,N,N,0x2ab9f3759d1391bd,32,missing_knowledge
user32.dll,0x18003e50e,func_pdata_0x18003e50e,func_pdata_,Y,6b,16,1,0,N,N,0x35572a1578d25118,32,missing_knowledge
user32.dll,0x18003e57a,func_pdata_0x18003e57a,func_pdata_,Y,c6,32,1,0,N,N,0x79c9f799ddaca3d2,32,missing_knowledge
user32.dll,0x18003e834,func_pdata_0x18003e834,func_pdata_,Y,5b,18,1,0,N,N,0x0a8e317a97f3ed32,32,missing_knowledge
user32.dll,0x18003e890,func_pdata_0x18003e890,func_pdata_,Y,3a,d,1,0,N,N,0xa414de97ace710e8,32,missing_knowledge
user32.dll,0x18003e8cc,func_pdata_0x18003e8cc,func_pdata_,Y,1e,6,1,0,N,N,0xc24f6426e2191235,32,missing_knowledge
user32.dll,0x18003e8ec,func_pdata_0x18003e8ec,func_pdata_,Y,f7,3c,2,0,N,N,0xb1ba5e3ccb99c1fc,32,missing_knowledge
user32.dll,0x18003e9e4,func_pdata_0x18003e9e4,func_pdata_,Y,3ce,eb,2,0,N,N,0xf0bf020692fb62c0,32,missing_knowledge
user32.dll,0x18003edb4,func_pdata_0x18003edb4,func_pdata_,Y,5f,16,1,0,N,N,0x9f5ad6a8913650d7,32,missing_knowledge
user32.dll,0x18003ee14,func_pdata_0x18003ee14,func_pdata_,Y,4a,12,1,0,N,N,0x381cd44ddc3d16dd,32,missing_knowledge
user32.dll,0x18003ee5f,func_pdata_0x18003ee5f,func_pdata_,Y,1c,9,1,0,N,N,0x0297fe10bd4df926,32,missing_knowledge
user32.dll,0x18003ee7c,func_pdata_0x18003ee7c,func_pdata_,Y,1c,5,1,0,N,N,0xe900d2d043bbed4b,32,missing_knowledge
user32.dll,0x18003ee9a,func_pdata_0x18003ee9a,func_pdata_,Y,898,3d,1,0,N,N,0xa0d62647f7ef69e4,32,missing_knowledge
user32.dll,0x18003f734,func_pdata_0x18003f734,func_pdata_,Y,4f,f,1,0,N,N,0x881446b91eb36e09,32,missing_knowledge
user32.dll,0x18003f784,func_pdata_0x18003f784,func_pdata_,Y,3e,f,1,0,N,N,0x673de869226adf57,32,missing_knowledge
user32.dll,0x18003f7c4,func_pdata_0x18003f7c4,func_pdata_,Y,b,2,1,0,N,N,0xe5b16cbcdac75927,32,missing_knowledge
user32.dll,0x18003f7d0,func_pdata_0x18003f7d0,func_pdata_,Y,e3,37,1,0,N,N,0x90de7c9f8fe93a39,32,missing_knowledge
user32.dll,0x18003f8b4,func_pdata_0x18003f8b4,func_pdata_,Y,172,52,1,0,N,N,0x77ffe22da99afd1d,32,missing_knowledge
user32.dll,0x18003fa27,func_pdata_0x18003fa27,func_pdata_,Y,21,7,1,0,N,N,0x20a9a3576c0628d6,32,missing_knowledge
user32.dll,0x18003fa49,func_pdata_0x18003fa49,func_pdata_,Y,17,5,5,0,N,N,0xa596d056a7c590e4,32,missing_knowledge
user32.dll,0x18003fa62,func_pdata_0x18003fa62,func_pdata_,Y,1c5,5e,1,0,N,N,0x88423b29087c4990,32,missing_knowledge
user32.dll,0x18003fc28,func_pdata_0x18003fc28,func_pdata_,Y,d0,2d,1,0,N,N,0x2c009d1ec4f2e049,32,missing_knowledge
user32.dll,0x18003fcfa,func_pdata_0x18003fcfa,func_pdata_,Y,2e,c,1,0,N,N,0x7e0784df32e54e99,32,missing_knowledge
user32.dll,0x18003fd2a,func_pdata_0x18003fd2a,func_pdata_,Y,1e,6,1,0,N,N,0xabe67b177295be1e,32,missing_knowledge
user32.dll,0x18003fd4a,func_pdata_0x18003fd4a,func_pdata_,Y,1e,6,1,0,N,N,0x9f5018554dc89262,32,missing_knowledge
user32.dll,0x18003fd69,func_pdata_0x18003fd69,func_pdata_,Y,17,5,1,0,N,N,0x5bf6ca4106b0e8f9,32,missing_knowledge
user32.dll,0x18003fd81,func_pdata_0x18003fd81,func_pdata_,Y,70,1a,1,0,N,N,0xe4ad6b386007320f,32,missing_knowledge
user32.dll,0x18003fdf2,func_pdata_0x18003fdf2,func_pdata_,Y,7,2,1,0,N,N,0x878787a3e3e4675a,32,missing_knowledge
user32.dll,0x18003fdfa,func_pdata_0x18003fdfa,func_pdata_,Y,86,1b,1,0,N,N,0xb080594fa2cb4994,32,missing_knowledge
user32.dll,0x18003fe82,func_pdata_0x18003fe82,func_pdata_,Y,13,5,1,0,N,N,0x0bc8ffc5a3718411,32,missing_knowledge
user32.dll,0x18003fe96,func_pdata_0x18003fe96,func_pdata_,Y,23,7,1,0,N,N,0x84e2b740435eeff2,32,missing_knowledge
user32.dll,0x18003feba,func_pdata_0x18003feba,func_pdata_,Y,a0,25,1,0,N,N,0x0c1cbff6e600396e,32,missing_knowledge
user32.dll,0x18003ff5c,func_pdata_0x18003ff5c,func_pdata_,Y,1e,6,1,0,N,N,0x2e95cede2a5f7cd3,32,missing_knowledge
user32.dll,0x18003ff7c,func_pdata_0x18003ff7c,func_pdata_,Y,a,2,1,0,N,N,0x42e6a82a80755d34,32,missing_knowledge
user32.dll,0x18003ff87,func_pdata_0x18003ff87,func_pdata_,Y,7,2,1,0,N,N,0x288b45c02983ad7c,32,missing_knowledge
user32.dll,0x18003ff8f,func_pdata_0x18003ff8f,func_pdata_,Y,11c,2,0,0,N,N,0x3978717cbcc4bed4,32,missing_knowledge
user32.dll,0x1800400ac,func_pdata_0x1800400ac,func_pdata_,Y,34,b,1,0,N,N,0x42f112557f6db985,32,missing_knowledge
user32.dll,0x1800400e1,func_pdata_0x1800400e1,func_pdata_,Y,45,11,1,0,N,N,0xc74b7649417ce911,32,missing_knowledge
user32.dll,0x180040127,func_pdata_0x180040127,func_pdata_,Y,16,5,1,0,N,N,0x1597051e7f33fe68,32,missing_knowledge
user32.dll,0x18004017e,func_pdata_0x18004017e,func_pdata_,Y,1e,6,1,0,N,N,0x5ae1bccd3895b33e,32,missing_knowledge
user32.dll,0x1800401f0,func_pdata_0x1800401f0,func_pdata_,Y,1b,6,1,0,N,N,0xafe2f3b0581bb6b8,32,missing_knowledge
user32.dll,0x18004020c,func_pdata_0x18004020c,func_pdata_,Y,35,f,1,0,N,N,0xa3da1eff8e1adf71,32,missing_knowledge
user32.dll,0x180040242,func_pdata_0x180040242,func_pdata_,Y,eb,3c,1,0,N,N,0x9061cf380d218e9d,32,missing_knowledge
user32.dll,0x18004032e,func_pdata_0x18004032e,func_pdata_,Y,439,113,1,0,N,N,0x05d34ddcc8b4682e,32,missing_knowledge
user32.dll,0x180040768,func_pdata_0x180040768,func_pdata_,Y,16,5,1,0,N,N,0x874d2823230edddb,32,missing_knowledge
user32.dll,0x180040780,func_pdata_0x180040780,func_pdata_,Y,1e,7,1,0,N,N,0x777bc7f0d668f4bd,32,missing_knowledge
user32.dll,0x1800407a0,func_pdata_0x1800407a0,func_pdata_,Y,ae,27,1,0,N,N,0x913e59f5587aa7c7,32,missing_knowledge
user32.dll,0x180040850,func_pdata_0x180040850,func_pdata_,Y,1c,5,1,0,N,N,0xaa4d1a59d2df327b,32,missing_knowledge
user32.dll,0x18004086e,func_pdata_0x18004086e,func_pdata_,Y,2a,9,1,0,N,N,0xee79faf73b3ccdc0,32,missing_knowledge
user32.dll,0x18004089a,func_pdata_0x18004089a,func_pdata_,Y,80,1b,1,0,N,N,0x22196357f7fb806c,32,missing_knowledge
user32.dll,0x18004091c,func_pdata_0x18004091c,func_pdata_,Y,2e,a,1,0,N,N,0x6de4bb0000e8f972,32,missing_knowledge
user32.dll,0x18004094c,func_pdata_0x18004094c,func_pdata_,Y,26,8,1,0,N,N,0x8201ae3d90b8b9c3,32,missing_knowledge
user32.dll,0x180040974,func_pdata_0x180040974,func_pdata_,Y,c,3,1,0,N,N,0x69f311d25ad0e26a,32,missing_knowledge
user32.dll,0x180040982,func_pdata_0x180040982,func_pdata_,Y,2a,9,1,0,N,N,0xb140d91af03fce60,32,missing_knowledge
user32.dll,0x1800409ae,func_pdata_0x1800409ae,func_pdata_,Y,32,b,1,0,N,N,0x8c5485d96ef30931,32,missing_knowledge
user32.dll,0x1800409e2,func_pdata_0x1800409e2,func_pdata_,Y,2ab,b6,1,0,N,N,0xdf12dfd8b4154d72,32,missing_knowledge
user32.dll,0x180040c8e,func_pdata_0x180040c8e,func_pdata_,Y,3d6,119,1,0,N,N,0x6836ecc316a4a21d,32,missing_knowledge
user32.dll,0x180041066,func_pdata_0x180041066,func_pdata_,Y,17,5,1,0,N,N,0x83b03e35bb5cd503,32,missing_knowledge
user32.dll,0x18004107e,func_pdata_0x18004107e,func_pdata_,Y,28c,af,1,0,N,N,0x332b4e76d8e1efc7,32,missing_knowledge
user32.dll,0x18004130c,func_pdata_0x18004130c,func_pdata_,Y,ec,3f,1,0,N,N,0x10bb5d9517b3b531,32,missing_knowledge
user32.dll,0x1800413fa,func_pdata_0x1800413fa,func_pdata_,Y,b6,30,1,0,N,N,0x2343828959ca2a46,32,missing_knowledge
user32.dll,0x1800414b2,func_pdata_0x1800414b2,func_pdata_,Y,1e,6,1,0,N,N,0x4c1b5114653674e9,32,missing_knowledge
user32.dll,0x1800414d2,func_pdata_0x1800414d2,func_pdata_,Y,3e,d,1,0,N,N,0x43dc7c0e2f0d3254,32,missing_knowledge
user32.dll,0x180041512,func_pdata_0x180041512,func_pdata_,Y,35,a,1,0,N,N,0x243f4eb1eb59ac47,32,missing_knowledge
user32.dll,0x180041548,func_pdata_0x180041548,func_pdata_,Y,71,1c,1,0,N,N,0x11a365190d2a999d,32,missing_knowledge
user32.dll,0x1800415ba,func_pdata_0x1800415ba,func_pdata_,Y,1e,6,1,0,N,N,0x4dd26b36fb1fad26,32,missing_knowledge
user32.dll,0x1800415da,func_pdata_0x1800415da,func_pdata_,Y,3a,c,1,0,N,N,0xf83bf0558b8c1e57,32,missing_knowledge
user32.dll,0x180041616,func_pdata_0x180041616,func_pdata_,Y,18,6,1,0,N,N,0xb2e81a9201c66469,32,missing_knowledge
user32.dll,0x180041630,func_pdata_0x180041630,func_pdata_,Y,1e,7,1,0,N,N,0x97c02c3eb7caebdc,32,missing_knowledge
user32.dll,0x180041650,func_pdata_0x180041650,func_pdata_,Y,16,6,1,0,N,N,0xd489477feff7e932,32,missing_knowledge
user32.dll,0x180041668,func_pdata_0x180041668,func_pdata_,Y,7c,1d,1,0,N,N,0x51d4e3c5c2625a19,32,missing_knowledge
user32.dll,0x1800416e6,func_pdata_0x1800416e6,func_pdata_,Y,26,9,1,0,N,N,0xfc14f11a5c291af2,32,missing_knowledge
user32.dll,0x18004170e,func_pdata_0x18004170e,func_pdata_,Y,19,5,1,0,N,N,0x1523da66f5fd8dd2,32,missing_knowledge
user32.dll,0x180041728,func_pdata_0x180041728,func_pdata_,Y,a6,2a,1,0,N,N,0xe9b5c78b5985072c,32,missing_knowledge
user32.dll,0x1800417fe,func_pdata_0x1800417fe,func_pdata_,Y,2bb,96,1,0,N,N,0x83680e6835adf288,32,missing_knowledge
user32.dll,0x180041aba,func_pdata_0x180041aba,func_pdata_,Y,3a,c,1,0,N,N,0x99555389f96286a1,32,missing_knowledge
user32.dll,0x180041af6,func_pdata_0x180041af6,func_pdata_,Y,1e,6,1,0,N,N,0xb11d48461d9a1ec7,32,missing_knowledge
user32.dll,0x180041b16,func_pdata_0x180041b16,func_pdata_,Y,1e,6,1,0,N,N,0xd68e981679353cfe,32,missing_knowledge
user32.dll,0x180041b36,func_pdata_0x180041b36,func_pdata_,Y,285,95,1,0,N,N,0xda04b9468b00715f,32,missing_knowledge
user32.dll,0x180041dbc,func_pdata_0x180041dbc,func_pdata_,Y,1e,6,1,0,N,N,0x3a23c5cfa720fe91,32,missing_knowledge
user32.dll,0x180041ddc,func_pdata_0x180041ddc,func_pdata_,Y,aa,24,1,0,N,N,0x9e2c9d716aaa977f,32,missing_knowledge
user32.dll,0x180041e88,func_pdata_0x180041e88,func_pdata_,Y,2c,a,1,0,N,N,0x24fa248ec7ea65dc,32,missing_knowledge
user32.dll,0x180041ed8,func_pdata_0x180041ed8,func_pdata_,Y,444,110,1,0,N,N,0xd55d0fabe202d0e4,32,missing_knowledge
user32.dll,0x18004231e,func_pdata_0x18004231e,func_pdata_,Y,22,9,1,0,N,N,0x2549304a93a490e8,32,missing_knowledge
user32.dll,0x180042342,func_pdata_0x180042342,func_pdata_,Y,1d,7,1,0,N,N,0x79a33df2089c6e16,32,missing_knowledge
user32.dll,0x180042360,func_pdata_0x180042360,func_pdata_,Y,5f,18,1,0,N,N,0x6543ff566ca1feda,32,missing_knowledge
user32.dll,0x1800423c0,func_pdata_0x1800423c0,func_pdata_,Y,ff,37,1,0,N,N,0x2f6cb9336817af77,32,missing_knowledge
user32.dll,0x1800424c0,func_pdata_0x1800424c0,func_pdata_,Y,443,114,1,0,N,N,0x25b93b24afd69f48,32,missing_knowledge
user32.dll,0x180042904,func_pdata_0x180042904,func_pdata_,Y,49b,120,1,0,N,N,0x9db73b9b2a9c2faa,32,missing_knowledge
user32.dll,0x180042da0,func_pdata_0x180042da0,func_pdata_,Y,17,5,2,0,N,N,0x9f5620a0e8fbe2df,32,missing_knowledge
user32.dll,0x180042db8,func_pdata_0x180042db8,func_pdata_,Y,36,f,1,0,N,N,0x05b95f00c965b027,32,missing_knowledge
user32.dll,0x180042df0,func_pdata_0x180042df0,func_pdata_,Y,137,41,1,0,N,N,0x7dc356d68284e8cb,32,missing_knowledge
user32.dll,0x180042f28,func_pdata_0x180042f28,func_pdata_,Y,11,4,1,0,N,N,0xa29d2d0fc9bbb1f7,32,missing_knowledge
user32.dll,0x180042f3a,func_pdata_0x180042f3a,func_pdata_,Y,3e,11,1,0,N,N,0x579d5aaa24973d7c,32,missing_knowledge
user32.dll,0x180042f7a,func_pdata_0x180042f7a,func_pdata_,Y,2c,b,1,0,N,N,0xc5d0692f8b4f8b1c,32,missing_knowledge
user32.dll,0x180042fa8,func_pdata_0x180042fa8,func_pdata_,Y,15,5,1,0,N,N,0x716e637551620edf,32,missing_knowledge
user32.dll,0x180042fbe,func_pdata_0x180042fbe,func_pdata_,Y,18,6,1,0,N,N,0x306498672102ef25,32,missing_knowledge
user32.dll,0x180042fd8,func_pdata_0x180042fd8,func_pdata_,Y,9,2,1,0,N,N,0x9ed0cf4193e8eda0,32,missing_knowledge
user32.dll,0x180042fe2,func_pdata_0x180042fe2,func_pdata_,Y,7c,18,1,0,N,N,0x9433b542bfe9e2eb,32,missing_knowledge
user32.dll,0x180043060,func_pdata_0x180043060,func_pdata_,Y,1c,7,1,0,N,N,0x985cfe1b8ae86de6,32,missing_knowledge
user32.dll,0x18004307e,func_pdata_0x18004307e,func_pdata_,Y,14,5,1,0,N,N,0x02bc2f5de7740db8,32,missing_knowledge
user32.dll,0x180043094,func_pdata_0x180043094,func_pdata_,Y,1d,7,1,0,N,N,0xb3428d8d4446e3c5,32,missing_knowledge
user32.dll,0x1800430b2,func_pdata_0x1800430b2,func_pdata_,Y,32,c,1,0,N,N,0xcf862e5c3561b3b0,32,missing_knowledge
user32.dll,0x1800430e6,func_pdata_0x1800430e6,func_pdata_,Y,10,4,1,0,N,N,0x736748d473051f4d,32,missing_knowledge
user32.dll,0x1800430f8,func_pdata_0x1800430f8,func_pdata_,Y,2a,9,1,0,N,N,0xb8ef2e71d2f0379c,32,missing_knowledge
user32.dll,0x180043124,func_pdata_0x180043124,func_pdata_,Y,237,77,1,0,N,N,0x91fd6be8f73ea403,32,missing_knowledge
user32.dll,0x180043370,func_pdata_0x180043370,func_pdata_,Y,134,53,1,0,N,N,0xf661f99a6879c217,32,missing_knowledge
user32.dll,0x1800434a6,func_pdata_0x1800434a6,func_pdata_,Y,398,d5,1,0,N,N,0x84e2b93d81bd6a2f,32,missing_knowledge
user32.dll,0x180043840,func_pdata_0x180043840,func_pdata_,Y,1eb,6d,1,0,N,N,0x84f5649a74ba37d0,32,missing_knowledge
user32.dll,0x180043a2c,func_pdata_0x180043a2c,func_pdata_,Y,1d,6,1,0,N,N,0x016acd5f61cae610,32,missing_knowledge
user32.dll,0x180043a4a,func_pdata_0x180043a4a,func_pdata_,Y,11,4,1,0,N,N,0xc897957d262f58d8,32,missing_knowledge
user32.dll,0x180043a5c,func_pdata_0x180043a5c,func_pdata_,Y,a7,26,2,0,N,N,0xa798d19da114e836,32,missing_knowledge
user32.dll,0x180043b04,func_pdata_0x180043b04,func_pdata_,Y,c0,2d,1,0,N,N,0x0e71f0bd21c0ff9d,32,missing_knowledge
user32.dll,0x180043bc6,func_pdata_0x180043bc6,func_pdata_,Y,31,d,2,0,N,N,0x02069dfcf959cdb6,32,missing_knowledge
user32.dll,0x180043bf8,func_pdata_0x180043bf8,func_pdata_,Y,11,3,1,0,N,N,0xc2743477bcdbcccf,32,missing_knowledge
user32.dll,0x180043c0a,func_pdata_0x180043c0a,func_pdata_,Y,18e,5c,1,0,N,N,0xaa4b3978aeedd21b,32,missing_knowledge
user32.dll,0x180043d9a,func_pdata_0x180043d9a,func_pdata_,Y,342,c0,1,0,N,N,0xc71caeb0f4f1cb34,32,missing_knowledge
user32.dll,0x1800440de,func_pdata_0x1800440de,func_pdata_,Y,19a,5c,1,0,N,N,0xdd3a3a4e00c97485,32,missing_knowledge
user32.dll,0x18004427a,func_pdata_0x18004427a,func_pdata_,Y,1b,5,1,0,N,N,0x4d763e58d0910e2c,32,missing_knowledge
user32.dll,0x180044296,func_pdata_0x180044296,func_pdata_,Y,15,7,1,0,N,N,0x7dcff2c479464d2e,32,missing_knowledge
user32.dll,0x1800442ac,func_pdata_0x1800442ac,func_pdata_,Y,93,23,1,0,N,N,0x6191dec27421afc6,32,missing_knowledge
user32.dll,0x180044340,func_pdata_0x180044340,func_pdata_,Y,db,31,1,0,N,N,0xc15a13287e37878b,32,missing_knowledge
user32.dll,0x18004441c,func_pdata_0x18004441c,func_pdata_,Y,4b,11,1,0,N,N,0x65bbc0ee557fb0b6,32,missing_knowledge
user32.dll,0x180044468,func_pdata_0x180044468,func_pdata_,Y,4c,10,1,0,N,N,0xbbd36fd497bd3093,32,missing_knowledge
user32.dll,0x1800444b6,func_pdata_0x1800444b6,func_pdata_,Y,38,b,1,0,N,N,0x0b31dba30132b43f,32,missing_knowledge
user32.dll,0x1800444f0,func_pdata_0x1800444f0,func_pdata_,Y,142,48,1,0,N,N,0x9f2d271c2082fd7a,32,missing_knowledge
user32.dll,0x180044634,func_pdata_0x180044634,func_pdata_,Y,7f,1a,1,0,N,N,0xe93d14fac8ef7684,32,missing_knowledge
user32.dll,0x1800446b4,func_pdata_0x1800446b4,func_pdata_,Y,b6,2f,1,0,N,N,0x90309e9e07ed1ea4,32,missing_knowledge
user32.dll,0x18004476c,func_pdata_0x18004476c,func_pdata_,Y,146,57,1,0,N,N,0x45f6edf6053f7fe1,32,missing_knowledge
user32.dll,0x1800448b4,func_pdata_0x1800448b4,func_pdata_,Y,23,9,1,0,N,N,0x3c04224f13767af2,32,missing_knowledge
user32.dll,0x1800448d8,func_pdata_0x1800448d8,func_pdata_,Y,21,7,1,0,N,N,0x547ed9152640070c,32,missing_knowledge
user32.dll,0x1800448fa,func_pdata_0x1800448fa,func_pdata_,Y,59,16,1,0,N,N,0xcd21b462446c0a4c,32,missing_knowledge
user32.dll,0x180044954,func_pdata_0x180044954,func_pdata_,Y,52,16,1,0,N,N,0x11c1ca37a1a03ba6,32,missing_knowledge
user32.dll,0x1800449a8,func_pdata_0x1800449a8,func_pdata_,Y,b7,2b,1,0,N,N,0x1e215ef573fbd5a2,32,missing_knowledge
user32.dll,0x180044a60,func_pdata_0x180044a60,func_pdata_,Y,d2,33,1,0,N,N,0xb2852352bd955a88,32,missing_knowledge
user32.dll,0x180044b34,func_pdata_0x180044b34,func_pdata_,Y,92,25,1,0,N,N,0x324b091b5c6abd34,32,missing_knowledge
user32.dll,0x180044bc8,func_pdata_0x180044bc8,func_pdata_,Y,162,5d,1,0,N,N,0x7916a04f3c3dd670,32,missing_knowledge
user32.dll,0x180044d2c,func_pdata_0x180044d2c,func_pdata_,Y,9a,22,1,0,N,N,0x6e6b0c4f6ddf827d,32,missing_knowledge
user32.dll,0x180044dc8,func_pdata_0x180044dc8,func_pdata_,Y,2e,b,1,0,N,N,0xae688746c7e8c655,32,missing_knowledge
user32.dll,0x180044e2e,func_pdata_0x180044e2e,func_pdata_,Y,2e,d,1,0,N,N,0x743eb20959297b73,32,missing_knowledge
user32.dll,0x180044e5e,func_pdata_0x180044e5e,func_pdata_,Y,64,19,1,0,N,N,0x8caead7ad4cdbb64,32,missing_knowledge
user32.dll,0x180044ec4,func_pdata_0x180044ec4,func_pdata_,Y,18,5,1,0,N,N,0xb07f4a8c1534c3c2,32,missing_knowledge
user32.dll,0x180044ede,func_pdata_0x180044ede,func_pdata_,Y,2e,b,1,0,N,N,0x63b98b4c792d2423,32,missing_knowledge
user32.dll,0x180044f0e,func_pdata_0x180044f0e,func_pdata_,Y,61,17,1,0,N,N,0x031fad39cb105e73,32,missing_knowledge
user32.dll,0x180044f70,func_pdata_0x180044f70,func_pdata_,Y,42,d,1,0,N,N,0xadf9ca13e58728ce,32,missing_knowledge
user32.dll,0x180044fb4,func_pdata_0x180044fb4,func_pdata_,Y,14,6,1,0,N,N,0x2cb59da98477a7ed,32,missing_knowledge
user32.dll,0x180044fca,func_pdata_0x180044fca,func_pdata_,Y,1c,7,1,0,N,N,0x049d541d8c37703c,32,missing_knowledge
user32.dll,0x180044fe8,func_pdata_0x180044fe8,func_pdata_,Y,b3,17,0,0,N,N,0xaf00d141b5c0170c,32,missing_knowledge
user32.dll,0x18004509c,func_pdata_0x18004509c,func_pdata_,Y,18,5,1,0,N,N,0x1ed0e3efb95eb104,32,missing_knowledge
user32.dll,0x1800450b6,func_pdata_0x1800450b6,func_pdata_,Y,2c,a,1,0,N,N,0x8cf820e04d6348e4,32,missing_knowledge
user32.dll,0x1800450e3,func_pdata_0x1800450e3,func_pdata_,Y,35,b,1,0,N,N,0x95fbabf8725b6f95,32,missing_knowledge
user32.dll,0x180045119,func_pdata_0x180045119,func_pdata_,Y,74,18,1,0,N,N,0x5ca49dbb5220d330,32,missing_knowledge
user32.dll,0x18004518e,func_pdata_0x18004518e,func_pdata_,Y,60,16,2,0,N,N,0xf3458eb1eff67376,32,missing_knowledge
user32.dll,0x1800451f0,func_pdata_0x1800451f0,func_pdata_,Y,2,1,1,0,N,N,0x6ae533369918babe,32,missing_knowledge
user32.dll,0x1800451f3,func_pdata_0x1800451f3,func_pdata_,Y,5f,12,0,0,N,N,0x3529a4f482c3f539,32,missing_knowledge
user32.dll,0x180045254,func_pdata_0x180045254,func_pdata_,Y,86,1b,1,0,N,N,0x733ba00cf2de94d6,32,missing_knowledge
user32.dll,0x1800452dc,func_pdata_0x1800452dc,func_pdata_,Y,2a,8,1,0,N,N,0xd433a20f493d1a6b,32,missing_knowledge
user32.dll,0x180045307,func_pdata_0x180045307,func_pdata_,Y,87,20,0,0,N,N,0xf159dc7541dbb557,32,missing_knowledge
user32.dll,0x180045390,func_pdata_0x180045390,func_pdata_,Y,1e,6,1,0,N,N,0xc6b365b109ccbb95,32,missing_knowledge
user32.dll,0x1800453b0,func_pdata_0x1800453b0,func_pdata_,Y,2c,b,1,0,N,N,0x54e5a5160fd1d25a,32,missing_knowledge
user32.dll,0x1800453dd,func_pdata_0x1800453dd,func_pdata_,Y,3b,10,1,0,N,N,0x2ce0d67ac61d12e9,32,missing_knowledge
user32.dll,0x18004541a,func_pdata_0x18004541a,func_pdata_,Y,4d,13,1,0,N,N,0xc2c73b967f79b50b,32,missing_knowledge
user32.dll,0x180045468,func_pdata_0x180045468,func_pdata_,Y,9c,25,1,0,N,N,0x45cc448b784074c8,32,missing_knowledge
user32.dll,0x180045506,func_pdata_0x180045506,func_pdata_,Y,9b,23,1,0,N,N,0x039a4163750713d2,32,missing_knowledge
user32.dll,0x1800455a2,func_pdata_0x1800455a2,func_pdata_,Y,8f,1c,1,0,N,N,0xc8ec5b5aab2b56d9,32,missing_knowledge
user32.dll,0x180045632,func_pdata_0x180045632,func_pdata_,Y,41,12,1,0,N,N,0xb8cc50867b1957e5,32,missing_knowledge
user32.dll,0x180045674,func_pdata_0x180045674,func_pdata_,Y,26,a,1,0,N,N,0x00763c77f4aaeb2f,32,missing_knowledge
user32.dll,0x18004569c,func_pdata_0x18004569c,func_pdata_,Y,a0,29,1,0,N,N,0x1fc2ca2868560a31,32,missing_knowledge
user32.dll,0x18004573e,func_pdata_0x18004573e,func_pdata_,Y,13,3,1,0,N,N,0x7703927ab11eaea7,32,missing_knowledge
user32.dll,0x180045752,func_pdata_0x180045752,func_pdata_,Y,80,1b,1,0,N,N,0x0e83dbe3b3f1b10f,32,missing_knowledge
user32.dll,0x1800457d4,func_pdata_0x1800457d4,func_pdata_,Y,160,51,1,0,N,N,0xc27a08a5dc4ec1e6,32,missing_knowledge
user32.dll,0x180045936,func_pdata_0x180045936,func_pdata_,Y,3d,c,1,0,N,N,0x08bf14a3cbf6db28,32,missing_knowledge
user32.dll,0x180045974,func_pdata_0x180045974,func_pdata_,Y,7,2,1,0,N,N,0x3419406f8a40f150,32,missing_knowledge
user32.dll,0x18004597c,func_pdata_0x18004597c,func_pdata_,Y,77,1e,1,0,N,N,0x75bc7fe341c0abfc,32,missing_knowledge
user32.dll,0x1800459f4,func_pdata_0x1800459f4,func_pdata_,Y,16,5,1,0,N,N,0xd3278c1d54b5a786,32,missing_knowledge
user32.dll,0x180045a0c,func_pdata_0x180045a0c,func_pdata_,Y,18e,5d,1,0,N,N,0x4f062c0200dd91a4,32,missing_knowledge
user32.dll,0x180045b9c,func_pdata_0x180045b9c,func_pdata_,Y,162,61,1,0,N,N,0x542d62c91197c5e3,32,missing_knowledge
user32.dll,0x180045d00,func_pdata_0x180045d00,func_pdata_,Y,1e,6,1,0,N,N,0xe31a38c3f56a31a4,32,missing_knowledge
user32.dll,0x180045d20,func_pdata_0x180045d20,func_pdata_,Y,5d,14,1,0,N,N,0x3cf1e454340b714a,32,missing_knowledge
user32.dll,0x180045d7e,func_pdata_0x180045d7e,func_pdata_,Y,e6,36,1,0,N,N,0x49ffea757f73c11a,32,missing_knowledge
user32.dll,0x180045e66,func_pdata_0x180045e66,func_pdata_,Y,38,e,1,0,N,N,0x6ccd48690a1b0374,32,missing_knowledge
user32.dll,0x180045ea0,func_pdata_0x180045ea0,func_pdata_,Y,1d,7,1,0,N,N,0xe2610e2c22ac597d,32,missing_knowledge
user32.dll,0x180045ebe,func_pdata_0x180045ebe,func_pdata_,Y,30,f,1,1,N,N,0x5e85ea2ba7aa9227,32,missing_knowledge
user32.dll,0x180045ef0,func_pdata_0x180045ef0,func_pdata_,Y,13,4,1,0,N,N,0x2e83dda2e000c8f6,32,missing_knowledge
user32.dll,0x180045f04,func_pdata_0x180045f04,func_pdata_,Y,365,c8,1,0,N,N,0x2d9fdc01fff61a0c,32,missing_knowledge
user32.dll,0x18004626a,func_pdata_0x18004626a,func_pdata_,Y,3e,10,1,0,N,N,0x3f8a1dac297a8e39,32,missing_knowledge
user32.dll,0x1800462aa,func_pdata_0x1800462aa,func_pdata_,Y,79,1f,1,0,N,N,0x2a77374020f94e35,32,missing_knowledge
user32.dll,0x180046324,func_pdata_0x180046324,func_pdata_,Y,1e,6,1,0,N,N,0xfff4d496393d8505,32,missing_knowledge
user32.dll,0x180046344,func_pdata_0x180046344,func_pdata_,Y,16,5,1,0,N,N,0x29404e1c42caadc7,32,missing_knowledge
user32.dll,0x18004635c,func_pdata_0x18004635c,func_pdata_,Y,44,e,1,0,N,N,0xa18165a5199388e4,32,missing_knowledge
user32.dll,0x1800463a2,func_pdata_0x1800463a2,func_pdata_,Y,17,5,1,0,N,N,0x5ba5c73953dbea73,32,missing_knowledge
user32.dll,0x1800463ba,func_pdata_0x1800463ba,func_pdata_,Y,24,a,2,0,N,N,0x529e104f873affb9,32,missing_knowledge
user32.dll,0x1800463e0,func_pdata_0x1800463e0,func_pdata_,Y,1e,7,1,0,N,N,0x58379370ce68a626,32,missing_knowledge
user32.dll,0x180046400,func_pdata_0x180046400,func_pdata_,Y,40,11,1,0,N,N,0xa2a76bd0bf4c3a75,32,missing_knowledge
user32.dll,0x180046442,func_pdata_0x180046442,func_pdata_,Y,87,1f,1,0,N,N,0x0bd563590d8536a4,32,missing_knowledge
user32.dll,0x1800464ca,func_pdata_0x1800464ca,func_pdata_,Y,23,8,1,0,N,N,0x5a1b8dc8b139ff43,32,missing_knowledge
user32.dll,0x1800464ee,func_pdata_0x1800464ee,func_pdata_,Y,1e3,6a,1,0,N,N,0x54be1787cf46afe6,32,missing_knowledge
user32.dll,0x1800466d2,func_pdata_0x1800466d2,func_pdata_,Y,5b,15,1,0,N,N,0x0c7ca90ae2479240,32,missing_knowledge
user32.dll,0x18004672e,func_pdata_0x18004672e,func_pdata_,Y,3db,112,1,0,N,N,0xa432e2aa4190d52c,32,missing_knowledge
user32.dll,0x180046b0a,func_pdata_0x180046b0a,func_pdata_,Y,17,5,1,0,N,N,0x1062040cf41509f8,32,missing_knowledge
user32.dll,0x180046b22,func_pdata_0x180046b22,func_pdata_,Y,26,9,1,0,N,N,0x8ce6a8e1050ebb3a,32,missing_knowledge
user32.dll,0x180046b4a,func_pdata_0x180046b4a,func_pdata_,Y,18,6,2,0,N,N,0xf8f9affb1c4236ec,32,missing_knowledge
user32.dll,0x180046b64,func_pdata_0x180046b64,func_pdata_,Y,35,f,1,0,N,N,0xde0b887363ab3d3b,32,missing_knowledge
user32.dll,0x180046b9a,func_pdata_0x180046b9a,func_pdata_,Y,30,b,1,0,N,N,0x7106dd254822c06c,32,missing_knowledge
user32.dll,0x180046bcc,func_pdata_0x180046bcc,func_pdata_,Y,bb,37,1,0,N,N,0xdb68f82a757e1ad0,32,missing_knowledge
user32.dll,0x180046c88,func_pdata_0x180046c88,func_pdata_,Y,743,1ae,1,0,N,N,0x63d2a5f1aa03a54d,32,missing_knowledge
user32.dll,0x1800473cc,func_pdata_0x1800473cc,func_pdata_,Y,3a,c,1,0,N,N,0xb4279d2154225d35,32,missing_knowledge
user32.dll,0x180047408,func_pdata_0x180047408,func_pdata_,Y,7,2,1,0,N,N,0x085d2ef77795e9af,32,missing_knowledge
user32.dll,0x180047410,func_pdata_0x180047410,func_pdata_,Y,156,52,1,0,N,N,0x51817ba221bda035,32,missing_knowledge
user32.dll,0x180047568,func_pdata_0x180047568,func_pdata_,Y,f2,40,7,0,N,N,0x64e49fa21b05bd20,32,missing_knowledge
user32.dll,0x18004765c,func_pdata_0x18004765c,func_pdata_,Y,3a,c,1,0,N,N,0x2da47674751f6eea,32,missing_knowledge
user32.dll,0x180047698,func_pdata_0x180047698,func_pdata_,Y,62,10,1,0,N,N,0x0ae235c367e9eddf,32,missing_knowledge
user32.dll,0x1800476fc,func_pdata_0x1800476fc,func_pdata_,Y,3a,c,1,0,N,N,0xafc3be6b2cdad290,32,missing_knowledge
user32.dll,0x180047738,func_pdata_0x180047738,func_pdata_,Y,26,9,1,0,N,N,0x8a836d3177d01d84,32,missing_knowledge
user32.dll,0x180047760,func_pdata_0x180047760,func_pdata_,Y,87,1e,1,0,N,N,0x47e74704edf58a04,32,missing_knowledge
user32.dll,0x1800477e8,func_pdata_0x1800477e8,func_pdata_,Y,17,5,1,0,N,N,0x1be88ec6c5f091ad,32,missing_knowledge
user32.dll,0x180047800,func_pdata_0x180047800,func_pdata_,Y,c3,2c,1,0,N,N,0x3749447d12722a9b,32,missing_knowledge
user32.dll,0x1800478c4,func_pdata_0x1800478c4,func_pdata_,Y,1e,6,1,0,N,N,0xc159ad3f3ababcb5,32,missing_knowledge
user32.dll,0x1800478e4,func_pdata_0x1800478e4,func_pdata_,Y,16,6,1,0,N,N,0x621ea433d71ada28,32,missing_knowledge
user32.dll,0x1800478fc,func_pdata_0x1800478fc,func_pdata_,Y,11,5,1,0,N,N,0x2333e5df989b3b4d,32,missing_knowledge
user32.dll,0x18004790e,func_pdata_0x18004790e,func_pdata_,Y,176,52,1,0,N,N,0x2eb7675f69ccf686,32,missing_knowledge
user32.dll,0x180047a86,func_pdata_0x180047a86,func_pdata_,Y,b4,34,1,0,N,N,0xd233d023e67953ca,32,missing_knowledge
user32.dll,0x180047b3c,func_pdata_0x180047b3c,func_pdata_,Y,4a7,149,1,0,N,N,0x2785540b6e3ef27e,32,missing_knowledge
user32.dll,0x180047ffa,func_pdata_0x180047ffa,func_pdata_,Y,6d,19,1,0,N,N,0x0c94b0b9c3b09db9,32,missing_knowledge
user32.dll,0x180048068,func_pdata_0x180048068,func_pdata_,Y,18,6,1,0,N,N,0x8accb9383df1fc8e,32,missing_knowledge
user32.dll,0x180048082,func_pdata_0x180048082,func_pdata_,Y,33,c,1,0,N,N,0x524b3c38057648a8,32,missing_knowledge
user32.dll,0x1800480b6,func_pdata_0x1800480b6,func_pdata_,Y,1b,7,1,0,N,N,0x62a0ef501b815a12,32,missing_knowledge
user32.dll,0x1800480d2,func_pdata_0x1800480d2,func_pdata_,Y,19,6,1,0,N,N,0xc1644f256ecdc2a7,32,missing_knowledge
user32.dll,0x1800480ec,func_pdata_0x1800480ec,func_pdata_,Y,a5,25,1,0,N,N,0x1f79268ef31eadee,32,missing_knowledge
user32.dll,0x180048192,func_pdata_0x180048192,func_pdata_,Y,e1,2f,1,0,N,N,0x34d1db5203c39e26,32,missing_knowledge
user32.dll,0x180048274,func_pdata_0x180048274,func_pdata_,Y,27,9,1,0,N,N,0x1b7c22dc3c3b1ee4,32,missing_knowledge
user32.dll,0x18004829c,func_pdata_0x18004829c,func_pdata_,Y,176,5d,1,1,N,N,0x90265af5b05457d9,32,missing_knowledge
user32.dll,0x18004842a,func_pdata_0x18004842a,func_pdata_,Y,50,14,1,0,N,N,0x28eb4923f09adc26,32,missing_knowledge
user32.dll,0x18004848e,func_pdata_0x18004848e,func_pdata_,Y,9,2,1,0,N,N,0x8a0c376864674e26,32,missing_knowledge
user32.dll,0x180048498,func_pdata_0x180048498,func_pdata_,Y,d4,2d,1,0,N,N,0x9a9fa24f9a59e537,32,missing_knowledge
user32.dll,0x18004856e,func_pdata_0x18004856e,func_pdata_,Y,1e,6,1,0,N,N,0x521eec854cab2634,32,missing_knowledge
user32.dll,0x18004858e,func_pdata_0x18004858e,func_pdata_,Y,27,9,1,0,N,N,0x9c406121f402a136,32,missing_knowledge
user32.dll,0x1800485b6,func_pdata_0x1800485b6,func_pdata_,Y,43c,107,1,0,N,N,0xb7efd2817f9d3279,32,missing_knowledge
user32.dll,0x1800489f4,func_pdata_0x1800489f4,func_pdata_,Y,1e,7,1,0,N,N,0x93423de312970216,32,missing_knowledge
user32.dll,0x180048a14,func_pdata_0x180048a14,func_pdata_,Y,14,5,1,0,N,N,0xb49c8ef7dacafa19,32,missing_knowledge
user32.dll,0x180048a2a,func_pdata_0x180048a2a,func_pdata_,Y,16,5,1,0,N,N,0x44ff6fc469ec2bdf,32,missing_knowledge
user32.dll,0x180048a42,func_pdata_0x180048a42,func_pdata_,Y,13,5,1,0,N,N,0x9b531b4e511a1bfc,32,missing_knowledge
user32.dll,0x180048a56,func_pdata_0x180048a56,func_pdata_,Y,64,15,2,0,N,N,0x4f9de7427fbdeaef,32,missing_knowledge
user32.dll,0x180048abc,func_pdata_0x180048abc,func_pdata_,Y,40,e,1,0,N,N,0x80d0afedfa110432,32,missing_knowledge
user32.dll,0x180048afe,func_pdata_0x180048afe,func_pdata_,Y,18,6,1,0,N,N,0xb55fb28fdc0cbcc4,32,missing_knowledge
user32.dll,0x180048b2e,func_pdata_0x180048b2e,func_pdata_,Y,4b,11,1,0,N,N,0x2c516062dfafaefa,32,missing_knowledge
user32.dll,0x180048b7a,func_pdata_0x180048b7a,func_pdata_,Y,16,5,1,0,N,N,0x0f2b2c8a50b9a1b4,32,missing_knowledge
user32.dll,0x180048b92,func_pdata_0x180048b92,func_pdata_,Y,1e,6,1,0,N,N,0x22cfddb70b9ac426,32,missing_knowledge
user32.dll,0x180048bb2,func_pdata_0x180048bb2,func_pdata_,Y,aa,29,1,0,N,N,0xd83127d2bccf1387,32,missing_knowledge
user32.dll,0x180048c5e,func_pdata_0x180048c5e,func_pdata_,Y,f5,3f,1,0,N,N,0xe2696239483802f7,32,missing_knowledge
user32.dll,0x180048d54,func_pdata_0x180048d54,func_pdata_,Y,44,e,1,0,N,N,0xc6a46019c1a97153,32,missing_knowledge
user32.dll,0x180048d9a,func_pdata_0x180048d9a,func_pdata_,Y,21,7,1,0,N,N,0xd50932c6c08fd7bf,32,missing_knowledge
user32.dll,0x180048dbc,func_pdata_0x180048dbc,func_pdata_,Y,8a,23,1,0,N,N,0x494bb978f236c77b,32,missing_knowledge
user32.dll,0x180048e48,func_pdata_0x180048e48,func_pdata_,Y,17,5,1,0,N,N,0xcd1fc8430bade2e3,32,missing_knowledge
user32.dll,0x180048e60,func_pdata_0x180048e60,func_pdata_,Y,20,8,1,0,N,N,0x43e48212ae6e21d6,32,missing_knowledge
user32.dll,0x180048e82,func_pdata_0x180048e82,func_pdata_,Y,22,8,1,0,N,N,0x68627829291daf50,32,missing_knowledge
user32.dll,0x180048ea6,func_pdata_0x180048ea6,func_pdata_,Y,42,11,1,0,N,N,0x37137afb8794405a,32,missing_knowledge
user32.dll,0x180048eea,func_pdata_0x180048eea,func_pdata_,Y,a6,25,1,0,N,N,0x3500c5158860b517,32,missing_knowledge
user32.dll,0x180048f92,func_pdata_0x180048f92,func_pdata_,Y,6d,19,1,0,N,N,0x8bfa4f895d35cf24,32,missing_knowledge
user32.dll,0x180049000,func_pdata_0x180049000,func_pdata_,Y,2e,9,1,0,N,N,0xfdc25b75b4fafb08,32,missing_knowledge
user32.dll,0x180049030,func_pdata_0x180049030,func_pdata_,Y,18,7,3,0,N,N,0xe9121485e32c25ee,32,missing_knowledge
user32.dll,0x18004904a,func_pdata_0x18004904a,func_pdata_,Y,37,f,1,1,N,N,0xc789b4e0df256d70,32,missing_knowledge
user32.dll,0x180049082,func_pdata_0x180049082,func_pdata_,Y,24e,87,1,0,N,N,0x34823492bb2b6ad9,32,missing_knowledge
user32.dll,0x1800492d2,func_pdata_0x1800492d2,func_pdata_,Y,16,5,1,0,N,N,0x28e68176d201d711,32,missing_knowledge
user32.dll,0x1800492ea,func_pdata_0x1800492ea,func_pdata_,Y,17,5,2,0,N,N,0xa440a4c377723938,32,missing_knowledge
user32.dll,0x180049302,func_pdata_0x180049302,func_pdata_,Y,3c4,f0,1,0,N,N,0x146117ab0651bb63,32,missing_knowledge
user32.dll,0x1800496c8,func_pdata_0x1800496c8,func_pdata_,Y,b4,32,1,0,N,N,0x3a9e8256b00c3851,32,missing_knowledge
user32.dll,0x18004977e,func_pdata_0x18004977e,func_pdata_,Y,19,4,1,0,N,N,0x1de6a08d647591f9,32,missing_knowledge
user32.dll,0x180049798,func_pdata_0x180049798,func_pdata_,Y,1cf,7b,1,0,N,N,0xc46676a1bce87e3a,32,missing_knowledge
user32.dll,0x180049968,func_pdata_0x180049968,func_pdata_,Y,10,5,1,0,N,N,0xd45fcb5aadd304a0,32,missing_knowledge
user32.dll,0x18004997a,func_pdata_0x18004997a,func_pdata_,Y,127,51,1,0,N,N,0xcca2a4568ddaa64d,32,missing_knowledge
user32.dll,0x180049aa2,func_pdata_0x180049aa2,func_pdata_,Y,34e,d9,1,0,N,N,0x04a5242db3b49b31,32,missing_knowledge
user32.dll,0x180049df2,func_pdata_0x180049df2,func_pdata_,Y,a,3,1,0,N,N,0x1875ccc020f3d106,32,missing_knowledge
user32.dll,0x180049dfe,func_pdata_0x180049dfe,func_pdata_,Y,7f,1b,1,0,N,N,0x655599525af5fb2b,32,missing_knowledge
user32.dll,0x180049e7e,func_pdata_0x180049e7e,func_pdata_,Y,4,1,1,0,N,N,0x31f68cc5a79795ae,32,missing_knowledge
user32.dll,0x180049e84,func_pdata_0x180049e84,func_pdata_,Y,1d8,77,1,0,N,N,0xaf2a14b190dddda3,32,missing_knowledge
user32.dll,0x18004a05e,func_pdata_0x18004a05e,func_pdata_,Y,33,b,1,0,N,N,0x2ecd39aedb50baba,32,missing_knowledge
user32.dll,0x18004a092,func_pdata_0x18004a092,func_pdata_,Y,43,11,1,0,N,N,0xdbe76d1b9942c6de,32,missing_knowledge
user32.dll,0x18004a0d6,func_pdata_0x18004a0d6,func_pdata_,Y,1c,7,5,0,N,N,0xfa468aa91408f493,32,missing_knowledge
user32.dll,0x18004a0f4,func_pdata_0x18004a0f4,func_pdata_,Y,3a,c,1,0,N,N,0x8fe582401326de0f,32,missing_knowledge
user32.dll,0x18004a148,func_pdata_0x18004a148,func_pdata_,Y,8d,26,1,0,N,N,0xf833866191681660,32,missing_knowledge
user32.dll,0x18004a1d6,func_pdata_0x18004a1d6,func_pdata_,Y,d7,36,1,0,N,N,0x9d80dcf2f8281e27,32,missing_knowledge
user32.dll,0x18004a2ae,func_pdata_0x18004a2ae,func_pdata_,Y,6a,18,2,0,N,N,0xa03d7dbafacf36d8,32,missing_knowledge
user32.dll,0x18004a31a,func_pdata_0x18004a31a,func_pdata_,Y,3e,12,1,0,N,N,0xa94a8966570548c2,32,missing_knowledge
user32.dll,0x18004a35a,func_pdata_0x18004a35a,func_pdata_,Y,5c2,174,1,0,N,N,0x568bcda1f120a18e,32,missing_knowledge
user32.dll,0x18004a91e,func_pdata_0x18004a91e,func_pdata_,Y,23,8,1,0,N,N,0x084f71e0e0492158,32,missing_knowledge
user32.dll,0x18004a942,func_pdata_0x18004a942,func_pdata_,Y,416,108,1,0,N,N,0xa0a4cf0782d6835d,32,missing_knowledge
user32.dll,0x18004ad5a,func_pdata_0x18004ad5a,func_pdata_,Y,73,1c,1,0,N,N,0x5627b0347203e886,32,missing_knowledge
user32.dll,0x18004adce,func_pdata_0x18004adce,func_pdata_,Y,31,b,1,0,N,N,0x1b1a23b970bc16c0,32,missing_knowledge
user32.dll,0x18004ae00,func_pdata_0x18004ae00,func_pdata_,Y,16,5,1,0,N,N,0xa1fe8512d86698cb,32,missing_knowledge
user32.dll,0x18004ae18,func_pdata_0x18004ae18,func_pdata_,Y,222,96,1,0,N,N,0xd249926536726eac,32,missing_knowledge
user32.dll,0x18004b03c,func_pdata_0x18004b03c,func_pdata_,Y,1be,67,1,0,N,N,0xe927a49587040da4,32,missing_knowledge
user32.dll,0x18004b1fc,func_pdata_0x18004b1fc,func_pdata_,Y,a,3,1,0,N,N,0xfd5857ab4db234bc,32,missing_knowledge
user32.dll,0x18004b208,func_pdata_0x18004b208,func_pdata_,Y,9c,26,1,0,N,N,0xb69fad2ab13acf1c,32,missing_knowledge
user32.dll,0x18004b2a6,func_pdata_0x18004b2a6,func_pdata_,Y,1c,6,1,0,N,N,0x88d22b28eb031359,32,missing_knowledge
user32.dll,0x18004b2c4,func_pdata_0x18004b2c4,func_pdata_,Y,f5,46,1,0,N,N,0x7e71ed495e26dda4,32,missing_knowledge
user32.dll,0x18004b3ba,func_pdata_0x18004b3ba,func_pdata_,Y,2e,a,1,0,N,N,0x0696ca69c39f8828,32,missing_knowledge
user32.dll,0x18004b3ea,func_pdata_0x18004b3ea,func_pdata_,Y,179,5f,1,0,N,N,0x036a5f5124513636,32,missing_knowledge
user32.dll,0x18004b564,func_pdata_0x18004b564,func_pdata_,Y,28a,a8,1,0,N,N,0xbcafa4060ad20bef,32,missing_knowledge
user32.dll,0x18004b7f0,func_pdata_0x18004b7f0,func_pdata_,Y,17,5,1,0,N,N,0xd26f9fc3ec890306,32,missing_knowledge
user32.dll,0x18004b808,func_pdata_0x18004b808,func_pdata_,Y,47,10,1,0,N,N,0x2e7a31a93ffbf6ac,32,missing_knowledge
user32.dll,0x18004b850,func_pdata_0x18004b850,func_pdata_,Y,207,71,1,0,N,N,0x25b236e268ec2d4a,32,missing_knowledge
user32.dll,0x18004ba58,func_pdata_0x18004ba58,func_pdata_,Y,b8,28,1,0,N,N,0x31168a2fc6ca8e30,32,missing_knowledge
user32.dll,0x18004bb12,func_pdata_0x18004bb12,func_pdata_,Y,23,9,1,0,N,N,0xf856a4571ed68b42,32,missing_knowledge
user32.dll,0x18004bb36,func_pdata_0x18004bb36,func_pdata_,Y,262,87,1,0,N,N,0x69f5d0c4216fab93,32,missing_knowledge
user32.dll,0x18004bd9a,func_pdata_0x18004bd9a,func_pdata_,Y,2f0,c8,1,0,N,N,0xd0b87ef10b64e51a,32,missing_knowledge
user32.dll,0x18004c08c,func_pdata_0x18004c08c,func_pdata_,Y,2a,c,1,0,N,N,0x7eea2473143cf224,32,missing_knowledge
user32.dll,0x18004c0b8,func_pdata_0x18004c0b8,func_pdata_,Y,b7,33,1,0,N,N,0x0ab47581161aa388,32,missing_knowledge
user32.dll,0x18004c170,func_pdata_0x18004c170,func_pdata_,Y,104,41,1,0,N,N,0x257f6aac6629f90f,32,missing_knowledge
user32.dll,0x18004c276,func_pdata_0x18004c276,func_pdata_,Y,1c1,65,1,0,N,N,0x4449cad8cadb2afc,32,missing_knowledge
user32.dll,0x18004c442,func_pdata_0x18004c442,func_pdata_,Y,43,f,1,0,N,N,0xe25245cd94577905,32,missing_knowledge
user32.dll,0x18004c486,func_pdata_0x18004c486,func_pdata_,Y,64,18,1,0,N,N,0xa2573512d80b1571,32,missing_knowledge
user32.dll,0x18004c4ec,func_pdata_0x18004c4ec,func_pdata_,Y,14,5,2,1,N,N,0xba87b3ece89b530b,32,missing_knowledge
user32.dll,0x18004c502,func_pdata_0x18004c502,func_pdata_,Y,5b,1a,1,0,N,N,0x65d1a7b0f6581fa3,32,missing_knowledge
user32.dll,0x18004c55e,func_pdata_0x18004c55e,func_pdata_,Y,a4,29,1,0,N,N,0xa04529a8d251d10c,32,missing_knowledge
user32.dll,0x18004c604,func_pdata_0x18004c604,func_pdata_,Y,d9,2e,1,0,N,N,0xc180e93dd5bf2e52,32,missing_knowledge
user32.dll,0x18004c6de,func_pdata_0x18004c6de,func_pdata_,Y,d,5,1,0,N,N,0xbae8039280f6467f,32,missing_knowledge
user32.dll,0x18004c6ec,func_pdata_0x18004c6ec,func_pdata_,Y,32,9,1,0,N,N,0x7baa2144b3bc78a1,32,missing_knowledge
user32.dll,0x18004c720,func_pdata_0x18004c720,func_pdata_,Y,cf,30,1,0,N,N,0x5a20dadf9089dc71,32,missing_knowledge
user32.dll,0x18004c7f0,func_pdata_0x18004c7f0,func_pdata_,Y,158,5d,1,0,N,N,0x2e1fbcfc72cf2f67,32,missing_knowledge
user32.dll,0x18004c94a,func_pdata_0x18004c94a,func_pdata_,Y,5b,1a,1,0,N,N,0x87943ae8227eb5f7,32,missing_knowledge
user32.dll,0x18004c9a6,func_pdata_0x18004c9a6,func_pdata_,Y,65,1c,1,0,N,N,0x4547d89d1c1e3420,32,missing_knowledge
user32.dll,0x18004ca0c,func_pdata_0x18004ca0c,func_pdata_,Y,280,95,2,0,N,N,0x00a51a35141d9d1a,32,missing_knowledge
user32.dll,0x18004cc8e,func_pdata_0x18004cc8e,func_pdata_,Y,42,e,1,0,N,N,0x0e03ae2d10459b13,32,missing_knowledge
user32.dll,0x18004ccd2,func_pdata_0x18004ccd2,func_pdata_,Y,119,4d,1,0,N,N,0x3019108591dcf8d5,32,missing_knowledge
user32.dll,0x18004cdec,func_pdata_0x18004cdec,func_pdata_,Y,14,4,1,0,N,N,0x1317a5ae67332f03,32,missing_knowledge
user32.dll,0x18004ce02,func_pdata_0x18004ce02,func_pdata_,Y,1b,8,1,0,N,N,0x8261746039d1b378,32,missing_knowledge
user32.dll,0x18004ce24,func_pdata_0x18004ce24,func_pdata_,Y,2ad,a4,3,0,N,N,0x4af341e603e219e0,32,missing_knowledge
user32.dll,0x18004d0d8,func_call_0x18004d0d8,func_call_,Y,2b,c,2,0,N,N,0x211768dd9533b621,32,missing_knowledge
user32.dll,0x18004d110,func_pdata_0x18004d110,func_pdata_,Y,a0,30,0,0,N,N,0x5d1ecf0ac2a0679c,32,missing_knowledge
user32.dll,0x18004d1b8,func_pdata_0x18004d1b8,func_pdata_,Y,2b,e,4,0,N,N,0xc69f2f8dfe12c20b,32,missing_knowledge
user32.dll,0x18004d1f0,func_pdata_0x18004d1f0,func_pdata_,Y,63,1b,0,0,N,N,0x79e09112fa966c48,32,missing_knowledge
user32.dll,0x18004d260,func_pdata_0x18004d260,func_pdata_,Y,27,a,1,0,N,N,0x8647dc3b4da39802,32,missing_knowledge
user32.dll,0x18004d290,func_pdata_0x18004d290,func_pdata_,Y,2e3,d6,6,0,N,N,0xe0814f31d49144a9,32,missing_knowledge
user32.dll,0x18004d580,func_pdata_0x18004d580,func_pdata_,Y,bd,35,0,0,N,N,0x253a39a074f52225,32,missing_knowledge
user32.dll,0x18004d644,func_pdata_0x18004d644,func_pdata_,Y,df,3c,1,0,N,N,0x6bce771213e4405b,32,missing_knowledge
user32.dll,0x18004d72c,func_pdata_0x18004d72c,func_pdata_,Y,85,21,6,0,N,N,0xa7e3b801929430a8,32,missing_knowledge
user32.dll,0x18004d7c0,func_pdata_0x18004d7c0,func_pdata_,Y,8d,2a,0,0,N,N,0xa6929f3c6676fb23,32,missing_knowledge
user32.dll,0x18004d854,func_pdata_0x18004d854,func_pdata_,Y,64,20,2,0,N,N,0x5daff011870e41e4,32,missing_knowledge
user32.dll,0x18004d8c0,func_call_0x18004d8c0,func_call_,Y,20,b,4,0,N,N,0x205788a925466eec,32,missing_knowledge
user32.dll,0x18004d8f0,func_pdata_0x18004d8f0,func_pdata_,Y,4e8,152,6,0,N,N,0xf5b68ad0b708126f,32,missing_knowledge
user32.dll,0x18004dde0,func_pdata_0x18004dde0,func_pdata_,Y,109,45,2,0,N,N,0x14a70388bec5de65,32,missing_knowledge
user32.dll,0x18004def0,func_pdata_0x18004def0,func_pdata_,Y,f5,41,3,0,N,N,0xe4362b1952d77406,32,missing_knowledge
user32.dll,0x18004dfec,func_pdata_0x18004dfec,func_pdata_,Y,2c6,bd,3,0,N,N,0x3033865c3d739fb9,32,missing_knowledge
user32.dll,0x18004e2bc,func_pdata_0x18004e2bc,func_pdata_,Y,51,17,3,0,N,N,0xcc46444f31774728,32,missing_knowledge
user32.dll,0x18004e314,func_pdata_0x18004e314,func_pdata_,Y,263,ab,3,0,N,N,0xbfd988d71c26f59b,32,missing_knowledge
user32.dll,0x18004e580,func_pdata_0x18004e580,func_pdata_,Y,6e,24,2,0,N,N,0xe04c41696f512071,32,missing_knowledge
user32.dll,0x18004e5f8,func_call_0x18004e5f8,func_call_,Y,17,8,8,0,N,N,0x277333582039294a,32,missing_knowledge
user32.dll,0x18004e644,func_pdata_0x18004e644,func_pdata_,Y,f8,42,3,0,N,N,0x1e1c9cb06a4afcf2,32,missing_knowledge
user32.dll,0x18004e750,func_pdata_0x18004e750,func_pdata_,Y,9e,2f,0,0,N,N,0xeeaefc5072009c01,32,missing_knowledge
user32.dll,0x18004e7f8,func_pdata_0x18004e7f8,func_pdata_,Y,b8,33,3,0,N,N,0x1eca4d5ec830c369,32,missing_knowledge
user32.dll,0x18004e8b8,func_call_0x18004e8b8,func_call_,Y,65,1f,6,0,N,N,0x1c1d2d9b1d243f6a,32,missing_knowledge
user32.dll,0x18004e934,func_pdata_0x18004e934,func_pdata_,Y,52b,136,1,0,N,N,0xb579f3592b3dea25,32,missing_knowledge
user32.dll,0x18004ee68,func_pdata_0x18004ee68,func_pdata_,Y,eb,3d,1,0,N,N,0xdfc1fa63c350f2b9,32,missing_knowledge
user32.dll,0x18004ef60,func_pdata_0x18004ef60,func_pdata_,Y,1a4,74,0,0,N,N,0xee9dd99da5eb6420,32,missing_knowledge
user32.dll,0x18004f110,func_data_0x6442774800,func_data_,Y,0,0,0,0,N,N,0x5cb0c90075eec381,32,discovery_failure
user32.dll,0x18004f174,func_pdata_0x18004f174,func_pdata_,Y,8a,29,4,0,N,N,0x34c9cb96d4beccf8,32,missing_knowledge
user32.dll,0x18004f210,func_pdata_0x18004f210,func_pdata_,Y,1ce,6c,0,0,N,N,0x18cb505743d04119,32,missing_knowledge
user32.dll,0x18004f3f0,func_pdata_0x18004f3f0,func_pdata_,Y,1dd,72,0,0,N,N,0x7367254a65edf3cd,32,missing_knowledge
user32.dll,0x18004f5e0,func_pdata_0x18004f5e0,func_pdata_,Y,1f9,73,0,0,N,N,0x7367254a65edf3cd,32,missing_knowledge
user32.dll,0x18004f7e0,func_pdata_0x18004f7e0,func_pdata_,Y,1dd,72,0,0,N,N,0x7367254a65edf3cd,32,missing_knowledge
user32.dll,0x18004f9d0,func_pdata_0x18004f9d0,func_pdata_,Y,1f9,73,0,0,N,N,0x7367254a65edf3cd,32,missing_knowledge
user32.dll,0x18004fbd0,func_data_0x6442777552,func_data_,Y,0,0,0,0,N,N,0x3f980e291a281885,32,discovery_failure
user32.dll,0x18004fbf0,func_data_0x6442777584,func_data_,Y,0,0,0,0,N,N,0x50cd40dbe49f23c4,32,discovery_failure
user32.dll,0x18004fc10,func_data_0x6442777616,func_data_,Y,0,0,0,0,N,N,0xa80a2844af253eda,32,discovery_failure
user32.dll,0x18004fc30,func_pdata_0x18004fc30,func_pdata_,Y,26,b,0,0,N,N,0xbaf5ec4a85eade1a,32,missing_knowledge
user32.dll,0x18004fc60,func_pdata_0x18004fc60,func_pdata_,Y,26,c,0,0,N,N,0x9875a80e667ddcc5,32,missing_knowledge
user32.dll,0x18004fc90,func_pdata_0x18004fc90,func_pdata_,Y,7d,1e,2,0,N,N,0x210ca75219fe0aef,32,missing_knowledge
user32.dll,0x18004fd14,func_pdata_0x18004fd14,func_pdata_,Y,d2,33,1,0,N,N,0x154dc14d4671e774,32,missing_knowledge
user32.dll,0x18004fdf0,func_pdata_0x18004fdf0,func_pdata_,Y,b2,2b,2,0,N,N,0xbd0644de02e125fb,32,missing_knowledge
user32.dll,0x18004feac,func_pdata_0x18004feac,func_pdata_,Y,50,13,2,0,N,N,0xbe19c5bd211a58c0,32,missing_knowledge
user32.dll,0x18004ff04,func_pdata_0x18004ff04,func_pdata_,Y,d5,3a,1,0,N,N,0xe32dadeed3f3ddc5,32,missing_knowledge
user32.dll,0x18004ffe0,func_pdata_0x18004ffe0,func_pdata_,Y,127,4f,0,0,N,N,0xb18e7e7d4be4918f,32,missing_knowledge
user32.dll,0x180050110,func_pdata_0x180050110,func_pdata_,Y,17e,69,3,0,N,N,0xe8d028afc22ab3bb,32,missing_knowledge
user32.dll,0x180050298,func_call_0x180050298,func_call_,Y,16,8,2,0,N,N,0xc890afdbe5c025de,32,missing_knowledge
user32.dll,0x1800502b0,func_start_0x1800502b0,func_start_,Y,2,2,2,0,N,N,0x768c2dc616bfcd84,32,missing_knowledge
user32.dll,0x1800502bc,func_pdata_0x1800502bc,func_pdata_,Y,1a7,71,3,0,N,N,0x81d61f9028e003bb,32,missing_knowledge
user32.dll,0x18005046c,func_pdata_0x18005046c,func_pdata_,Y,118,46,1,0,N,N,0x8793341aefbb867e,32,missing_knowledge
user32.dll,0x18005058c,func_pdata_0x18005058c,func_pdata_,Y,53,17,1,0,N,N,0x020a8197afe6acd4,32,missing_knowledge
user32.dll,0x1800505f0,func_pdata_0x1800505f0,func_pdata_,Y,7e,23,6,0,N,N,0x1e8f17e56bd55a0f,32,missing_knowledge
user32.dll,0x180050680,func_pdata_0x180050680,func_pdata_,Y,1c,7,0,0,N,N,0x7a9fd8dd77c8d4f0,32,missing_knowledge
user32.dll,0x1800506b0,func_pdata_0x1800506b0,func_pdata_,Y,b6,31,0,0,N,N,0xfbc2c34d0fb2d4ac,32,missing_knowledge
user32.dll,0x180050770,func_pdata_0x180050770,func_pdata_,Y,1c8,7f,0,0,N,N,0xf3c64fcfcd084ecf,32,missing_knowledge
user32.dll,0x180050940,func_call_0x180050940,func_call_,Y,21,c,8,0,N,N,0x32158dbc2915c53d,32,missing_knowledge
user32.dll,0x18005096c,func_pdata_0x18005096c,func_pdata_,Y,94,23,6,0,N,N,0xd84d9c71c4e8f1ec,32,missing_knowledge
user32.dll,0x180050a10,func_data_0x6442781200,func_data_,Y,0,0,0,0,N,N,0xaaf54de62354c099,32,discovery_failure
user32.dll,0x180050a30,func_pdata_0x180050a30,func_pdata_,Y,16,5,0,0,N,N,0x03bf2d4336d126f4,32,missing_knowledge
user32.dll,0x180050a50,func_data_0x6442781264,func_data_,Y,0,0,0,0,N,N,0xeb15e120511e2c79,32,discovery_failure
user32.dll,0x180050a70,func_pdata_0x180050a70,func_pdata_,Y,39,10,0,0,N,N,0x832544a8942a5ba4,32,missing_knowledge
user32.dll,0x180050ab0,func_pdata_0x180050ab0,func_pdata_,Y,6a,20,1,0,N,N,0x805b3ad405c582eb,32,missing_knowledge
user32.dll,0x180050b30,func_pdata_0x180050b30,func_pdata_,Y,22,b,0,0,N,N,0x3b3e46e6a0030414,32,missing_knowledge
user32.dll,0x180050b60,func_data_0x6442781536,func_data_,Y,0,0,0,0,N,N,0x22100933e544c018,32,discovery_failure
user32.dll,0x180050ba0,func_pdata_0x180050ba0,func_pdata_,Y,85,28,0,0,N,N,0x36a88b562cf3dae7,32,missing_knowledge
user32.dll,0x180050c30,func_jmp_0x180050c30,func_jmp_,Y,4,1,0,0,N,N,0x4b5e34dbf479b426,32,missing_knowledge
user32.dll,0x180050c40,func_data_0x6442781760,func_data_,Y,0,0,0,0,N,N,0x00ceec11dd70dab5,32,discovery_failure
user32.dll,0x180050c90,func_pdata_0x180050c90,func_pdata_,Y,59,18,0,0,N,N,0x2e79c01463b3fbc1,32,missing_knowledge
user32.dll,0x180050cf0,func_pdata_0x180050cf0,func_pdata_,Y,3b,12,0,0,N,N,0xd8db718ead4e1241,32,missing_knowledge
user32.dll,0x180050d34,func_pdata_0x180050d34,func_pdata_,Y,f5,41,1,0,N,N,0xd9b35fa532ca2534,32,missing_knowledge
user32.dll,0x180050e30,func_pdata_0x180050e30,func_pdata_,Y,16,5,0,0,N,N,0x49c8e04a87032b15,32,missing_knowledge
user32.dll,0x180050e50,func_pdata_0x180050e50,func_pdata_,Y,13,5,0,0,N,N,0x9f02939de6ae197c,32,missing_knowledge
user32.dll,0x180050e6c,func_pdata_0x180050e6c,func_pdata_,Y,f8,3d,2,0,N,N,0x9eb17b8a79303a13,32,missing_knowledge
user32.dll,0x180050f70,func_pdata_0x180050f70,func_pdata_,Y,3f,f,0,0,N,N,0xa81be5261963bd2d,32,missing_knowledge
user32.dll,0x180050fb8,func_pdata_0x180050fb8,func_pdata_,Y,de,3c,0,0,N,N,0x659ddd1f80a1be68,32,missing_knowledge
user32.dll,0x1800510a0,func_pdata_0x1800510a0,func_pdata_,Y,16,5,0,0,N,N,0x49c8e04a87032b15,32,missing_knowledge
user32.dll,0x1800510c0,func_pdata_0x1800510c0,func_pdata_,Y,13,5,0,0,N,N,0x9f02939de6ae197c,32,missing_knowledge
user32.dll,0x1800510dc,func_pdata_0x1800510dc,func_pdata_,Y,12b,4e,2,0,N,N,0x0b368e9702e2d1b0,32,missing_knowledge
user32.dll,0x180051210,func_pdata_0x180051210,func_pdata_,Y,16,5,0,0,N,N,0x49c8e04a87032b15,32,missing_knowledge
user32.dll,0x180051230,func_pdata_0x180051230,func_pdata_,Y,13,5,0,0,N,N,0xba962e7ce5cb55bd,32,missing_knowledge
user32.dll,0x18005124c,func_pdata_0x18005124c,func_pdata_,Y,12f,4d,2,0,N,N,0xe9fb59f5c443ebf8,32,missing_knowledge
user32.dll,0x180051384,func_pdata_0x180051384,func_pdata_,Y,b3,22,0,0,N,N,0x747dc094488b29d7,32,missing_knowledge
user32.dll,0x180051440,func_pdata_0x180051440,func_pdata_,Y,20,7,0,0,N,N,0x58f02dfc030a725d,32,missing_knowledge
user32.dll,0x180051470,func_data_0x6442783856,func_data_,Y,0,0,0,0,N,N,0xa4f6d6b02063f173,32,discovery_failure
user32.dll,0x180051490,func_pdata_0x180051490,func_pdata_,Y,76,1b,0,0,N,N,0x20f265ddfff51e52,32,missing_knowledge
user32.dll,0x180051510,func_pdata_0x180051510,func_pdata_,Y,73,1b,0,0,N,N,0x49f6667dcedad285,32,missing_knowledge
user32.dll,0x180051590,func_data_0x6442784144,func_data_,Y,0,0,0,0,N,N,0x8fe7cc6b67e17631,32,discovery_failure
user32.dll,0x1800515b0,func_pdata_0x1800515b0,func_pdata_,Y,1c,7,0,0,N,N,0x9ab76be14145669d,32,missing_knowledge
user32.dll,0x1800515e0,func_pdata_0x1800515e0,func_pdata_,Y,128,48,0,0,N,N,0x71efa0acd9f6faa5,32,missing_knowledge
user32.dll,0x180051709,func_pdata_0x180051709,func_pdata_,Y,14,7,0,0,N,N,0x83934f6637c9c2e0,32,missing_knowledge
user32.dll,0x180051730,func_pdata_0x180051730,func_pdata_,Y,43,10,0,0,N,N,0xca353fcdd4149287,32,missing_knowledge
user32.dll,0x180051780,func_pdata_0x180051780,func_pdata_,Y,36,d,0,0,N,N,0xa1d24926ddae77c7,32,missing_knowledge
user32.dll,0x1800517c0,func_pdata_0x1800517c0,func_pdata_,Y,41,f,0,0,N,N,0x017a8f681c6d210a,32,missing_knowledge
user32.dll,0x180051810,func_pdata_0x180051810,func_pdata_,Y,38,d,0,0,N,N,0x3b8ff7ca74341471,32,missing_knowledge
user32.dll,0x180051850,func_pdata_0x180051850,func_pdata_,Y,41,f,0,0,N,N,0x017a8f681c6d210a,32,missing_knowledge
user32.dll,0x1800518a0,func_pdata_0x1800518a0,func_pdata_,Y,38,d,0,0,N,N,0x3b904fca7434a9f9,32,missing_knowledge
user32.dll,0x1800518e0,func_pdata_0x1800518e0,func_pdata_,Y,4b,12,0,0,N,N,0xb38687532027cb5a,32,missing_knowledge
user32.dll,0x180051940,func_pdata_0x180051940,func_pdata_,Y,43,10,0,0,N,N,0x3593acbabda82ad2,32,missing_knowledge
user32.dll,0x180051990,func_pdata_0x180051990,func_pdata_,Y,4b,12,0,0,N,N,0x7ba2ce1cc98b5d6c,32,missing_knowledge
user32.dll,0x1800519f0,func_pdata_0x1800519f0,func_pdata_,Y,44,10,0,0,N,N,0x3593acbabda82ad2,32,missing_knowledge
user32.dll,0x180051a40,func_pdata_0x180051a40,func_pdata_,Y,4b,12,0,0,N,N,0x7ba2ce1cc98b5d6c,32,missing_knowledge
user32.dll,0x180051aa0,func_pdata_0x180051aa0,func_pdata_,Y,44,10,0,0,N,N,0x3593acbabda82ad2,32,missing_knowledge
user32.dll,0x180051af0,func_data_0x6442785520,func_data_,Y,0,0,0,0,N,N,0x6608d89c8e7708a9,32,discovery_failure
user32.dll,0x180051b10,func_data_0x6442785552,func_data_,Y,0,0,0,0,N,N,0xd735ead04e9ad5a1,32,discovery_failure
user32.dll,0x180051b30,func_data_0x6442785584,func_data_,Y,0,0,0,0,N,N,0x6b1f5804cf734408,32,discovery_failure
user32.dll,0x180051b50,func_data_0x6442785616,func_data_,Y,0,0,0,0,N,N,0x34f11c91e4578c2f,32,discovery_failure
user32.dll,0x180051b6c,func_pdata_0x180051b6c,func_pdata_,Y,2b,a,2,0,N,N,0x38a1daef70cd90a8,32,missing_knowledge
user32.dll,0x180051ba0,func_pdata_0x180051ba0,func_pdata_,Y,234,80,1,0,N,N,0xcae171c23d670bfa,32,missing_knowledge
user32.dll,0x180051de0,func_pdata_0x180051de0,func_pdata_,Y,a8,2a,0,0,N,N,0x41bf9f0bdd7b469c,32,missing_knowledge
user32.dll,0x180051e90,func_pdata_0x180051e90,func_pdata_,Y,c2,32,0,0,N,N,0xe94cf75cd45cef57,32,missing_knowledge
user32.dll,0x180051f60,func_pdata_0x180051f60,func_pdata_,Y,bb,33,0,0,N,N,0xeb96a1ec99e377e5,32,missing_knowledge
user32.dll,0x180052030,func_pdata_0x180052030,func_pdata_,Y,85,27,0,0,N,N,0xe054af9bda16df42,32,missing_knowledge
user32.dll,0x1800520c0,func_pdata_0x1800520c0,func_pdata_,Y,84,24,0,0,N,N,0xde1d85eacbeace66,32,missing_knowledge
user32.dll,0x180052150,func_pdata_0x180052150,func_pdata_,Y,20,7,0,0,N,N,0x27bb6282151b703c,32,missing_knowledge
user32.dll,0x180052180,func_pdata_0x180052180,func_pdata_,Y,dc,38,0,0,N,N,0x4cbb2639e7f30283,32,missing_knowledge
user32.dll,0x180052270,func_pdata_0x180052270,func_pdata_,Y,c8,32,0,0,N,N,0xb349492a764fa64c,32,missing_knowledge
user32.dll,0x180052340,func_pdata_0x180052340,func_pdata_,Y,20,7,0,0,N,N,0x84a23f1d3c0eb16b,32,missing_knowledge
user32.dll,0x180052370,func_pdata_0x180052370,func_pdata_,Y,20,7,0,0,N,N,0xd3f04b5f54fbd2b1,32,missing_knowledge
user32.dll,0x1800523a0,func_pdata_0x1800523a0,func_pdata_,Y,de,38,1,0,N,N,0x331275437e8673dd,32,missing_knowledge
user32.dll,0x180052490,func_pdata_0x180052490,func_pdata_,Y,76,19,0,0,N,N,0x12f5d23b4f52c1c7,32,missing_knowledge
user32.dll,0x180052510,func_pdata_0x180052510,func_pdata_,Y,13e,49,0,0,N,N,0x4781129798872691,32,missing_knowledge
user32.dll,0x180052660,func_pdata_0x180052660,func_pdata_,Y,2f,d,0,0,N,N,0x2266e16c28490564,32,missing_knowledge
user32.dll,0x1800526a0,func_pdata_0x1800526a0,func_pdata_,Y,86,27,0,0,N,N,0x506c2369ddf0fbe9,32,missing_knowledge
user32.dll,0x180052730,func_pdata_0x180052730,func_pdata_,Y,19,7,0,0,N,N,0x2eb5130f7b9276ee,32,missing_knowledge
user32.dll,0x180052750,func_data_0x6442788688,func_data_,Y,0,0,0,0,N,N,0x1473f2954244513f,32,discovery_failure
user32.dll,0x180052768,func_start_0x180052768,func_start_,Y,2,2,0,0,N,N,0x0ed0f92da8c044bb,32,missing_knowledge
user32.dll,0x180052798,func_pdata_0x180052798,func_pdata_,Y,14e,5a,3,0,N,N,0xf29a645e872eba65,32,missing_knowledge
user32.dll,0x1800528f0,func_call_0x1800528f0,func_call_,Y,16,8,5,0,N,N,0x9cbf23d2e0846d87,32,missing_knowledge
user32.dll,0x180052908,func_start_0x180052908,func_start_,Y,2,2,1,0,N,N,0xa5658f490fb70827,32,missing_knowledge
user32.dll,0x180052914,func_pdata_0x180052914,func_pdata_,Y,104,45,2,0,N,N,0x4569232b7133b794,32,missing_knowledge
user32.dll,0x180052a20,func_pdata_0x180052a20,func_pdata_,Y,100,47,3,0,N,N,0x9f37dc6cc08532b4,32,missing_knowledge
user32.dll,0x180052b28,func_pdata_0x180052b28,func_pdata_,Y,e4,35,1,0,N,N,0x77024f3f5dd8589f,32,missing_knowledge
user32.dll,0x180052c14,func_pdata_0x180052c14,func_pdata_,Y,53,17,1,0,N,N,0xf1cd305f860cc778,32,missing_knowledge
user32.dll,0x180052c70,func_pdata_0x180052c70,func_pdata_,Y,7e,23,6,0,N,N,0x87c6e1fa8ebd74e7,32,missing_knowledge
user32.dll,0x180052d00,func_pdata_0x180052d00,func_pdata_,Y,2e,c,0,0,N,N,0xfbbe2dd2e36d6cd6,32,missing_knowledge
user32.dll,0x180052d40,func_pdata_0x180052d40,func_pdata_,Y,15d,5f,0,0,N,N,0xd6c96ed89499e61d,32,missing_knowledge
user32.dll,0x180052ea4,func_pdata_0x180052ea4,func_pdata_,Y,f5,3c,1,0,N,N,0x27fb667b41db54d4,32,missing_knowledge
user32.dll,0x180052fa0,func_call_0x180052fa0,func_call_,Y,3c,15,1,0,N,N,0x684b780f4a44272e,32,missing_knowledge
user32.dll,0x180053060,func_pdata_0x180053060,func_pdata_,Y,a8,30,0,0,N,N,0x542bf0de419e8b0c,32,missing_knowledge
user32.dll,0x180053110,func_pdata_0x180053110,func_pdata_,Y,a7,30,0,0,N,N,0xa5a860b8dd9bfbc4,32,missing_knowledge
user32.dll,0x1800531c0,func_pdata_0x1800531c0,func_pdata_,Y,1263,3e4,4,0,N,N,0xc20d9727f057a19a,32,missing_knowledge
user32.dll,0x18005442c,func_pdata_0x18005442c,func_pdata_,Y,11d,57,1,0,N,N,0x2af5e768e0478e9c,32,missing_knowledge
user32.dll,0x180054550,func_pdata_0x180054550,func_pdata_,Y,1b8,6c,3,0,N,N,0xf9c845021451af9f,32,missing_knowledge
user32.dll,0x180054709,func_pdata_0x180054709,func_pdata_,Y,29,c,0,0,N,N,0x7fdf8dc9fac5947e,32,missing_knowledge
user32.dll,0x180054733,func_pdata_0x180054733,func_pdata_,Y,29,c,0,0,N,N,0x3b01b288875cdb3e,32,missing_knowledge
user32.dll,0x180054764,func_pdata_0x180054764,func_pdata_,Y,92,2a,2,0,N,N,0x65bcd49a20af22f7,32,missing_knowledge
user32.dll,0x180054800,func_pdata_0x180054800,func_pdata_,Y,168,61,1,0,N,N,0x9caa7857574f890b,32,missing_knowledge
user32.dll,0x180054969,func_pdata_0x180054969,func_pdata_,Y,29,c,0,0,N,N,0x220b0bcb5497f675,32,missing_knowledge
user32.dll,0x18005499c,func_pdata_0x18005499c,func_pdata_,Y,53,19,1,0,N,N,0x5a2a13a100461345,32,missing_knowledge
user32.dll,0x1800549f8,func_pdata_0x1800549f8,func_pdata_,Y,163,63,8,0,N,N,0x6a93ae0ae23557ba,32,missing_knowledge
user32.dll,0x180054b64,func_pdata_0x180054b64,func_pdata_,Y,5ea,169,4,0,N,N,0xe39f00b7f78adc4e,32,missing_knowledge
user32.dll,0x18005514f,func_pdata_0x18005514f,func_pdata_,Y,2e,e,0,0,N,N,0xdaf6f51953fce30e,32,missing_knowledge
user32.dll,0x180055184,func_pdata_0x180055184,func_pdata_,Y,38,13,2,0,N,N,0x8ce59af52ccc7c31,32,missing_knowledge
user32.dll,0x1800551c4,func_pdata_0x1800551c4,func_pdata_,Y,d8,3a,1,0,N,N,0x5a3ecb6e569c1abe,32,missing_knowledge
user32.dll,0x1800552a4,func_call_0x1800552a4,func_call_,Y,2b,c,1,0,N,N,0x1ba30d2a1160b6a8,32,missing_knowledge
user32.dll,0x180055318,func_pdata_0x180055318,func_pdata_,Y,42,11,9,0,N,N,0x132a47e95895c7cc,32,missing_knowledge
user32.dll,0x180055364,func_pdata_0x180055364,func_pdata_,Y,131,54,2,0,N,N,0xedfb650e2cf0787c,32,missing_knowledge
user32.dll,0x18005549c,func_pdata_0x18005549c,func_pdata_,Y,2f8,d3,3,0,N,N,0x05f175d7c177f2a5,32,missing_knowledge
user32.dll,0x18005579c,func_pdata_0x18005579c,func_pdata_,Y,142,5a,4,0,N,N,0x27548c4e6bd618cc,32,missing_knowledge
user32.dll,0x1800558df,func_pdata_0x1800558df,func_pdata_,Y,29,c,0,0,N,N,0x5cd4f56739ce8f4e,32,missing_knowledge
user32.dll,0x180055910,func_pdata_0x180055910,func_pdata_,Y,b9,32,4,0,N,N,0x9479b78dd4c4bbd8,32,missing_knowledge
user32.dll,0x1800559d0,func_pdata_0x1800559d0,func_pdata_,Y,e8,41,0,0,N,N,0x07f0b4ce8d56faed,32,missing_knowledge
user32.dll,0x180055ac0,func_pdata_0x180055ac0,func_pdata_,Y,54,18,0,0,N,N,0xaf35c9433ef8ffae,32,missing_knowledge
user32.dll,0x180055b20,func_pdata_0x180055b20,func_pdata_,Y,a4,2c,0,0,N,N,0x4ec4e20f101693a1,32,missing_knowledge
user32.dll,0x180055bd0,func_pdata_0x180055bd0,func_pdata_,Y,7f,25,1,0,N,N,0x31c538a5dff42d69,32,missing_knowledge
user32.dll,0x180055c58,func_pdata_0x180055c58,func_pdata_,Y,69,1d,1,0,N,N,0x53f079c64065775a,32,missing_knowledge
user32.dll,0x180055cc8,func_pdata_0x180055cc8,func_pdata_,Y,21b,99,2,0,N,N,0x31d9ecddbeb80340,32,missing_knowledge
user32.dll,0x180055eec,func_pdata_0x180055eec,func_pdata_,Y,3f0,10e,1,0,N,N,0xa7ab4801cd2d2f6a,32,missing_knowledge
user32.dll,0x1800562e4,func_pdata_0x1800562e4,func_pdata_,Y,83,22,1,0,N,N,0x46157d5f81402938,32,missing_knowledge
user32.dll,0x180056370,func_pdata_0x180056370,func_pdata_,Y,67,1b,3,0,N,N,0x60299a294f6f3c93,32,missing_knowledge
user32.dll,0x1800563e0,func_pdata_0x1800563e0,func_pdata_,Y,58,19,2,0,N,N,0x19b893b25697b870,32,missing_knowledge
user32.dll,0x180056440,func_pdata_0x180056440,func_pdata_,Y,14f,59,0,0,N,N,0x33763fae2619bc66,32,missing_knowledge
user32.dll,0x180056598,func_pdata_0x180056598,func_pdata_,Y,8e,27,1,0,N,N,0x7da551a32f36e174,32,missing_knowledge
user32.dll,0x180056630,func_pdata_0x180056630,func_pdata_,Y,349,c9,3,0,N,N,0x4ccd7394921d3e39,32,missing_knowledge
user32.dll,0x180056980,func_pdata_0x180056980,func_pdata_,Y,22,d,1,0,N,N,0xa4c1b01d11ea7d4f,32,missing_knowledge
user32.dll,0x1800569ac,func_pdata_0x1800569ac,func_pdata_,Y,2b3,a9,8,0,N,N,0x2807786859e6f2cb,32,missing_knowledge
user32.dll,0x180056c70,func_pdata_0x180056c70,func_pdata_,Y,1a0,73,0,0,N,N,0x3757c690ddc2a98b,32,missing_knowledge
user32.dll,0x180056e18,func_pdata_0x180056e18,func_pdata_,Y,79,24,2,0,N,N,0x5ac3c596fb0935e3,32,missing_knowledge
user32.dll,0x180056e98,func_pdata_0x180056e98,func_pdata_,Y,cd,37,6,0,N,N,0x21f6a2ebeb56da93,32,missing_knowledge
user32.dll,0x180056f6c,func_pdata_0x180056f6c,func_pdata_,Y,234,98,2,0,N,N,0xd63c74dd8dc9f9c0,32,missing_knowledge
user32.dll,0x1800571a8,func_pdata_0x1800571a8,func_pdata_,Y,1a0,65,2,0,N,N,0x442d084a1a779aef,32,missing_knowledge
user32.dll,0x180057349,func_pdata_0x180057349,func_pdata_,Y,14,7,0,0,N,N,0x83934f6637c9c2e0,32,missing_knowledge
user32.dll,0x180057370,func_pdata_0x180057370,func_pdata_,Y,178,62,0,0,N,N,0xbab5576630e5008e,32,missing_knowledge
user32.dll,0x1800574f0,func_pdata_0x1800574f0,func_pdata_,Y,109,47,0,0,N,N,0xe50e791a1fe7ff29,32,missing_knowledge
user32.dll,0x180057600,func_pdata_0x180057600,func_pdata_,Y,2e8,ca,0,0,N,N,0x94134e3659ba6e5d,32,missing_knowledge
user32.dll,0x1800578f0,func_pdata_0x1800578f0,func_pdata_,Y,a3,2c,0,0,N,N,0x0427faa96eb9758c,32,missing_knowledge
user32.dll,0x1800579a0,func_pdata_0x1800579a0,func_pdata_,Y,118,4a,0,0,N,N,0xe7c217793f6dceb3,32,missing_knowledge
user32.dll,0x180057ac0,func_pdata_0x180057ac0,func_pdata_,Y,14f,61,0,0,N,N,0x70f8562d041956e9,32,missing_knowledge
user32.dll,0x180057c20,func_pdata_0x180057c20,func_pdata_,Y,1ac,6a,0,0,N,N,0xeff864bbc34b6520,32,missing_knowledge
user32.dll,0x180057de0,func_pdata_0x180057de0,func_pdata_,Y,30,d,0,0,N,N,0x908f6fb50ff4a7dd,32,missing_knowledge
user32.dll,0x180057e18,func_pdata_0x180057e18,func_pdata_,Y,155,59,1,0,N,N,0x8a4258ecc420bce0,32,missing_knowledge
user32.dll,0x180057f74,func_call_0x180057f74,func_call_,Y,24,e,2,0,N,N,0x30f34429a7a78b2e,32,missing_knowledge
user32.dll,0x180057fa0,func_pdata_0x180057fa0,func_pdata_,Y,56,14,0,0,N,N,0xa50c1db16c29afbf,32,missing_knowledge
user32.dll,0x180058000,func_pdata_0x180058000,func_pdata_,Y,2af,9a,1,0,N,N,0x4e23b7602c549503,32,missing_knowledge
user32.dll,0x1800582c0,func_pdata_0x1800582c0,func_pdata_,Y,ad,26,0,0,N,N,0x6d9fb11b72b55de3,32,missing_knowledge
user32.dll,0x180058374,func_pdata_0x180058374,func_pdata_,Y,129,4f,5,0,N,N,0xf7f7caddcb7c0ae1,32,missing_knowledge
user32.dll,0x1800584b0,func_pdata_0x1800584b0,func_pdata_,Y,6f,1a,0,0,N,N,0x90dc341491804817,32,missing_knowledge
user32.dll,0x180058530,func_pdata_0x180058530,func_pdata_,Y,1cb,78,1,0,N,N,0x4fbc00dd2c31a18b,32,missing_knowledge
user32.dll,0x180058710,func_pdata_0x180058710,func_pdata_,Y,f9,43,0,0,N,N,0x200d5938d7d3c567,32,missing_knowledge
user32.dll,0x180058810,func_pdata_0x180058810,func_pdata_,Y,3c,e,0,0,N,N,0xb2b6816a3efd4094,32,missing_knowledge
user32.dll,0x180058860,func_pdata_0x180058860,func_pdata_,Y,2a,9,0,0,N,N,0x6315af77310cdb56,32,missing_knowledge
user32.dll,0x1800588a0,func_pdata_0x1800588a0,func_pdata_,Y,11d,48,0,0,N,N,0x23727e66fc59d3b6,32,missing_knowledge
user32.dll,0x1800589d0,func_pdata_0x1800589d0,func_pdata_,Y,49,e,0,0,N,N,0x64e734019eaa891f,32,missing_knowledge
user32.dll,0x180058a20,func_pdata_0x180058a20,func_pdata_,Y,239,8f,0,0,N,N,0xd065c6df378021dd,32,missing_knowledge
user32.dll,0x180058c60,func_pdata_0x180058c60,func_pdata_,Y,28c,c8,0,0,N,N,0x6c42c28553f50c28,32,missing_knowledge
user32.dll,0x180058f00,func_pdata_0x180058f00,func_pdata_,Y,52,15,0,0,N,N,0x00ae565edac4a66b,32,missing_knowledge
user32.dll,0x180058f60,func_pdata_0x180058f60,func_pdata_,Y,8d,24,0,0,N,N,0xc0bfe90b32b41753,32,missing_knowledge
user32.dll,0x180059000,func_data_0x6442815488,func_data_,Y,0,0,0,0,N,N,0x1ce9b7e63f63b104,32,discovery_failure
user32.dll,0x180059020,func_pdata_0x180059020,func_pdata_,Y,1ec,70,3,0,N,N,0x56c0a28c5e5d38fc,32,missing_knowledge
user32.dll,0x180059214,func_pdata_0x180059214,func_pdata_,Y,bd,32,3,0,N,N,0xc45e31d246951fd0,32,missing_knowledge
user32.dll,0x1800592e0,func_pdata_0x1800592e0,func_pdata_,Y,26d,a2,0,0,N,N,0xb029826c3a4118a3,32,missing_knowledge
user32.dll,0x180059560,func_pdata_0x180059560,func_pdata_,Y,de,3e,0,0,N,N,0x6dcfb5c349e55a57,32,missing_knowledge
user32.dll,0x180059648,func_pdata_0x180059648,func_pdata_,Y,ec,3f,5,0,N,N,0x02f928f4abda9484,32,missing_knowledge
user32.dll,0x18005973c,func_pdata_0x18005973c,func_pdata_,Y,12d,56,2,0,N,N,0xe1656ba30383d627,32,missing_knowledge
user32.dll,0x180059870,func_pdata_0x180059870,func_pdata_,Y,6b8,1b1,1,0,N,N,0xa5eba227f24dbb74,32,missing_knowledge
user32.dll,0x180059f30,func_pdata_0x180059f30,func_pdata_,Y,130,59,2,0,N,N,0xe43e31b28078ff74,32,missing_knowledge
user32.dll,0x18005a068,func_pdata_0x18005a068,func_pdata_,Y,34,10,4,0,N,N,0xa5e2ec0812afc648,32,missing_knowledge
user32.dll,0x18005a0a4,func_pdata_0x18005a0a4,func_pdata_,Y,24c,94,2,0,N,N,0x2d2385d6d735f3e9,32,missing_knowledge
user32.dll,0x18005a2f8,func_pdata_0x18005a2f8,func_pdata_,Y,4c,16,3,0,N,N,0x119ec66c0ea53141,32,missing_knowledge
user32.dll,0x18005a34c,func_pdata_0x18005a34c,func_pdata_,Y,217,87,1,0,N,N,0xb80417557961d01d,32,missing_knowledge
user32.dll,0x18005a56c,func_pdata_0x18005a56c,func_pdata_,Y,122,4a,1,0,N,N,0x1f34dde3665e4538,32,missing_knowledge
user32.dll,0x18005a698,func_pdata_0x18005a698,func_pdata_,Y,cd,3c,1,0,N,N,0x71a7904fb2085064,32,missing_knowledge
user32.dll,0x18005a76c,func_pdata_0x18005a76c,func_pdata_,Y,132,52,1,0,N,N,0xd5823127a2232fd9,32,missing_knowledge
user32.dll,0x18005a8b0,func_pdata_0x18005a8b0,func_pdata_,Y,6e,1f,b,0,N,N,0x19fa64825a612c58,32,missing_knowledge
user32.dll,0x18005a930,func_pdata_0x18005a930,func_pdata_,Y,79,23,1,0,N,N,0xa2ba18ebe5b9f453,32,missing_knowledge
user32.dll,0x18005a9b0,func_pdata_0x18005a9b0,func_pdata_,Y,ae,3a,1,0,N,N,0xf33321c6f6c7422f,32,missing_knowledge
user32.dll,0x18005aa70,func_pdata_0x18005aa70,func_pdata_,Y,bd,3c,c,0,N,N,0xdf358a94e9ef7401,32,missing_knowledge
user32.dll,0x18005ab40,func_pdata_0x18005ab40,func_pdata_,Y,79,22,0,0,N,N,0x0524fda49a5ad575,32,missing_knowledge
user32.dll,0x18005abc0,func_pdata_0x18005abc0,func_pdata_,Y,d6,2b,3,0,N,N,0xad94aceb952b63b9,32,missing_knowledge
user32.dll,0x18005aca0,func_pdata_0x18005aca0,func_pdata_,Y,a7,2b,2,0,N,N,0x12717c4db17c2c5f,32,missing_knowledge
user32.dll,0x18005ad50,func_pdata_0x18005ad50,func_pdata_,Y,2c8,be,2,0,N,N,0x696a402f9e0ad13a,32,missing_knowledge
user32.dll,0x18005b020,func_pdata_0x18005b020,func_pdata_,Y,aa,2c,2,0,N,N,0xeaae0e67a682fd29,32,missing_knowledge
user32.dll,0x18005b0d4,func_pdata_0x18005b0d4,func_pdata_,Y,1d5,7b,1,0,N,N,0x8d9543c5cae3e2e0,32,missing_knowledge
user32.dll,0x18005b2b0,func_pdata_0x18005b2b0,func_pdata_,Y,d6,3a,1,0,N,N,0x1f3c29e75fd7a609,32,missing_knowledge
user32.dll,0x18005b390,func_pdata_0x18005b390,func_pdata_,Y,49,15,0,0,N,N,0x62bbbb63fdf12960,32,missing_knowledge
user32.dll,0x18005b3e0,func_pdata_0x18005b3e0,func_pdata_,Y,1f,9,0,0,N,N,0x32378983bf370acc,32,missing_knowledge
user32.dll,0x18005b410,func_pdata_0x18005b410,func_pdata_,Y,41,14,0,0,N,N,0xf9477572220b86bc,32,missing_knowledge
user32.dll,0x18005b460,func_pdata_0x18005b460,func_pdata_,Y,16c,6e,0,0,N,N,0xa3524c4b946bc562,32,missing_knowledge
user32.dll,0x18005b5e0,func_pdata_0x18005b5e0,func_pdata_,Y,2a,c,0,0,N,N,0xa3f1ee79ec390726,32,missing_knowledge
user32.dll,0x18005b620,func_pdata_0x18005b620,func_pdata_,Y,a8,30,0,0,N,N,0x1dc84340918549fb,32,missing_knowledge
user32.dll,0x18005b6d0,func_pdata_0x18005b6d0,func_pdata_,Y,1d2,77,0,0,N,N,0xe8b6853676bb3bc4,32,missing_knowledge
user32.dll,0x18005b8ac,func_pdata_0x18005b8ac,func_pdata_,Y,117,54,3,0,N,N,0xfd869736fc2a2e21,32,missing_knowledge
user32.dll,0x18005b9cc,func_pdata_0x18005b9cc,func_pdata_,Y,84,29,4,0,N,N,0x759a2409f9cc0c5f,32,missing_knowledge
user32.dll,0x18005ba60,func_pdata_0x18005ba60,func_pdata_,Y,77,25,0,0,N,N,0xf27a2af7298d9825,32,missing_knowledge
user32.dll,0x18005bae0,func_pdata_0x18005bae0,func_pdata_,Y,142,5c,3,0,N,N,0x027a334fa96a1b43,32,missing_knowledge
user32.dll,0x18005bc2c,func_pdata_0x18005bc2c,func_pdata_,Y,16f,6c,2,0,N,N,0x97a4df4b856dffae,32,missing_knowledge
user32.dll,0x18005bda4,func_pdata_0x18005bda4,func_pdata_,Y,1f7,91,1,0,N,N,0xaacdac9b2eba68ba,32,missing_knowledge
user32.dll,0x18005bfa4,func_pdata_0x18005bfa4,func_pdata_,Y,1f1,81,1,0,N,N,0x68ebb24f2bfed1db,32,missing_knowledge
user32.dll,0x18005c19c,func_pdata_0x18005c19c,func_pdata_,Y,fc,3d,2,0,N,N,0x53de5843623a09cd,32,missing_knowledge
user32.dll,0x18005c2a0,func_pdata_0x18005c2a0,func_pdata_,Y,d2,2e,3,0,N,N,0x427adac52f8f2dfa,32,missing_knowledge
user32.dll,0x18005c37c,func_pdata_0x18005c37c,func_pdata_,Y,7e,26,2,0,N,N,0x578f8a5153ac7e0f,32,missing_knowledge
user32.dll,0x18005c404,func_pdata_0x18005c404,func_pdata_,Y,408,119,1,0,N,N,0x305449787e60cd7d,32,missing_knowledge
user32.dll,0x18005c814,func_pdata_0x18005c814,func_pdata_,Y,bb,27,4,0,N,N,0xc6fc284512e15d01,32,missing_knowledge
user32.dll,0x18005c8d8,func_pdata_0x18005c8d8,func_pdata_,Y,184,61,7,0,N,N,0x6b1d7ea7e2820c70,32,missing_knowledge
user32.dll,0x18005ca64,func_pdata_0x18005ca64,func_pdata_,Y,69,21,4,0,N,N,0xb89fd88cae3b4d16,32,missing_knowledge
user32.dll,0x18005cad4,func_pdata_0x18005cad4,func_pdata_,Y,82,1c,2,0,N,N,0x62d447afaa47134f,32,missing_knowledge
user32.dll,0x18005cb60,func_pdata_0x18005cb60,func_pdata_,Y,1e3,7c,1,0,N,N,0x0055b287ebcc3e9e,32,missing_knowledge
user32.dll,0x18005cd4c,func_pdata_0x18005cd4c,func_pdata_,Y,13f,49,1,0,N,N,0x18dc06e60a923d66,32,missing_knowledge
user32.dll,0x18005ce94,func_pdata_0x18005ce94,func_pdata_,Y,12f,48,1,0,N,N,0xa635a2e95b455e46,32,missing_knowledge
user32.dll,0x18005cfcc,func_pdata_0x18005cfcc,func_pdata_,Y,13f,4c,6,0,N,N,0xb5838c5bc83f451d,32,missing_knowledge
user32.dll,0x18005d114,func_pdata_0x18005d114,func_pdata_,Y,5bf,16f,4,0,N,N,0xd0420b9a0716371e,32,missing_knowledge
user32.dll,0x18005d6dc,func_pdata_0x18005d6dc,func_pdata_,Y,12d,55,3,0,N,N,0x3057cc2c9d9e781b,32,missing_knowledge
user32.dll,0x18005d810,func_pdata_0x18005d810,func_pdata_,Y,d1,37,3,0,N,N,0x74c8c178d8121121,32,missing_knowledge
user32.dll,0x18005d8e8,func_pdata_0x18005d8e8,func_pdata_,Y,217,91,3,0,N,N,0x88733a50b3ba5b34,32,missing_knowledge
user32.dll,0x18005db08,func_pdata_0x18005db08,func_pdata_,Y,3e,14,2,0,N,N,0xcf4feabd8e3e0c21,32,missing_knowledge
user32.dll,0x18005db50,func_call_0x18005db50,func_call_,Y,1d,8,2,0,N,N,0xe99c2ab7ae6964d8,32,missing_knowledge
user32.dll,0x18005db6e,func_start_0x18005db6e,func_start_,Y,2,2,1,0,N,N,0x9098d37447c3fa98,32,missing_knowledge
user32.dll,0x18005db78,func_pdata_0x18005db78,func_pdata_,Y,2a9,ac,1,0,N,N,0xcc5752d69ff40434,32,missing_knowledge
user32.dll,0x18005de28,func_call_0x18005de28,func_call_,Y,22,8,3,0,N,N,0xda4c63e7663d5166,32,missing_knowledge
user32.dll,0x18005de64,func_pdata_0x18005de64,func_pdata_,Y,c8,32,1,0,N,N,0x746c22a7617ffd28,32,missing_knowledge
user32.dll,0x18005df34,func_pdata_0x18005df34,func_pdata_,Y,13c,4f,2,0,N,N,0x8aa3888ea248e6d0,32,missing_knowledge
user32.dll,0x18005e078,func_pdata_0x18005e078,func_pdata_,Y,130,50,2,0,N,N,0x6457fe3598c07750,32,missing_knowledge
user32.dll,0x18005e1b0,func_pdata_0x18005e1b0,func_pdata_,Y,a2,2a,4,0,N,N,0x1171821fb3b19584,32,missing_knowledge
user32.dll,0x18005e260,func_pdata_0x18005e260,func_pdata_,Y,68,24,13,0,N,N,0x2a9d080491283b11,32,missing_knowledge
user32.dll,0x18005e2d0,func_pdata_0x18005e2d0,func_pdata_,Y,56,1b,1,0,N,N,0x852a44b5d8b433c3,32,missing_knowledge
user32.dll,0x18005e330,func_pdata_0x18005e330,func_pdata_,Y,70,26,4,0,N,N,0x8d3a219ecc0c4ac5,32,missing_knowledge
user32.dll,0x18005e3a8,func_pdata_0x18005e3a8,func_pdata_,Y,dd,47,2,0,N,N,0x6cd0f2742d858333,32,missing_knowledge
user32.dll,0x18005e48c,func_pdata_0x18005e48c,func_pdata_,Y,1b0,72,c,0,N,N,0xc14513c741ac7a82,32,missing_knowledge
user32.dll,0x18005e644,func_pdata_0x18005e644,func_pdata_,Y,45,12,2,0,N,N,0xaa0a5d12a3eea41a,32,missing_knowledge
user32.dll,0x18005e690,func_pdata_0x18005e690,func_pdata_,Y,121,4f,1,0,N,N,0x706d2ba5bb0e1ba3,32,missing_knowledge
user32.dll,0x18005e7b8,func_pdata_0x18005e7b8,func_pdata_,Y,41,14,1,0,N,N,0x500dbf81b96c4809,32,missing_knowledge
user32.dll,0x18005e800,func_pdata_0x18005e800,func_pdata_,Y,2ff,c3,9,0,N,N,0xf74547a1f0606cbb,32,missing_knowledge
user32.dll,0x18005eb08,func_pdata_0x18005eb08,func_pdata_,Y,2c2,ad,1,0,N,N,0xd10c418a14158d15,32,missing_knowledge
user32.dll,0x18005edd4,func_pdata_0x18005edd4,func_pdata_,Y,2e,e,9,0,N,N,0x1faa1d60e9e6f99c,32,missing_knowledge
user32.dll,0x18005ee0c,func_call_0x18005ee0c,func_call_,Y,19,a,1,0,N,N,0x4c73e73a4bdf8577,32,missing_knowledge
user32.dll,0x18005ee6c,func_pdata_0x18005ee6c,func_pdata_,Y,aa,2a,8,0,N,N,0x499f7c3bd3d45472,32,missing_knowledge
user32.dll,0x18005ef20,func_pdata_0x18005ef20,func_pdata_,Y,b9,38,1,0,N,N,0x07779f22ee2c0d4a,32,missing_knowledge
user32.dll,0x18005efe0,func_pdata_0x18005efe0,func_pdata_,Y,167,65,1,0,N,N,0xd95bac989dedad64,32,missing_knowledge
user32.dll,0x18005f150,func_pdata_0x18005f150,func_pdata_,Y,78,20,25,0,N,N,0xe8fe3914c5a8a9af,32,missing_knowledge
user32.dll,0x18005f1d0,func_pdata_0x18005f1d0,func_pdata_,Y,3c,14,3,0,N,N,0xe8cab06ca245c2d7,32,missing_knowledge
user32.dll,0x18005f214,func_pdata_0x18005f214,func_pdata_,Y,44,14,9,0,N,N,0x12ce30039329c23d,32,missing_knowledge
user32.dll,0x18005f260,func_pdata_0x18005f260,func_pdata_,Y,479,130,3,0,N,N,0x139b542130543719,32,missing_knowledge
user32.dll,0x18005f6e0,func_pdata_0x18005f6e0,func_pdata_,Y,7d,20,6,0,N,N,0xf8aaf51fc39e0380,32,missing_knowledge
user32.dll,0x18005f764,func_pdata_0x18005f764,func_pdata_,Y,42,16,2,0,N,N,0xe3cfe86c684c96f5,32,missing_knowledge
user32.dll,0x18005f7b0,func_call_0x18005f7b0,func_call_,Y,3d,14,15,0,N,N,0x863eabca9ae6142e,32,missing_knowledge
user32.dll,0x18005f7fc,func_pdata_0x18005f7fc,func_pdata_,Y,8b,20,40,0,N,N,0xa42c89d1cbd65e1c,32,missing_knowledge
user32.dll,0x18005f890,func_pdata_0x18005f890,func_pdata_,Y,35b,e7,1,0,N,N,0x455caa7854b337d7,32,missing_knowledge
user32.dll,0x18005fbf4,func_pdata_0x18005fbf4,func_pdata_,Y,92,2f,1,0,N,N,0x13f06178a78977d9,32,missing_knowledge
user32.dll,0x18005fc90,func_pdata_0x18005fc90,func_pdata_,Y,5c,1e,5,0,N,N,0xcf8f21bb6f0b0d35,32,missing_knowledge
user32.dll,0x18005fcf4,func_pdata_0x18005fcf4,func_pdata_,Y,11c,56,3,0,N,N,0xb9e63da3c6aa016d,32,missing_knowledge
user32.dll,0x18005fe18,func_pdata_0x18005fe18,func_pdata_,Y,3d,12,27,0,N,N,0xcf34470a0f0a33c0,32,missing_knowledge
user32.dll,0x18005fe5c,func_pdata_0x18005fe5c,func_pdata_,Y,113,47,2,0,N,N,0xfdde6edb091ec261,32,missing_knowledge
user32.dll,0x18005ff78,func_call_0x18005ff78,func_call_,Y,1d,a,1,0,N,N,0xf3ebcff6d9f4fe1c,32,missing_knowledge
user32.dll,0x18005ffa0,func_pdata_0x18005ffa0,func_pdata_,Y,bd,30,4,0,N,N,0x62afd24dc6323c5c,32,missing_knowledge
user32.dll,0x180060064,func_pdata_0x180060064,func_pdata_,Y,329,c2,1,0,N,N,0x59169cc04cff514e,32,missing_knowledge
user32.dll,0x180060394,func_pdata_0x180060394,func_pdata_,Y,14d,5b,3,0,N,N,0x47ffb711235554b3,32,missing_knowledge
user32.dll,0x1800604e8,func_pdata_0x1800604e8,func_pdata_,Y,b58,302,8,0,N,N,0x124de8bc684f2d7b,32,missing_knowledge
user32.dll,0x180061048,func_pdata_0x180061048,func_pdata_,Y,a8,24,39,0,N,N,0xd602352e6bf49080,32,missing_knowledge
user32.dll,0x1800610f8,func_pdata_0x1800610f8,func_pdata_,Y,ad,34,2,0,N,N,0x4a34d84f5cfa961b,32,missing_knowledge
user32.dll,0x1800611ac,func_pdata_0x1800611ac,func_pdata_,Y,524,189,e,0,N,N,0x091b63befdc73586,32,missing_knowledge
user32.dll,0x1800616e0,func_pdata_0x1800616e0,func_pdata_,Y,8d,2a,0,0,N,N,0xdd30199d99cfd066,32,missing_knowledge
user32.dll,0x180061780,func_pdata_0x180061780,func_pdata_,Y,89,29,0,0,N,N,0x1601ba1954e5d2c6,32,missing_knowledge
user32.dll,0x180061810,func_pdata_0x180061810,func_pdata_,Y,27d,a2,1,0,N,N,0xcb3935fae5c51807,32,missing_knowledge
user32.dll,0x180061a94,func_pdata_0x180061a94,func_pdata_,Y,138,5e,1,0,N,N,0x0531a8d6c1888962,32,missing_knowledge
user32.dll,0x180061bd4,func_pdata_0x180061bd4,func_pdata_,Y,a4,2b,1,0,N,N,0xcb52db93c9d2fdd7,32,missing_knowledge
user32.dll,0x180061c80,func_call_0x180061c80,func_call_,Y,b,5,2,0,N,N,0x974c83a0e8b572c9,32,missing_knowledge
user32.dll,0x180061cb0,func_pdata_0x180061cb0,func_pdata_,Y,c12,314,1,0,N,N,0x875e93a1cbc1cdcf,32,missing_knowledge
user32.dll,0x1800628d0,func_pdata_0x1800628d0,func_pdata_,Y,1ed,78,2,0,N,N,0x3033865c3d739fb9,32,missing_knowledge
user32.dll,0x180062ac4,func_pdata_0x180062ac4,func_pdata_,Y,39,14,2,0,N,N,0x87b04f16ecdb7e56,32,missing_knowledge
user32.dll,0x180062b10,func_start_0x180062b10,func_start_,Y,b,2,0,0,N,N,0xb804deea99db1c0b,32,missing_knowledge
user32.dll,0x180062b30,func_jmp_0x180062b30,func_jmp_,Y,4,1,0,0,N,N,0xe277ffc4f76371c7,32,missing_knowledge
user32.dll,0x180062b3c,func_pdata_0x180062b3c,func_pdata_,Y,24,b,5,0,N,N,0x2ac4472cd3807bdc,32,missing_knowledge
user32.dll,0x180062b68,func_pdata_0x180062b68,func_pdata_,Y,1d,8,1,0,N,N,0x4ae6d964ee4858ba,32,missing_knowledge
user32.dll,0x180062b8c,func_pdata_0x180062b8c,func_pdata_,Y,1d,8,6,0,N,N,0x2f4d236299649540,32,missing_knowledge
user32.dll,0x180062bb0,func_pdata_0x180062bb0,func_pdata_,Y,44,10,1,0,N,N,0xf512096200eaca79,32,missing_knowledge
user32.dll,0x180062bfc,func_pdata_0x180062bfc,func_pdata_,Y,41,12,3,0,N,N,0x5b18753139f21503,32,missing_knowledge
user32.dll,0x180062c44,func_pdata_0x180062c44,func_pdata_,Y,1f,8,1,0,N,N,0x58c544fe9df0d215,32,missing_knowledge
user32.dll,0x180062c6c,func_pdata_0x180062c6c,func_pdata_,Y,8b,28,2,0,N,N,0x4025fab2124f5116,32,missing_knowledge
user32.dll,0x180062d00,func_pdata_0x180062d00,func_pdata_,Y,6b,1d,1,0,N,N,0x32aa92b9a8b5eaf9,32,missing_knowledge
user32.dll,0x180062d74,func_pdata_0x180062d74,func_pdata_,Y,2d,b,c,0,N,N,0x141e196b11bdd511,32,missing_knowledge
user32.dll,0x180062da8,func_pdata_0x180062da8,func_pdata_,Y,66e,1d6,8,0,N,N,0x2082038654637597,32,missing_knowledge
user32.dll,0x180063420,func_pdata_0x180063420,func_pdata_,Y,101,4c,3,0,N,N,0x76a56204f20dbec4,32,missing_knowledge
user32.dll,0x180063528,func_pdata_0x180063528,func_pdata_,Y,11d,4a,3,0,N,N,0x35699494adb9fffb,32,missing_knowledge
user32.dll,0x18006364c,func_pdata_0x18006364c,func_pdata_,Y,261,a5,2,0,N,N,0xc2356315ce45eb9a,32,missing_knowledge
user32.dll,0x1800638b4,func_pdata_0x1800638b4,func_pdata_,Y,2a1,b9,6,0,N,N,0x11f12ab3f5530aa8,32,missing_knowledge
user32.dll,0x180063b5c,func_pdata_0x180063b5c,func_pdata_,Y,6bf,1d2,6,0,N,N,0x435e8f4542dcb5e2,32,missing_knowledge
user32.dll,0x180064224,func_pdata_0x180064224,func_pdata_,Y,976,27b,2,0,N,N,0x85d2666528b8979f,32,missing_knowledge
user32.dll,0x180064ba4,func_pdata_0x180064ba4,func_pdata_,Y,154,64,7,0,N,N,0x0af93361ebc08f58,32,missing_knowledge
user32.dll,0x180064d00,func_call_0x180064d00,func_call_,Y,36,12,e,0,N,N,0xc7bdc020e4181df6,32,missing_knowledge
user32.dll,0x180064d6c,func_pdata_0x180064d6c,func_pdata_,Y,249,ab,c,0,N,N,0x0946d066ed79ff4c,32,missing_knowledge
user32.dll,0x180064fbc,func_pdata_0x180064fbc,func_pdata_,Y,3e,12,4,0,N,N,0x2888c3ab0a8bb5df,32,missing_knowledge
user32.dll,0x180065004,func_pdata_0x180065004,func_pdata_,Y,58b,17e,5,0,N,N,0xced1072cb11b58d9,32,missing_knowledge
user32.dll,0x180065598,func_pdata_0x180065598,func_pdata_,Y,10a,41,2,0,N,N,0x921aeed2b9dfc04a,32,missing_knowledge
user32.dll,0x1800656ac,func_pdata_0x1800656ac,func_pdata_,Y,73a,1e3,1,0,N,N,0xc2079e1e4c124c61,32,missing_knowledge
user32.dll,0x180065df0,func_pdata_0x180065df0,func_pdata_,Y,b6,2f,1,0,N,N,0x52d14a8e0b0651bc,32,missing_knowledge
user32.dll,0x180065eb0,func_pdata_0x180065eb0,func_pdata_,Y,c1,38,e,0,N,N,0x73438f6b2fd9bfa8,32,missing_knowledge
user32.dll,0x180065f78,func_pdata_0x180065f78,func_pdata_,Y,375,f1,3,0,N,N,0x8756dac801a1cf48,32,missing_knowledge
user32.dll,0x1800662f4,func_pdata_0x1800662f4,func_pdata_,Y,372,102,4,0,N,N,0x12824b5667debedc,32,missing_knowledge
user32.dll,0x180066670,func_pdata_0x180066670,func_pdata_,Y,138,54,4,0,N,N,0xca3add7c984f8d0c,32,missing_knowledge
user32.dll,0x1800667b0,func_pdata_0x1800667b0,func_pdata_,Y,95,2b,6,0,N,N,0xb388e0a39d594b6f,32,missing_knowledge
user32.dll,0x18006684c,func_pdata_0x18006684c,func_pdata_,Y,151,5d,2,0,N,N,0xf5cba558e26cd3c2,32,missing_knowledge
user32.dll,0x1800669a4,func_pdata_0x1800669a4,func_pdata_,Y,11f,4c,1,0,N,N,0xfc3478b44b31dc20,32,missing_knowledge
user32.dll,0x180066acc,func_pdata_0x180066acc,func_pdata_,Y,d8,3d,2,0,N,N,0x5f165ea3b547655c,32,missing_knowledge
user32.dll,0x180066bac,func_pdata_0x180066bac,func_pdata_,Y,68a,1df,a,0,N,N,0x731d5a8766f3f45e,32,missing_knowledge
user32.dll,0x180067240,func_pdata_0x180067240,func_pdata_,Y,1b8,74,9,0,N,N,0xf855493a0fa6f210,32,missing_knowledge
user32.dll,0x180067400,func_pdata_0x180067400,func_pdata_,Y,11f,42,1,0,N,N,0x1dc2843ceb13c7b0,32,missing_knowledge
user32.dll,0x180067528,func_call_0x180067528,func_call_,Y,1,1,2,0,N,N,0xef16b788deea47a7,32,missing_knowledge
user32.dll,0x180067548,func_pdata_0x180067548,func_pdata_,Y,88,27,1,0,N,N,0x474d94ff4f283675,32,missing_knowledge
user32.dll,0x1800675d8,func_pdata_0x1800675d8,func_pdata_,Y,a7,33,5,0,N,N,0x8cf08d7ad3eb6aa0,32,missing_knowledge
user32.dll,0x180067688,func_pdata_0x180067688,func_pdata_,Y,88,27,1,0,N,N,0x98b84415c71db787,32,missing_knowledge
user32.dll,0x180067718,func_pdata_0x180067718,func_pdata_,Y,50,16,1,0,N,N,0xa7ab868fc7bda190,32,missing_knowledge
user32.dll,0x180067770,func_pdata_0x180067770,func_pdata_,Y,69,1a,2,0,N,N,0x37db6b5a2f117d41,32,missing_knowledge
user32.dll,0x1800677e0,func_pdata_0x1800677e0,func_pdata_,Y,37,13,6,0,N,N,0xad513da38337fcf1,32,missing_knowledge
user32.dll,0x180067820,func_pdata_0x180067820,func_pdata_,Y,e7,36,1,0,N,N,0xe86800a80cfe4743,32,missing_knowledge
user32.dll,0x180067910,func_pdata_0x180067910,func_pdata_,Y,66,1e,1,0,N,N,0x9019d2bdc9419e3a,32,missing_knowledge
user32.dll,0x180067980,func_pdata_0x180067980,func_pdata_,Y,27,a,3,0,N,N,0xf60b981ac9662a64,32,missing_knowledge
user32.dll,0x1800679b0,func_call_0x1800679b0,func_call_,Y,12,4,2,0,N,N,0xf59031dcb7f8365a,32,missing_knowledge
user32.dll,0x1800679dc,func_call_0x1800679dc,func_call_,Y,18,9,3,0,N,N,0xf916fe8f6f893e8a,32,missing_knowledge
user32.dll,0x180067a0c,func_pdata_0x180067a0c,func_pdata_,Y,2d,d,1,0,N,N,0xb9167ad96b4c93b1,32,missing_knowledge
user32.dll,0x180067a40,func_pdata_0x180067a40,func_pdata_,Y,61,1c,5,0,N,N,0x564ad5349d53a34d,32,missing_knowledge
user32.dll,0x180067aa8,func_pdata_0x180067aa8,func_pdata_,Y,be,35,1,0,N,N,0xf3ee7fb1e8a03da4,32,missing_knowledge
user32.dll,0x180067b70,func_pdata_0x180067b70,func_pdata_,Y,5e,19,3,0,N,N,0x834287dfed3b6836,32,missing_knowledge
user32.dll,0x180067bd8,func_pdata_0x180067bd8,func_pdata_,Y,b7,31,3,0,N,N,0xbb23cfe81d46798c,32,missing_knowledge
user32.dll,0x180067c98,func_call_0x180067c98,func_call_,Y,b,5,4,0,N,N,0x0d8f63ce5bac1fd3,32,missing_knowledge
user32.dll,0x180067cb8,func_pdata_0x180067cb8,func_pdata_,Y,eb,46,5,0,N,N,0x5967378fbec3b206,32,missing_knowledge
user32.dll,0x180067dac,func_pdata_0x180067dac,func_pdata_,Y,245,9c,3,0,N,N,0x2834500264598945,32,missing_knowledge
user32.dll,0x180067ff8,func_pdata_0x180067ff8,func_pdata_,Y,321,d1,3,0,N,N,0x26771ce163e1efd5,32,missing_knowledge
user32.dll,0x180068320,func_pdata_0x180068320,func_pdata_,Y,451,12b,3,0,N,N,0x1fef8b0a114b4cf6,32,missing_knowledge
user32.dll,0x180068778,func_pdata_0x180068778,func_pdata_,Y,405,11a,a,0,N,N,0xf2149e2020221b53,32,missing_knowledge
user32.dll,0x180068b84,func_pdata_0x180068b84,func_pdata_,Y,627,18e,2,0,N,N,0x57479c5f9b46b157,32,missing_knowledge
user32.dll,0x1800691b4,func_pdata_0x1800691b4,func_pdata_,Y,130,54,1,0,N,N,0xc9ae0caa78a61882,32,missing_knowledge
user32.dll,0x1800692ec,func_pdata_0x1800692ec,func_pdata_,Y,194,70,2,0,N,N,0xd661d285e795c488,32,missing_knowledge
user32.dll,0x180069488,func_pdata_0x180069488,func_pdata_,Y,1f2,8a,6,0,N,N,0xa5a38c3070952663,32,missing_knowledge
user32.dll,0x180069684,func_pdata_0x180069684,func_pdata_,Y,43c,127,1,0,N,N,0x269ad3d4abc10bb5,32,missing_knowledge
user32.dll,0x180069ac8,func_pdata_0x180069ac8,func_pdata_,Y,ab,2d,1,0,N,N,0x74ffc280d8b17639,32,missing_knowledge
user32.dll,0x180069b7c,func_pdata_0x180069b7c,func_pdata_,Y,2c0,ca,1,0,N,N,0x9b7d6a7504a8aea8,32,missing_knowledge
user32.dll,0x180069e44,func_pdata_0x180069e44,func_pdata_,Y,291,bc,2,0,N,N,0xad1d49a88249c8b8,32,missing_knowledge
user32.dll,0x18006a0dc,func_pdata_0x18006a0dc,func_pdata_,Y,112,42,2,0,N,N,0x6c1a52ee81666716,32,missing_knowledge
user32.dll,0x18006a1f8,func_pdata_0x18006a1f8,func_pdata_,Y,b4,2c,1,0,N,N,0x241ff91e8d1a0a6a,32,missing_knowledge
user32.dll,0x18006a2b4,func_pdata_0x18006a2b4,func_pdata_,Y,11a,4f,1,0,N,N,0x9be54c75249cb7ff,32,missing_knowledge
user32.dll,0x18006a3d8,func_pdata_0x18006a3d8,func_pdata_,Y,17e,65,2,0,N,N,0xfef33cf9950f8144,32,missing_knowledge
user32.dll,0x18006a560,func_pdata_0x18006a560,func_pdata_,Y,277,b2,8,0,N,N,0x24a6459b7edcb567,32,missing_knowledge
user32.dll,0x18006a7e0,func_pdata_0x18006a7e0,func_pdata_,Y,f2,3f,6,0,N,N,0x32bdafd91ecb98b9,32,missing_knowledge
user32.dll,0x18006a8dc,func_pdata_0x18006a8dc,func_pdata_,Y,f2,38,1,0,N,N,0xb67940a34ede2824,32,missing_knowledge
user32.dll,0x18006a9d8,func_pdata_0x18006a9d8,func_pdata_,Y,7e,25,5,0,N,N,0x4ef4efd3721488c5,32,missing_knowledge
user32.dll,0x18006aa60,func_pdata_0x18006aa60,func_pdata_,Y,a4,30,1,0,N,N,0xf5c9eb0d7db00582,32,missing_knowledge
user32.dll,0x18006ab0c,func_pdata_0x18006ab0c,func_pdata_,Y,22d,9d,1,0,N,N,0xf06ac233738a5813,32,missing_knowledge
user32.dll,0x18006ad40,func_pdata_0x18006ad40,func_pdata_,Y,95,2d,1,0,N,N,0x284ab802045169ba,32,missing_knowledge
user32.dll,0x18006addc,func_pdata_0x18006addc,func_pdata_,Y,de,3b,1,0,N,N,0xd45ebbc44a630fc9,32,missing_knowledge
user32.dll,0x18006aec4,func_pdata_0x18006aec4,func_pdata_,Y,102,4b,4,0,N,N,0xfec6464f165c69b4,32,missing_knowledge
user32.dll,0x18006afd0,func_pdata_0x18006afd0,func_pdata_,Y,14e,58,1,0,N,N,0x6f000a19f63113c1,32,missing_knowledge
user32.dll,0x18006b128,func_pdata_0x18006b128,func_pdata_,Y,dc,43,1,0,N,N,0x8ea4514efc9a23d1,32,missing_knowledge
user32.dll,0x18006b20c,func_pdata_0x18006b20c,func_pdata_,Y,10b,3f,3,0,N,N,0x33b6cd46016c8e3e,32,missing_knowledge
user32.dll,0x18006b320,func_pdata_0x18006b320,func_pdata_,Y,115,49,1,0,N,N,0xf510946f99727c22,32,missing_knowledge
user32.dll,0x18006b43c,func_pdata_0x18006b43c,func_pdata_,Y,d6,3c,1,0,N,N,0xf510706f99723ef6,32,missing_knowledge
user32.dll,0x18006b51c,func_pdata_0x18006b51c,func_pdata_,Y,1d2,7a,2,0,N,N,0xa817971515a6bbbd,32,missing_knowledge
user32.dll,0x18006b6f8,func_pdata_0x18006b6f8,func_pdata_,Y,251,8c,1,0,N,N,0x79fa2db87e69d15d,32,missing_knowledge
user32.dll,0x18006b950,func_pdata_0x18006b950,func_pdata_,Y,b5,37,1,0,N,N,0x6f219ad2106ba5ca,32,missing_knowledge
user32.dll,0x18006ba10,func_pdata_0x18006ba10,func_pdata_,Y,81,24,0,0,N,N,0xe1318cb7cf2e5a08,32,missing_knowledge
user32.dll,0x18006baa0,func_pdata_0x18006baa0,func_pdata_,Y,199,69,1,0,N,N,0xa53ed3e030047743,32,missing_knowledge
user32.dll,0x18006bc40,func_pdata_0x18006bc40,func_pdata_,Y,a9,2a,0,0,N,N,0xb6682b666918aad0,32,missing_knowledge
user32.dll,0x18006bcf0,func_pdata_0x18006bcf0,func_pdata_,Y,189,64,1,0,N,N,0x19b239da57ee9edf,32,missing_knowledge
user32.dll,0x18006be80,func_pdata_0x18006be80,func_pdata_,Y,60,17,0,0,N,N,0xba21fb7bc73f6607,32,missing_knowledge
user32.dll,0x18006bee8,func_pdata_0x18006bee8,func_pdata_,Y,af,2f,5,0,N,N,0x1d0cfb1f5b243736,32,missing_knowledge
user32.dll,0x18006bfa0,func_pdata_0x18006bfa0,func_pdata_,Y,58,1a,13,0,N,N,0x92272276899c0c9b,32,missing_knowledge
user32.dll,0x18006c03c,func_pdata_0x18006c03c,func_pdata_,Y,74,25,8,0,N,N,0x447fb6d59bfb53e7,32,missing_knowledge
user32.dll,0x18006c0c0,func_pdata_0x18006c0c0,func_pdata_,Y,43,11,0,0,N,N,0x1264a95a8391d9f0,32,missing_knowledge
user32.dll,0x18006c10c,func_pdata_0x18006c10c,func_pdata_,Y,17e,5d,1,0,N,N,0xa78c3b08745ae45d,32,missing_knowledge
user32.dll,0x18006c294,func_pdata_0x18006c294,func_pdata_,Y,1e8,79,4,0,N,N,0x272dd21b8b95546d,32,missing_knowledge
user32.dll,0x18006c484,func_pdata_0x18006c484,func_pdata_,Y,104,42,1,0,N,N,0xebbc8b915b4a72ff,32,missing_knowledge
user32.dll,0x18006c590,func_pdata_0x18006c590,func_pdata_,Y,19b,66,b,0,N,N,0x565afc6a22431eb8,32,missing_knowledge
user32.dll,0x18006c734,func_pdata_0x18006c734,func_pdata_,Y,1d0,79,a,0,N,N,0xbdbdce50a4e83e69,32,missing_knowledge
user32.dll,0x18006c90c,func_pdata_0x18006c90c,func_pdata_,Y,b4,2d,a,0,N,N,0x498febb56575053e,32,missing_knowledge
user32.dll,0x18006c9d0,func_pdata_0x18006c9d0,func_pdata_,Y,b3,2e,1,0,N,N,0xbec7a96e07915462,32,missing_knowledge
user32.dll,0x18006ca90,func_pdata_0x18006ca90,func_pdata_,Y,193,6c,0,0,N,N,0x841b1e162ad3e688,32,missing_knowledge
user32.dll,0x18006cc30,func_pdata_0x18006cc30,func_pdata_,Y,158,59,0,0,N,N,0x7a7342c972bab971,32,missing_knowledge
user32.dll,0x18006cd90,func_pdata_0x18006cd90,func_pdata_,Y,75,1e,0,0,N,N,0xe67312cb477a2ed7,32,missing_knowledge
user32.dll,0x18006ce10,func_pdata_0x18006ce10,func_pdata_,Y,149,50,1,0,N,N,0xbf1b0c576ac311bf,32,missing_knowledge
user32.dll,0x18006cf5a,func_pdata_0x18006cf5a,func_pdata_,Y,14,7,0,0,N,N,0x83934f6637c9c2e0,32,missing_knowledge
user32.dll,0x18006cf80,func_pdata_0x18006cf80,func_pdata_,Y,6a,1a,1,0,N,N,0x7a565e6cb3effa5b,32,missing_knowledge
user32.dll,0x18006d000,func_pdata_0x18006d000,func_pdata_,Y,2e,f,0,0,N,N,0x75b50b2fbe04aed1,32,missing_knowledge
user32.dll,0x18006d038,func_pdata_0x18006d038,func_pdata_,Y,7e,29,1,0,N,N,0x54437066804b562e,32,missing_knowledge
user32.dll,0x18006d0c0,func_pdata_0x18006d0c0,func_pdata_,Y,94,27,1,0,N,N,0xfd65c119f30840a4,32,missing_knowledge
user32.dll,0x18006d15c,func_pdata_0x18006d15c,func_pdata_,Y,252,91,1,0,N,N,0x312e54118dcbacf3,32,missing_knowledge
user32.dll,0x18006d3b8,func_pdata_0x18006d3b8,func_pdata_,Y,5c,18,2,0,N,N,0x367659e52acf403c,32,missing_knowledge
user32.dll,0x18006d41c,func_pdata_0x18006d41c,func_pdata_,Y,135,50,0,0,N,N,0x4737ea5315403449,32,missing_knowledge
user32.dll,0x18006d558,func_pdata_0x18006d558,func_pdata_,Y,c1,2c,1,0,N,N,0x1b52ca10ac3bd7e9,32,missing_knowledge
user32.dll,0x18006d620,func_data_0x6442898976,func_data_,Y,0,0,0,0,N,N,0x4e460eb07e5e9a56,32,discovery_failure
user32.dll,0x18006d640,func_data_0x6442899008,func_data_,Y,0,0,0,0,N,N,0x8208d1780cbe91a6,32,discovery_failure
user32.dll,0x18006d660,func_pdata_0x18006d660,func_pdata_,Y,d9,39,0,0,N,N,0x4c70e0be23b35829,32,missing_knowledge
user32.dll,0x18006d740,func_pdata_0x18006d740,func_pdata_,Y,bc,32,0,0,N,N,0x97a3cd8917aed1a9,32,missing_knowledge
user32.dll,0x18006d810,func_data_0x6442899472,func_data_,Y,0,0,0,0,N,N,0x4debd643a0d6d188,32,discovery_failure
user32.dll,0x18006d830,func_data_0x6442899504,func_data_,Y,0,0,0,0,N,N,0xe370f402c3d883b5,32,discovery_failure
user32.dll,0x18006d860,func_pdata_0x18006d860,func_pdata_,Y,1e,9,0,0,N,N,0xc26cbb33ad5cbc96,32,missing_knowledge
user32.dll,0x18006d890,func_pdata_0x18006d890,func_pdata_,Y,1e,8,0,0,N,N,0x63c4e47c06c597ed,32,missing_knowledge
user32.dll,0x18006d8c0,func_pdata_0x18006d8c0,func_pdata_,Y,1b,8,0,0,N,N,0x65f3beee6cdaec1f,32,missing_knowledge
user32.dll,0x18006d8f0,func_pdata_0x18006d8f0,func_pdata_,Y,75,1f,0,0,N,N,0xbb4b925631d9b884,32,missing_knowledge
user32.dll,0x18006d970,func_pdata_0x18006d970,func_pdata_,Y,50,16,0,0,N,N,0xdb669f6d907e8965,32,missing_knowledge
user32.dll,0x18006d9c8,func_pdata_0x18006d9c8,func_pdata_,Y,93,25,1,0,N,N,0x1971f6b4459dec42,32,missing_knowledge
user32.dll,0x18006da64,func_pdata_0x18006da64,func_pdata_,Y,7a,20,4,0,N,N,0x30abfed40d6f3012,32,missing_knowledge
user32.dll,0x18006dae8,func_pdata_0x18006dae8,func_pdata_,Y,5a,18,2,0,N,N,0x3ff5506b3517a7e0,32,missing_knowledge
user32.dll,0x18006db4c,func_pdata_0x18006db4c,func_pdata_,Y,b1,31,1,0,N,N,0x41b1ff427725d854,32,missing_knowledge
user32.dll,0x18006dc04,func_pdata_0x18006dc04,func_pdata_,Y,1f,9,2,0,N,N,0x4ff30e4b247ea5e0,32,missing_knowledge
user32.dll,0x18006dc2c,func_pdata_0x18006dc2c,func_pdata_,Y,4e,15,1,0,N,N,0x1514a50e9a1a2d09,32,missing_knowledge
user32.dll,0x18006dc90,func_pdata_0x18006dc90,func_pdata_,Y,5f,1d,0,0,N,N,0x6180a44adb678691,32,missing_knowledge
user32.dll,0x18006dd00,func_pdata_0x18006dd00,func_pdata_,Y,39,10,0,0,N,N,0xe2e7c3f50db69900,32,missing_knowledge
user32.dll,0x18006dd40,func_pdata_0x18006dd40,func_pdata_,Y,1bd,74,1,0,N,N,0x596835010e33a990,32,missing_knowledge
user32.dll,0x18006df04,func_pdata_0x18006df04,func_pdata_,Y,a9,2c,1,0,N,N,0x188960261751c026,32,missing_knowledge
user32.dll,0x18006dfb4,func_pdata_0x18006dfb4,func_pdata_,Y,29,b,a,0,N,N,0x61dab2b81d32071b,32,missing_knowledge
user32.dll,0x18006dfe4,func_pdata_0x18006dfe4,func_pdata_,Y,2c,e,4,0,N,N,0x94f0f3026bf53911,32,missing_knowledge
user32.dll,0x18006e018,func_pdata_0x18006e018,func_pdata_,Y,256,a7,1,0,N,N,0x198ed446f55ebc06,32,missing_knowledge
user32.dll,0x18006e280,func_data_0x6442902144,func_data_,Y,0,0,0,0,N,N,0xe927527d2b4cd45e,32,discovery_failure
user32.dll,0x18006e2a0,func_data_0x6442902176,func_data_,Y,0,0,0,0,N,N,0x27d1293ef0fc3a38,32,discovery_failure
user32.dll,0x18006e2c0,func_data_0x6442902208,func_data_,Y,0,0,0,0,N,N,0xd5f8403afa9aa0cb,32,discovery_failure
user32.dll,0x18006e2e0,func_data_0x6442902240,func_data_,Y,0,0,0,0,N,N,0x2b9af42f2ae77ec6,32,discovery_failure
user32.dll,0x18006e300,func_data_0x6442902272,func_data_,Y,0,0,0,0,N,N,0x97e2d8133eb1a94d,32,discovery_failure
user32.dll,0x18006e320,func_data_0x6442902304,func_data_,Y,0,0,0,0,N,N,0x34781ad9de115a66,32,discovery_failure
user32.dll,0x18006e340,func_data_0x6442902336,func_data_,Y,0,0,0,0,N,N,0x241185e9ca3891e7,32,discovery_failure
user32.dll,0x18006e354,func_pdata_0x18006e354,func_pdata_,Y,c6,33,3,0,N,N,0xb409caecf539ad51,32,missing_knowledge
user32.dll,0x18006e424,func_pdata_0x18006e424,func_pdata_,Y,7a,1e,1,0,N,N,0xb5fadbb2e21c1847,32,missing_knowledge
user32.dll,0x18006e4a8,func_pdata_0x18006e4a8,func_pdata_,Y,78,22,1,0,N,N,0x864a656ade82a738,32,missing_knowledge
user32.dll,0x18006e528,func_pdata_0x18006e528,func_pdata_,Y,c0,33,2,0,N,N,0x74741bf521b53bbb,32,missing_knowledge
user32.dll,0x18006e5f0,func_pdata_0x18006e5f0,func_pdata_,Y,3d,c,1,0,N,N,0x3f45a0b2a4c4f68b,32,missing_knowledge
user32.dll,0x18006e634,func_pdata_0x18006e634,func_pdata_,Y,170,72,1,0,N,N,0x20bc2aba31735498,32,missing_knowledge
user32.dll,0x18006e7ac,func_pdata_0x18006e7ac,func_pdata_,Y,3d,12,2,0,N,N,0x0bb9b53a6c2a8cda,32,missing_knowledge
user32.dll,0x18006e7f0,func_pdata_0x18006e7f0,func_pdata_,Y,3c,d,0,0,N,N,0xddb7429556277a31,32,missing_knowledge
user32.dll,0x18006e834,func_pdata_0x18006e834,func_pdata_,Y,26c,99,1,0,N,N,0x730b62028281df4a,32,missing_knowledge
user32.dll,0x18006eaa8,func_pdata_0x18006eaa8,func_pdata_,Y,6c,1b,3,0,N,N,0xc7e1f614283d50e2,32,missing_knowledge
user32.dll,0x18006eb1c,func_pdata_0x18006eb1c,func_pdata_,Y,2b,d,3,0,N,N,0x389a65bf42a42a57,32,missing_knowledge
user32.dll,0x18006eb50,func_pdata_0x18006eb50,func_pdata_,Y,ec,47,1,0,N,N,0x5c23d1f7df860932,32,missing_knowledge
user32.dll,0x18006ec44,func_call_0x18006ec44,func_call_,Y,f,5,3,0,N,N,0x6739fe75e64c3bd2,32,missing_knowledge
user32.dll,0x18006ec78,func_pdata_0x18006ec78,func_pdata_,Y,171,5e,2,0,N,N,0x804f9d307884bc6f,32,missing_knowledge
user32.dll,0x18006edf0,func_pdata_0x18006edf0,func_pdata_,Y,167,5b,1,0,N,N,0xe5107d54ab52d156,32,missing_knowledge
user32.dll,0x18006ef60,func_pdata_0x18006ef60,func_pdata_,Y,12f,58,1,0,N,N,0x0708b075a3f8849c,32,missing_knowledge
user32.dll,0x18006f098,func_pdata_0x18006f098,func_pdata_,Y,2b8,b3,1,0,N,N,0x529b498f12aa711c,32,missing_knowledge
user32.dll,0x18006f358,func_pdata_0x18006f358,func_pdata_,Y,84,2d,a,0,N,N,0xbf14ad6afc755a80,32,missing_knowledge
user32.dll,0x18006f3e4,func_pdata_0x18006f3e4,func_pdata_,Y,c5,38,1,0,N,N,0x711208d71ca640b8,32,missing_knowledge
user32.dll,0x18006f4b0,func_pdata_0x18006f4b0,func_pdata_,Y,ff,47,1,0,N,N,0xcd09355aac3578f7,32,missing_knowledge
user32.dll,0x18006f5b8,func_pdata_0x18006f5b8,func_pdata_,Y,56,1d,1,0,N,N,0x9f8fdadff48dc3ab,32,missing_knowledge
user32.dll,0x18006f618,func_pdata_0x18006f618,func_pdata_,Y,11b,4c,4,0,N,N,0x1cfb8272ddb73663,32,missing_knowledge
user32.dll,0x18006f73c,func_pdata_0x18006f73c,func_pdata_,Y,104,45,1,0,N,N,0xf6ac234d795e8715,32,missing_knowledge
user32.dll,0x18006f848,func_pdata_0x18006f848,func_pdata_,Y,f6,48,7,0,N,N,0x17b05c59890bcea0,32,missing_knowledge
user32.dll,0x18006f948,func_pdata_0x18006f948,func_pdata_,Y,106,39,1,0,N,N,0xa3a8c941c42422a4,32,missing_knowledge
user32.dll,0x18006fa58,func_call_0x18006fa58,func_call_,Y,15,5,1,0,N,N,0x4f7896276df01ad0,32,missing_knowledge
user32.dll,0x18006fa78,func_pdata_0x18006fa78,func_pdata_,Y,c8,38,1,0,N,N,0x8b5ef9b2edf763eb,32,missing_knowledge
user32.dll,0x18006fb48,func_pdata_0x18006fb48,func_pdata_,Y,f1,3c,1,0,N,N,0xa8e40cb4988b8d4b,32,missing_knowledge
user32.dll,0x18006fc40,func_call_0x18006fc40,func_call_,Y,15,5,1,0,N,N,0xba8c11a29f9d6bbc,32,missing_knowledge
user32.dll,0x18006fc60,func_call_0x18006fc60,func_call_,Y,15,5,1,0,N,N,0x54f162e8c23f7460,32,missing_knowledge
user32.dll,0x18006fc80,func_pdata_0x18006fc80,func_pdata_,Y,2e,c,1,0,N,N,0x680eb55b729b2279,32,missing_knowledge
user32.dll,0x18006fcb8,func_pdata_0x18006fcb8,func_pdata_,Y,31,c,1,0,N,N,0x6ec6021be3bb5dfb,32,missing_knowledge
user32.dll,0x18006fcf0,func_pdata_0x18006fcf0,func_pdata_,Y,63,17,2,0,N,N,0xb1917661a1bfb324,32,missing_knowledge
user32.dll,0x18006fd5c,func_pdata_0x18006fd5c,func_pdata_,Y,116,4d,3,0,N,N,0xfdc605df406ee7fe,32,missing_knowledge
user32.dll,0x18006fe7c,func_pdata_0x18006fe7c,func_pdata_,Y,1d5,88,2,0,N,N,0x8d942849e4a49199,32,missing_knowledge
user32.dll,0x180070058,func_pdata_0x180070058,func_pdata_,Y,1f2,7e,3,0,N,N,0x510f2416c5fd8286,32,missing_knowledge
user32.dll,0x180070254,func_pdata_0x180070254,func_pdata_,Y,99,2c,1,0,N,N,0xdc2ce9e92980ea9c,32,missing_knowledge
user32.dll,0x1800702f4,func_pdata_0x1800702f4,func_pdata_,Y,29,b,3,0,N,N,0x4b91ece315d9cb6e,32,missing_knowledge
user32.dll,0x180070324,func_pdata_0x180070324,func_pdata_,Y,104,38,3,0,N,N,0x2a194a22a94c64d5,32,missing_knowledge
user32.dll,0x180070430,func_pdata_0x180070430,func_pdata_,Y,86,23,1,0,N,N,0x6492d64d7e34fa05,32,missing_knowledge
user32.dll,0x1800704c0,func_pdata_0x1800704c0,func_pdata_,Y,82,21,1,0,N,N,0x6492de4d7e35079d,32,missing_knowledge
user32.dll,0x18007054c,func_pdata_0x18007054c,func_pdata_,Y,3e,c,5,0,N,N,0x42415d25a99152f1,32,missing_knowledge
user32.dll,0x180070594,func_pdata_0x180070594,func_pdata_,Y,5f,18,1,0,N,N,0x52402fbe1efa78c7,32,missing_knowledge
user32.dll,0x1800705fc,func_pdata_0x1800705fc,func_pdata_,Y,18,6,2,0,N,N,0x03fe71e9036ec1b1,32,missing_knowledge
user32.dll,0x18007061c,func_pdata_0x18007061c,func_pdata_,Y,35,b,b,0,N,N,0xe980d0893fec6575,32,missing_knowledge
user32.dll,0x180070660,func_pdata_0x180070660,func_pdata_,Y,6a,1c,0,0,N,N,0x47764e790fd7eaca,32,missing_knowledge
user32.dll,0x1800706e0,func_pdata_0x1800706e0,func_pdata_,Y,4b,14,0,0,N,N,0xe5a578a85f663aa1,32,missing_knowledge
user32.dll,0x180070740,func_pdata_0x180070740,func_pdata_,Y,58,18,0,0,N,N,0x7604f65adb121133,32,missing_knowledge
user32.dll,0x1800707a0,func_pdata_0x1800707a0,func_pdata_,Y,101,4c,2,0,N,N,0x2b7b2288814e08a9,32,missing_knowledge
user32.dll,0x1800708a8,func_pdata_0x1800708a8,func_pdata_,Y,cd,3e,1,0,N,N,0xdaeef484a085346d,32,missing_knowledge
user32.dll,0x18007097c,func_pdata_0x18007097c,func_pdata_,Y,8e,27,0,0,N,N,0xb7d0464a291da430,32,missing_knowledge
user32.dll,0x180070a14,func_pdata_0x180070a14,func_pdata_,Y,a7,2e,0,0,N,N,0x748bdd1ee5d451fb,32,missing_knowledge
user32.dll,0x180070ac4,func_pdata_0x180070ac4,func_pdata_,Y,91,2b,3,0,N,N,0x85c6a3687e905453,32,missing_knowledge
user32.dll,0x180070b5c,func_pdata_0x180070b5c,func_pdata_,Y,ac,2e,3,0,N,N,0x3a045cd230ddc540,32,missing_knowledge
user32.dll,0x180070c10,func_pdata_0x180070c10,func_pdata_,Y,286,ad,1,0,N,N,0x67bae0882b1d5691,32,missing_knowledge
user32.dll,0x180070ea0,func_pdata_0x180070ea0,func_pdata_,Y,97,27,1,0,N,N,0x6e58d58919daacd7,32,missing_knowledge
user32.dll,0x180070f40,func_pdata_0x180070f40,func_pdata_,Y,4b,13,1,0,N,N,0x7ca6402fe9b4e964,32,missing_knowledge
user32.dll,0x180070f94,func_pdata_0x180070f94,func_pdata_,Y,4d,16,6,0,N,N,0xbc936f89fd3f52ec,32,missing_knowledge
user32.dll,0x180070ff0,func_pdata_0x180070ff0,func_pdata_,Y,73,22,0,0,N,N,0xe3a209afacffc3e4,32,missing_knowledge
user32.dll,0x180071070,func_pdata_0x180071070,func_pdata_,Y,a1,32,0,0,N,N,0xac8112e9fd402e72,32,missing_knowledge
user32.dll,0x180071160,func_pdata_0x180071160,func_pdata_,Y,51,12,0,0,N,N,0xfe6a4b4f40d473a6,32,missing_knowledge
user32.dll,0x1800711c0,func_pdata_0x1800711c0,func_pdata_,Y,65,19,0,0,N,N,0xfe3b134bf671ec02,32,missing_knowledge
user32.dll,0x18007122c,func_pdata_0x18007122c,func_pdata_,Y,93,20,1,0,N,N,0x1c1f68abf1a4a871,32,missing_knowledge
user32.dll,0x1800712c8,func_pdata_0x1800712c8,func_pdata_,Y,24,a,2,0,N,N,0xb43706853adb81dd,32,missing_knowledge
user32.dll,0x1800712f4,func_pdata_0x1800712f4,func_pdata_,Y,f4,45,2,0,N,N,0xcf8156b0fd4cf086,32,missing_knowledge
user32.dll,0x1800713f0,func_call_0x1800713f0,func_call_,Y,7,3,3,0,N,N,0xa3fead628aaee984,32,missing_knowledge
user32.dll,0x180071400,func_pdata_0x180071400,func_pdata_,Y,18,6,2,0,N,N,0x038b6317a6e01b53,32,missing_knowledge
user32.dll,0x180071420,func_pdata_0x180071420,func_pdata_,Y,3d,c,1,0,N,N,0xb401e247941725e5,32,missing_knowledge
user32.dll,0x180071470,func_data_0x6442914928,func_data_,Y,0,0,0,0,N,N,0xe4abcdd2e94cbf15,32,discovery_failure
user32.dll,0x180071494,func_pdata_0x180071494,func_pdata_,Y,5f,1d,2,0,N,N,0x5db06e2553004d92,32,missing_knowledge
user32.dll,0x1800714fc,func_pdata_0x1800714fc,func_pdata_,Y,5e,19,5,0,N,N,0x834287dfed3b6836,32,missing_knowledge
user32.dll,0x180071564,func_pdata_0x180071564,func_pdata_,Y,5e,19,1,0,N,N,0x834287dfed3b6836,32,missing_knowledge
user32.dll,0x1800715cc,func_pdata_0x1800715cc,func_pdata_,Y,2f,a,a,0,N,N,0x74c144cd0ffc2fbc,32,missing_knowledge
user32.dll,0x180071604,func_pdata_0x180071604,func_pdata_,Y,1e2,7c,1,0,N,N,0x8c73f48b734155cd,32,missing_knowledge
user32.dll,0x1800717f0,func_pdata_0x1800717f0,func_pdata_,Y,eb,35,38,0,N,N,0x95b89f9a4a6481d7,32,missing_knowledge
user32.dll,0x1800718f0,func_pdata_0x1800718f0,func_pdata_,Y,8d,2a,0,0,N,N,0x3361befaf35aaffb,32,missing_knowledge
user32.dll,0x180071990,func_pdata_0x180071990,func_pdata_,Y,89,29,0,0,N,N,0x7ddb3914dcea7ffc,32,missing_knowledge
user32.dll,0x180071a20,func_pdata_0x180071a20,func_pdata_,Y,39,11,2,0,N,N,0xff41791269be207b,32,missing_knowledge
user32.dll,0x180071a60,func_pdata_0x180071a60,func_pdata_,Y,88,2d,2,0,N,N,0x97c9b2637e047981,32,missing_knowledge
user32.dll,0x180071af0,func_pdata_0x180071af0,func_pdata_,Y,6a,20,3,0,N,N,0x24bb27778bfde348,32,missing_knowledge
user32.dll,0x180071b64,func_pdata_0x180071b64,func_pdata_,Y,10d,49,1,0,N,N,0x471835004d1ae2e8,32,missing_knowledge
user32.dll,0x180071c78,func_pdata_0x180071c78,func_pdata_,Y,92,29,1,0,N,N,0xcd92daef63232a23,32,missing_knowledge
user32.dll,0x180071d14,func_pdata_0x180071d14,func_pdata_,Y,131,57,1,0,N,N,0x8139e5a157c71f0d,32,missing_knowledge
user32.dll,0x180071e4c,func_pdata_0x180071e4c,func_pdata_,Y,bd,39,0,0,N,N,0x89d580fa9a5bd9d1,32,missing_knowledge
user32.dll,0x180071f10,func_pdata_0x180071f10,func_pdata_,Y,cf,35,1,0,N,N,0x526d9d797114a27f,32,missing_knowledge
user32.dll,0x180071fe8,func_pdata_0x180071fe8,func_pdata_,Y,198,6d,0,0,N,N,0xe58c0d2c58bea69b,32,missing_knowledge
user32.dll,0x180072188,func_pdata_0x180072188,func_pdata_,Y,335,fe,1,0,N,N,0x2b1670da2c9d6cab,32,missing_knowledge
user32.dll,0x1800724c4,func_pdata_0x1800724c4,func_pdata_,Y,6b,1c,2,0,N,N,0xc465f1858c88610d,32,missing_knowledge
user32.dll,0x180072538,func_pdata_0x180072538,func_pdata_,Y,81,27,1,0,N,N,0x9c5ce13367e845c7,32,missing_knowledge
user32.dll,0x1800725c0,func_pdata_0x1800725c0,func_pdata_,Y,167,76,3,0,N,N,0x8e6d6b6248ccef9a,32,missing_knowledge
user32.dll,0x180072730,func_pdata_0x180072730,func_pdata_,Y,76,24,f,0,N,N,0x1766ccf6c0a70691,32,missing_knowledge
user32.dll,0x1800727b0,func_pdata_0x1800727b0,func_pdata_,Y,44,12,2,0,N,N,0xe206749d9150ae87,32,missing_knowledge
user32.dll,0x1800727fc,func_pdata_0x1800727fc,func_pdata_,Y,1a7,8c,c,0,N,N,0x161149ade5c3c25f,32,missing_knowledge
user32.dll,0x1800729ac,func_pdata_0x1800729ac,func_pdata_,Y,6a,21,2,0,N,N,0xc0f427235f0a425d,32,missing_knowledge
user32.dll,0x180072a20,func_pdata_0x180072a20,func_pdata_,Y,82,1b,2,0,N,N,0x62770a96fa89a768,32,missing_knowledge
user32.dll,0x180072ab0,func_pdata_0x180072ab0,func_pdata_,Y,22f,94,0,0,N,N,0xa23064a9c2ef3080,32,missing_knowledge
user32.dll,0x180072ce8,func_pdata_0x180072ce8,func_pdata_,Y,9b,30,0,0,N,N,0x94ca55398b448ddd,32,missing_knowledge
user32.dll,0x180072d8c,func_pdata_0x180072d8c,func_pdata_,Y,40,f,3,0,N,N,0x47e695ff8be7733f,32,missing_knowledge
user32.dll,0x180072dd4,func_pdata_0x180072dd4,func_pdata_,Y,8e,30,1,0,N,N,0xbd7cb250a4b077e0,32,missing_knowledge
user32.dll,0x180072e6c,func_pdata_0x180072e6c,func_pdata_,Y,56,1c,1,0,N,N,0x8bd757602a6c5edc,32,missing_knowledge
user32.dll,0x180072ecc,func_pdata_0x180072ecc,func_pdata_,Y,88,2b,c,0,N,N,0x5d2253579417169c,32,missing_knowledge
user32.dll,0x180072f5c,func_pdata_0x180072f5c,func_pdata_,Y,131,5d,6,0,N,N,0x41834346191f93f1,32,missing_knowledge
user32.dll,0x180073094,func_pdata_0x180073094,func_pdata_,Y,65,1d,1,0,N,N,0xa0fdc69f5d97f98f,32,missing_knowledge
user32.dll,0x180073100,func_pdata_0x180073100,func_pdata_,Y,1af,7b,3,0,N,N,0x777b8f4448a96306,32,missing_knowledge
user32.dll,0x1800732b8,func_pdata_0x1800732b8,func_pdata_,Y,9e,37,8,0,N,N,0xf77272a790deef5b,32,missing_knowledge
user32.dll,0x180073360,func_pdata_0x180073360,func_pdata_,Y,150,57,e,0,N,N,0xef40be72cf3ed7c8,32,missing_knowledge
user32.dll,0x1800734b8,func_pdata_0x1800734b8,func_pdata_,Y,c1,3f,2,0,N,N,0x52c6ddd0fd2bff94,32,missing_knowledge
user32.dll,0x180073580,func_pdata_0x180073580,func_pdata_,Y,194,78,3,0,N,N,0x3a905f0b58568b48,32,missing_knowledge
user32.dll,0x18007371c,func_pdata_0x18007371c,func_pdata_,Y,20a,80,2,0,N,N,0x8471ce22f8d43ddb,32,missing_knowledge
user32.dll,0x180073930,func_pdata_0x180073930,func_pdata_,Y,d5,36,2,0,N,N,0xb773fe33a7a13982,32,missing_knowledge
user32.dll,0x180073a0c,func_pdata_0x180073a0c,func_pdata_,Y,22c,99,2,0,N,N,0x5bc16197e5b23c4c,32,missing_knowledge
user32.dll,0x180073c40,func_pdata_0x180073c40,func_pdata_,Y,c9,42,1,0,N,N,0xcf38fd5c32f9cfae,32,missing_knowledge
user32.dll,0x180073d10,func_pdata_0x180073d10,func_pdata_,Y,1e9,6f,23,0,N,N,0x11e6ac72e2ded5da,32,missing_knowledge
user32.dll,0x180073f00,func_pdata_0x180073f00,func_pdata_,Y,108,4e,2,0,N,N,0x42bbd8a0071661d0,32,missing_knowledge
user32.dll,0x180074010,func_pdata_0x180074010,func_pdata_,Y,87,2a,3,0,N,N,0x748a1c8e00771877,32,missing_knowledge
user32.dll,0x1800740a0,func_pdata_0x1800740a0,func_pdata_,Y,1ca,87,1,0,N,N,0xd4ec86243de3049e,32,missing_knowledge
user32.dll,0x180074280,func_pdata_0x180074280,func_pdata_,Y,76,1c,0,0,N,N,0x3f740d5bff63c45f,32,missing_knowledge
user32.dll,0x180074300,func_pdata_0x180074300,func_pdata_,Y,32b,c3,1,0,N,N,0x7816b46c3d2e6c59,32,missing_knowledge
user32.dll,0x180074634,func_pdata_0x180074634,func_pdata_,Y,723,1f2,2,0,N,N,0xe896db3a5bc18076,32,missing_knowledge
user32.dll,0x180074d60,func_pdata_0x180074d60,func_pdata_,Y,153,5f,5,0,N,N,0x9167a694532ec197,32,missing_knowledge
user32.dll,0x180074ebc,func_pdata_0x180074ebc,func_pdata_,Y,ef,49,3,0,N,N,0x3d4869545c7391c4,32,missing_knowledge
user32.dll,0x180074fb4,func_call_0x180074fb4,func_call_,Y,37,10,b,0,N,N,0x8bc641ce184d282e,32,missing_knowledge
user32.dll,0x180074ff4,func_pdata_0x180074ff4,func_pdata_,Y,10f,53,7,0,N,N,0x162fbd4f22e4cbf9,32,missing_knowledge
user32.dll,0x18007510c,func_pdata_0x18007510c,func_pdata_,Y,73,21,3,0,N,N,0x0d12b5dd88ec1649,32,missing_knowledge
user32.dll,0x180075188,func_pdata_0x180075188,func_pdata_,Y,890,24d,2,0,N,N,0x786a8faa986091c6,32,missing_knowledge
user32.dll,0x180075a20,func_pdata_0x180075a20,func_pdata_,Y,1ce,82,1,0,N,N,0x1182273dc89aed5e,32,missing_knowledge
user32.dll,0x180075bf8,func_pdata_0x180075bf8,func_pdata_,Y,1c7,7e,3,0,N,N,0xdea604898335721c,32,missing_knowledge
user32.dll,0x180075dc8,func_pdata_0x180075dc8,func_pdata_,Y,a4,2c,2,0,N,N,0x06cc796996c86756,32,missing_knowledge
user32.dll,0x180075e74,func_call_0x180075e74,func_call_,Y,3b,15,2,0,N,N,0x428c5c53bc79f7aa,32,missing_knowledge
user32.dll,0x180075ed0,func_pdata_0x180075ed0,func_pdata_,Y,577,182,4,0,N,N,0xe8800e8fee43928f,32,missing_knowledge
user32.dll,0x180076450,func_pdata_0x180076450,func_pdata_,Y,289,a8,2,0,N,N,0x7ce52d22c60a5733,32,missing_knowledge
user32.dll,0x1800766da,func_pdata_0x1800766da,func_pdata_,Y,14,7,0,0,N,N,0x81d30c66364d322b,32,missing_knowledge
user32.dll,0x1800766f8,func_pdata_0x1800766f8,func_pdata_,Y,bf,2c,0,0,N,N,0xd59926f56d16a968,32,missing_knowledge
user32.dll,0x1800767c0,func_pdata_0x1800767c0,func_pdata_,Y,eb,41,0,0,N,N,0x07f0b4ce8d56faed,32,missing_knowledge
user32.dll,0x1800768c0,func_pdata_0x1800768c0,func_pdata_,Y,57,18,0,0,N,N,0xb18ee0b857d835d2,32,missing_knowledge
user32.dll,0x180076920,func_pdata_0x180076920,func_pdata_,Y,aa,2e,0,0,N,N,0x4ec4e20f101693a1,32,missing_knowledge
user32.dll,0x1800769e0,func_pdata_0x1800769e0,func_pdata_,Y,2e,e,0,0,N,N,0xfdf5ee461dbacc1d,32,missing_knowledge
user32.dll,0x180076a18,func_pdata_0x180076a18,func_pdata_,Y,73,24,3,0,N,N,0x77880f5d43d6c8ca,32,missing_knowledge
user32.dll,0x180076a94,func_pdata_0x180076a94,func_pdata_,Y,f8,53,4,0,N,N,0xf1ffd1c77b3f808f,32,missing_knowledge
user32.dll,0x180076b94,func_pdata_0x180076b94,func_pdata_,Y,d4,42,0,0,N,N,0x4ba04253c0867d4d,32,missing_knowledge
user32.dll,0x180076c70,func_pdata_0x180076c70,func_pdata_,Y,110,4a,2,0,N,N,0x032a84ed89d9b13c,32,missing_knowledge
user32.dll,0x180076d88,func_pdata_0x180076d88,func_pdata_,Y,9f,32,1,0,N,N,0x44bc01da1238e5ce,32,missing_knowledge
user32.dll,0x180076e30,func_pdata_0x180076e30,func_pdata_,Y,7b,25,1,0,N,N,0x7bb2f5472a5983f3,32,missing_knowledge
user32.dll,0x180076eb4,func_pdata_0x180076eb4,func_pdata_,Y,4e,17,8,0,N,N,0x403d71d555b59b31,32,missing_knowledge
user32.dll,0x180076f0c,func_pdata_0x180076f0c,func_pdata_,Y,bc,43,3,0,N,N,0x0c1736c8f88b27dc,32,missing_knowledge
user32.dll,0x180076fd0,func_pdata_0x180076fd0,func_pdata_,Y,db,33,0,0,N,N,0x0ab9a0fddfc01bcb,32,missing_knowledge
user32.dll,0x1800770c0,func_pdata_0x1800770c0,func_pdata_,Y,8a,24,0,0,N,N,0x2e6e4b4b0d157135,32,missing_knowledge
user32.dll,0x180077160,func_pdata_0x180077160,func_pdata_,Y,4b,15,0,0,N,N,0xad2dfaab853472d8,32,missing_knowledge
user32.dll,0x1800771c0,func_pdata_0x1800771c0,func_pdata_,Y,9f,29,0,0,N,N,0xd6e640eb2c4099d9,32,missing_knowledge
user32.dll,0x180077270,func_pdata_0x180077270,func_pdata_,Y,cd,2e,0,0,N,N,0xbb74e313dd11b6e4,32,missing_knowledge
user32.dll,0x180077350,func_pdata_0x180077350,func_pdata_,Y,6d,17,0,0,N,N,0x97c874d4e30dd90e,32,missing_knowledge
user32.dll,0x1800773d0,func_pdata_0x1800773d0,func_pdata_,Y,3b,e,0,0,N,N,0x2b79d9f600dbdd87,32,missing_knowledge
user32.dll,0x180077420,func_pdata_0x180077420,func_pdata_,Y,7c,1e,0,0,N,N,0x47ce370265b4d98e,32,missing_knowledge
user32.dll,0x1800774a4,func_pdata_0x1800774a4,func_pdata_,Y,179,68,1,0,N,N,0x7288f25067af7075,32,missing_knowledge
user32.dll,0x180077630,func_jmp_0x180077630,func_jmp_,Y,4,1,0,0,N,N,0x184d5b090bc910c9,32,missing_knowledge
user32.dll,0x18007763c,func_pdata_0x18007763c,func_pdata_,Y,e3,3f,1,0,N,N,0xa0aae9558d764f9a,32,missing_knowledge
user32.dll,0x180077728,func_pdata_0x180077728,func_pdata_,Y,1e7,83,2,0,N,N,0x32b4d13a525ab25b,32,missing_knowledge
user32.dll,0x180077918,func_pdata_0x180077918,func_pdata_,Y,19a,66,1,0,N,N,0xc6eaa81f9a6dd4da,32,missing_knowledge
user32.dll,0x180077abc,func_pdata_0x180077abc,func_pdata_,Y,241,a4,5,0,N,N,0x9b8ff304f322fdf3,32,missing_knowledge
user32.dll,0x180077d04,func_call_0x180077d04,func_call_,Y,10,6,2,0,N,N,0x91f78960d9b2326e,32,missing_knowledge
user32.dll,0x180077d38,func_pdata_0x180077d38,func_pdata_,Y,3d1,11d,2,0,N,N,0x511d801547b0f221,32,missing_knowledge
user32.dll,0x180078110,func_pdata_0x180078110,func_pdata_,Y,32f,dd,0,0,N,N,0xedfda928c01146bc,32,missing_knowledge
user32.dll,0x180078448,func_pdata_0x180078448,func_pdata_,Y,5c,1b,2,0,N,N,0x98ccea1ebc6392c4,32,missing_knowledge
user32.dll,0x1800784b0,func_pdata_0x1800784b0,func_pdata_,Y,49,15,0,0,N,N,0xbf92feb1fa1bc8e7,32,missing_knowledge
user32.dll,0x180078500,func_pdata_0x180078500,func_pdata_,Y,184,7a,1,0,N,N,0xd9095559c5683316,32,missing_knowledge
user32.dll,0x180078690,func_pdata_0x180078690,func_pdata_,Y,3a6,ea,0,0,N,N,0xf29260cb00a7ecae,32,missing_knowledge
user32.dll,0x180078a40,func_pdata_0x180078a40,func_pdata_,Y,187,72,1,0,N,N,0xdd17338023bf41e4,32,missing_knowledge
user32.dll,0x180078bd0,func_pdata_0x180078bd0,func_pdata_,Y,12d,5c,3,0,N,N,0x6349f1b764c0a020,32,missing_knowledge
user32.dll,0x180078d04,func_pdata_0x180078d04,func_pdata_,Y,1a4,73,2,0,N,N,0x8868f3b0c50164a4,32,missing_knowledge
user32.dll,0x180078eb0,func_pdata_0x180078eb0,func_pdata_,Y,24,8,0,0,N,N,0x2c2e0211adb3ab2a,32,missing_knowledge
user32.dll,0x180078ee0,func_pdata_0x180078ee0,func_pdata_,Y,6d,17,0,0,N,N,0x381e3bfb5d976ae8,32,missing_knowledge
user32.dll,0x180078f60,func_pdata_0x180078f60,func_pdata_,Y,6d,17,0,0,N,N,0x381e3bfb5d976ae8,32,missing_knowledge
user32.dll,0x180078fe0,func_pdata_0x180078fe0,func_pdata_,Y,20,7,0,0,N,N,0x3aa3eefb049f933e,32,missing_knowledge
user32.dll,0x180079010,func_pdata_0x180079010,func_pdata_,Y,16,5,0,0,N,N,0x93ad96b6a9e5b216,32,missing_knowledge
user32.dll,0x180079030,func_data_0x6442946608,func_data_,Y,0,0,0,0,N,N,0xbc81c85d47503f77,32,discovery_failure
user32.dll,0x180079060,func_pdata_0x180079060,func_pdata_,Y,24,8,0,0,N,N,0xae7077eed743f8d7,32,missing_knowledge
user32.dll,0x180079090,func_pdata_0x180079090,func_pdata_,Y,104,42,0,0,N,N,0xd0b07083fe76c803,32,missing_knowledge
user32.dll,0x1800791a0,func_data_0x6442946976,func_data_,Y,0,0,0,0,N,N,0x7399b3bc77dc7d7f,32,discovery_failure
user32.dll,0x180079250,func_data_0x6442947152,func_data_,Y,0,0,0,0,N,N,0x7399b3bc77dc7d7f,32,discovery_failure
user32.dll,0x180079300,func_pdata_0x180079300,func_pdata_,Y,81,24,0,0,N,N,0xccec0d4ada4ebd9c,32,missing_knowledge
user32.dll,0x180079390,func_data_0x6442947472,func_data_,Y,0,0,0,0,N,N,0xc100cccff1baaa2e,32,discovery_failure
user32.dll,0x1800793b0,func_pdata_0x1800793b0,func_pdata_,Y,39,11,0,0,N,N,0xc6461d2af13aff64,32,missing_knowledge
user32.dll,0x1800793f0,func_pdata_0x1800793f0,func_pdata_,Y,18,8,0,0,N,N,0x0a33626b28281562,32,missing_knowledge
user32.dll,0x180079410,func_pdata_0x180079410,func_pdata_,Y,25,8,0,0,N,N,0x8e04c08a577cb087,32,missing_knowledge
user32.dll,0x180079440,func_pdata_0x180079440,func_pdata_,Y,2d,d,0,0,N,N,0xeb954d345cdb370a,32,missing_knowledge
user32.dll,0x180079480,func_pdata_0x180079480,func_pdata_,Y,49,14,0,0,N,N,0x97a40f6203934b74,32,missing_knowledge
user32.dll,0x1800794d0,func_pdata_0x1800794d0,func_pdata_,Y,13f,55,0,0,N,N,0xce0de6360308a10a,32,missing_knowledge
user32.dll,0x180079620,func_pdata_0x180079620,func_pdata_,Y,6e,1f,0,0,N,N,0x0bcdf2a5aa893d67,32,missing_knowledge
user32.dll,0x180079698,func_pdata_0x180079698,func_pdata_,Y,151,4e,1,0,N,N,0xe7578747f42d5969,32,missing_knowledge
user32.dll,0x1800797f0,func_pdata_0x1800797f0,func_pdata_,Y,6c,1e,0,0,N,N,0x6eb1d348fc599348,32,missing_knowledge
user32.dll,0x180079870,func_pdata_0x180079870,func_pdata_,Y,38,f,0,0,N,N,0xcfa87dfb223705d5,32,missing_knowledge
user32.dll,0x1800798b0,func_pdata_0x1800798b0,func_pdata_,Y,3b,f,0,0,N,N,0x046e580a538aa19e,32,missing_knowledge
user32.dll,0x180079900,func_pdata_0x180079900,func_pdata_,Y,7b,1d,0,0,N,N,0xeb90a24bfc81b2f9,32,missing_knowledge
user32.dll,0x180079990,func_pdata_0x180079990,func_pdata_,Y,2a,9,0,0,N,N,0x4eaba78223b87dbb,32,missing_knowledge
user32.dll,0x1800799c4,func_pdata_0x1800799c4,func_pdata_,Y,144,53,4,0,N,N,0xd5e8455d81f4abd0,32,missing_knowledge
user32.dll,0x180079b10,func_pdata_0x180079b10,func_pdata_,Y,10d,45,0,0,N,N,0x5521c74152259504,32,missing_knowledge
user32.dll,0x180079c24,func_pdata_0x180079c24,func_pdata_,Y,13a,49,3,0,N,N,0xf20ed76976682bee,32,missing_knowledge
user32.dll,0x180079d68,func_pdata_0x180079d68,func_pdata_,Y,172,54,5,0,N,N,0x87d9fd37e1314a59,32,missing_knowledge
user32.dll,0x180079ee4,func_pdata_0x180079ee4,func_pdata_,Y,162,53,3,0,N,N,0x15f4e5b9cb583d47,32,missing_knowledge
user32.dll,0x18007a050,func_pdata_0x18007a050,func_pdata_,Y,129,3b,1,0,N,N,0xd118736a9278dd39,32,missing_knowledge
user32.dll,0x18007a180,func_pdata_0x18007a180,func_pdata_,Y,171,51,1,0,N,N,0xa47ab4ea1c47c025,32,missing_knowledge
user32.dll,0x18007a2f8,func_pdata_0x18007a2f8,func_pdata_,Y,7b,1f,2,0,N,N,0xae5ad936fda2c1e3,32,missing_knowledge
user32.dll,0x18007a37c,func_pdata_0x18007a37c,func_pdata_,Y,2de,9c,1,0,N,N,0xb2869d1e522bc337,32,missing_knowledge
user32.dll,0x18007a664,func_pdata_0x18007a664,func_pdata_,Y,18a,59,1,0,N,N,0x214241423abb3984,32,missing_knowledge
user32.dll,0x18007a7f8,func_pdata_0x18007a7f8,func_pdata_,Y,122,50,1,0,N,N,0xa6b8c6aae7a288ee,32,missing_knowledge
user32.dll,0x18007a924,func_pdata_0x18007a924,func_pdata_,Y,25f,ab,1,0,N,N,0x492543b242837e62,32,missing_knowledge
user32.dll,0x18007ab8c,func_pdata_0x18007ab8c,func_pdata_,Y,232,92,1,0,N,N,0xec0ae2012f1191ff,32,missing_knowledge
user32.dll,0x18007add0,func_pdata_0x18007add0,func_pdata_,Y,3a4,f5,0,0,N,N,0x6ece7777b7429d08,32,missing_knowledge
user32.dll,0x18007b17c,func_pdata_0x18007b17c,func_pdata_,Y,e3,42,1,0,N,N,0x76130d3591f75da1,32,missing_knowledge
user32.dll,0x18007b268,func_pdata_0x18007b268,func_pdata_,Y,c5,38,1,0,N,N,0x9b0e4e4c48ca8e1d,32,missing_knowledge
user32.dll,0x18007b334,func_pdata_0x18007b334,func_pdata_,Y,143,5b,1,0,N,N,0x98b25fc60552e2ea,32,missing_knowledge
user32.dll,0x18007b480,func_pdata_0x18007b480,func_pdata_,Y,16c,64,3,0,N,N,0x83cf9a4cb4841226,32,missing_knowledge
user32.dll,0x18007b5f4,func_pdata_0x18007b5f4,func_pdata_,Y,3a8,e7,3,0,N,N,0x2509e0dde24bada9,32,missing_knowledge
user32.dll,0x18007b9a4,func_pdata_0x18007b9a4,func_pdata_,Y,84,20,1,0,N,N,0xe2b60e5cf2a40d03,32,missing_knowledge
user32.dll,0x18007ba30,func_pdata_0x18007ba30,func_pdata_,Y,22d,8f,1,0,N,N,0xb9d9ddcca7cf405d,32,missing_knowledge
user32.dll,0x18007bc64,func_pdata_0x18007bc64,func_pdata_,Y,c8,39,1,0,N,N,0x3384bf41490feb2c,32,missing_knowledge
user32.dll,0x18007bd34,func_pdata_0x18007bd34,func_pdata_,Y,1b9,89,2,0,N,N,0x783163afa263eb86,32,missing_knowledge
user32.dll,0x18007bef4,func_pdata_0x18007bef4,func_pdata_,Y,5b,19,1,0,N,N,0xf45a28a430788c7f,32,missing_knowledge
user32.dll,0x18007bf58,func_pdata_0x18007bf58,func_pdata_,Y,b8,35,1,0,N,N,0xb3ed44add80ca50f,32,missing_knowledge
user32.dll,0x18007c018,func_pdata_0x18007c018,func_pdata_,Y,84,27,2,0,N,N,0xef01dc33c643c93d,32,missing_knowledge
user32.dll,0x18007c0b0,func_data_0x6442959024,func_data_,Y,0,0,0,0,N,N,0xd79991316ec2e868,32,discovery_failure
user32.dll,0x18007c0ce,func_start_0x18007c0ce,func_start_,Y,2,2,0,0,N,N,0x75210c88cf2ec8ce,32,missing_knowledge
user32.dll,0x18007c0e0,func_pdata_0x18007c0e0,func_pdata_,Y,53,11,0,0,N,N,0x2ec190ab345511fd,32,missing_knowledge
user32.dll,0x18007c140,func_pdata_0x18007c140,func_pdata_,Y,1d,7,0,0,N,N,0x88fb70d7e150cd17,32,missing_knowledge
user32.dll,0x18007c170,func_pdata_0x18007c170,func_pdata_,Y,1d,7,0,0,N,N,0x197158887a3a8e4c,32,missing_knowledge
user32.dll,0x18007c1a0,func_pdata_0x18007c1a0,func_pdata_,Y,1a1,6a,0,0,N,N,0x8a255e108a166800,32,missing_knowledge
user32.dll,0x18007c350,func_pdata_0x18007c350,func_pdata_,Y,b5,26,0,0,N,N,0x1cc727d7f740c7d4,32,missing_knowledge
user32.dll,0x18007c410,func_pdata_0x18007c410,func_pdata_,Y,15a,59,2,0,N,N,0x9a967082b7deb6a0,32,missing_knowledge
user32.dll,0x18007c580,func_pdata_0x18007c580,func_pdata_,Y,1d6,6c,4,0,N,N,0x57adca5125bcd98f,32,missing_knowledge
user32.dll,0x18007c760,func_pdata_0x18007c760,func_pdata_,Y,53,11,1,0,N,N,0x7d7ca4143549417a,32,missing_knowledge
user32.dll,0x18007c7c0,func_pdata_0x18007c7c0,func_pdata_,Y,8f7,244,1,0,N,N,0xb3e0e25bab3a2426,32,missing_knowledge
user32.dll,0x18007d0c0,func_pdata_0x18007d0c0,func_pdata_,Y,3f,11,0,0,N,N,0x8d8f43aebf47d112,32,missing_knowledge
user32.dll,0x18007d110,func_pdata_0x18007d110,func_pdata_,Y,1c,7,0,0,N,N,0x50ff2d6cbe514417,32,missing_knowledge
user32.dll,0x18007d140,func_pdata_0x18007d140,func_pdata_,Y,a2,29,0,0,N,N,0xdd988d049f92521c,32,missing_knowledge
user32.dll,0x18007d1f0,func_pdata_0x18007d1f0,func_pdata_,Y,71,20,0,0,N,N,0x8b164746830f56e4,32,missing_knowledge
user32.dll,0x18007d270,func_pdata_0x18007d270,func_pdata_,Y,94,1c,0,0,N,N,0x85b3fa52780efc7c,32,missing_knowledge
user32.dll,0x18007d310,func_pdata_0x18007d310,func_pdata_,Y,2c4,c4,0,0,N,N,0xdf6ab78bf7007542,32,missing_knowledge
user32.dll,0x18007d5e0,func_pdata_0x18007d5e0,func_pdata_,Y,b4,2e,0,0,N,N,0xe1e5df43cbce445b,32,missing_knowledge
user32.dll,0x18007d6a0,func_pdata_0x18007d6a0,func_pdata_,Y,4a,10,0,0,N,N,0xdb95de66287a4127,32,missing_knowledge
user32.dll,0x18007d700,func_pdata_0x18007d700,func_pdata_,Y,267,a3,0,0,N,N,0xc73b140e049235bd,32,missing_knowledge
user32.dll,0x18007d970,func_pdata_0x18007d970,func_pdata_,Y,98,27,0,0,N,N,0x0532c4634ad9c4ea,32,missing_knowledge
user32.dll,0x18007da10,func_pdata_0x18007da10,func_pdata_,Y,4a,10,0,0,N,N,0xdb95de66287a4127,32,missing_knowledge
user32.dll,0x18007da70,func_pdata_0x18007da70,func_pdata_,Y,b0,2f,0,0,N,N,0xf7a9de98da62ce18,32,missing_knowledge
user32.dll,0x18007db21,func_pdata_0x18007db21,func_pdata_,Y,1b,a,0,0,N,N,0x19c1183cf78c89dd,32,missing_knowledge
user32.dll,0x18007db50,func_pdata_0x18007db50,func_pdata_,Y,8b,25,0,0,N,N,0x014ac964a5043e1c,32,missing_knowledge
user32.dll,0x18007dbf0,func_data_0x6442966000,func_data_,Y,0,0,0,0,N,N,0x38f7d45d8f0b09ab,32,discovery_failure
user32.dll,0x18007dc10,func_pdata_0x18007dc10,func_pdata_,Y,243,8e,0,0,N,N,0x511d601547b0bbc1,32,missing_knowledge
user32.dll,0x18007de60,func_pdata_0x18007de60,func_pdata_,Y,5e,19,0,0,N,N,0x9983a60a330e9035,32,missing_knowledge
user32.dll,0x18007ded0,func_data_0x6442966736,func_data_,Y,0,0,0,0,N,N,0x609d127b77f7a17c,32,discovery_failure
user32.dll,0x18007def0,func_pdata_0x18007def0,func_pdata_,Y,56,1a,0,0,N,N,0xda0dd3a7a2ede895,32,missing_knowledge
user32.dll,0x18007df50,func_pdata_0x18007df50,func_pdata_,Y,3b,11,0,0,N,N,0x8c221a08ce7308fd,32,missing_knowledge
user32.dll,0x18007dfa0,func_pdata_0x18007dfa0,func_pdata_,Y,45,14,1,0,N,N,0x3e5537a0e614d191,32,missing_knowledge
user32.dll,0x18007dff0,func_pdata_0x18007dff0,func_pdata_,Y,35,10,0,0,N,N,0x5c88e1d73eae2cb0,32,missing_knowledge
user32.dll,0x18007e030,func_data_0x6442967088,func_data_,Y,0,0,0,0,N,N,0x02d401f1afecc290,32,discovery_failure
user32.dll,0x18007e050,func_pdata_0x18007e050,func_pdata_,Y,18,8,0,0,N,N,0x88b7db1b27ec849a,32,missing_knowledge
user32.dll,0x18007e070,func_pdata_0x18007e070,func_pdata_,Y,4a,12,0,0,N,N,0x1c65ad17a9df2486,32,missing_knowledge
user32.dll,0x18007e0d0,func_call_0x18007e0d0,func_call_,Y,3d,12,2,0,N,N,0x8727e9b2a1a7d991,32,missing_knowledge
user32.dll,0x18007e10f,func_start_0x18007e10f,func_start_,Y,2,2,2,0,N,N,0xff4e759c9382d3ea,32,missing_knowledge
user32.dll,0x18007e120,func_pdata_0x18007e120,func_pdata_,Y,57,18,2,0,N,N,0x6963daeaa031e5a9,32,missing_knowledge
user32.dll,0x18007e180,func_pdata_0x18007e180,func_pdata_,Y,65,1d,0,0,N,N,0x20cbaa343fd63d8c,32,missing_knowledge
user32.dll,0x18007e1f0,func_pdata_0x18007e1f0,func_pdata_,Y,7e,25,0,0,N,N,0xafc28d9b9acf57f7,32,missing_knowledge
user32.dll,0x18007e280,func_call_0x18007e280,func_call_,Y,39,11,1,0,N,N,0x8509c29df516a93a,32,missing_knowledge
user32.dll,0x18007e2bb,func_start_0x18007e2bb,func_start_,Y,2,2,2,0,N,N,0xd500daddd911fb82,32,missing_knowledge
user32.dll,0x18007e2d0,func_call_0x18007e2d0,func_call_,Y,3d,12,2,0,N,N,0x0fd83ba1cf093613,32,missing_knowledge
user32.dll,0x18007e30f,func_start_0x18007e30f,func_start_,Y,2,2,2,0,N,N,0xe535715cb7cbac06,32,missing_knowledge
user32.dll,0x18007e320,func_pdata_0x18007e320,func_pdata_,Y,49,16,3,0,N,N,0x64213e3eda793ec0,32,missing_knowledge
user32.dll,0x18007e370,func_pdata_0x18007e370,func_pdata_,Y,56,1a,0,0,N,N,0x814efb8b62e05a97,32,missing_knowledge
user32.dll,0x18007e3d0,func_data_0x6442968016,func_data_,Y,0,0,0,0,N,N,0x378fc66ec2752588,32,discovery_failure
user32.dll,0x18007e3f0,func_pdata_0x18007e3f0,func_pdata_,Y,17e,5f,0,0,N,N,0xf374fb2bf977ca64,32,missing_knowledge
user32.dll,0x18007e578,func_pdata_0x18007e578,func_pdata_,Y,14c,4d,1,0,N,N,0xc9569295bde9b89e,32,missing_knowledge
user32.dll,0x18007e6cc,func_call_0x18007e6cc,func_call_,Y,42,16,2,0,N,N,0xfdacbb7aa2080de0,32,missing_knowledge
user32.dll,0x18007e710,func_start_0x18007e710,func_start_,Y,2,2,4,0,N,N,0xa305ee36ddd8b7dc,32,missing_knowledge
user32.dll,0x18007e71c,func_pdata_0x18007e71c,func_pdata_,Y,5d,1c,1,0,N,N,0xf6a16486509ccf7b,32,missing_knowledge
user32.dll,0x18007e780,func_pdata_0x18007e780,func_pdata_,Y,196,8a,1,0,N,N,0x00bcc4a363e2bed1,32,missing_knowledge
user32.dll,0x18007e920,func_pdata_0x18007e920,func_pdata_,Y,8a,2d,0,0,N,N,0x6143eb494c2179da,32,missing_knowledge
user32.dll,0x18007e9b4,func_pdata_0x18007e9b4,func_pdata_,Y,4f,16,1,0,N,N,0x66b765c6dd4d352a,32,missing_knowledge
user32.dll,0x18007ea10,func_pdata_0x18007ea10,func_pdata_,Y,51b,13f,0,0,N,N,0xd443e6c5255ab40d,32,missing_knowledge
user32.dll,0x18007ef40,func_pdata_0x18007ef40,func_pdata_,Y,7b,23,2,0,N,N,0xb236c861ab545963,32,missing_knowledge
user32.dll,0x18007efc4,func_pdata_0x18007efc4,func_pdata_,Y,1e0,81,1,0,N,N,0x1a66485093297894,32,missing_knowledge
user32.dll,0x18007f1b0,func_pdata_0x18007f1b0,func_pdata_,Y,1dd,6f,0,0,N,N,0x73bdbc1b35c6c3ee,32,missing_knowledge
user32.dll,0x18007f3a0,func_data_0x6442972064,func_data_,Y,0,0,0,0,N,N,0xaa8cc076d3810e88,32,discovery_failure
user32.dll,0x18007f3b0,func_data_0x6442972080,func_data_,Y,0,0,0,0,N,N,0x5ba1520c8b8d41e6,32,discovery_failure
user32.dll,0x18007f3c0,func_pdata_0x18007f3c0,func_pdata_,Y,44,14,0,0,N,N,0xd9a5340d48977e9a,32,missing_knowledge
user32.dll,0x18007f410,func_pdata_0x18007f410,func_pdata_,Y,80,21,0,0,N,N,0x8c5b9e18be33a331,32,missing_knowledge
user32.dll,0x18007f4a0,func_pdata_0x18007f4a0,func_pdata_,Y,28,9,0,0,N,N,0xdd9f64da2353a5ad,32,missing_knowledge
user32.dll,0x18007f4d0,func_pdata_0x18007f4d0,func_pdata_,Y,30,b,0,0,N,N,0x750590e98b6e067d,32,missing_knowledge
user32.dll,0x18007f510,func_data_0x6442972432,func_data_,Y,0,0,0,0,N,N,0x284a3861d85a2c0d,32,discovery_failure
user32.dll,0x18007f530,func_data_0x6442972464,func_data_,Y,0,0,0,0,N,N,0x76191eb17e0a0622,32,discovery_failure
user32.dll,0x18007f544,func_call_0x18007f544,func_call_,Y,3a,11,1,0,N,N,0x87e13be0fd5cae71,32,missing_knowledge
user32.dll,0x18007f590,func_pdata_0x18007f590,func_pdata_,Y,49,15,0,0,N,N,0x273a69796961d035,32,missing_knowledge
user32.dll,0x18007f5e0,func_pdata_0x18007f5e0,func_pdata_,Y,bd,31,1,0,N,N,0xac26976f6b89e29c,32,missing_knowledge
user32.dll,0x18007f6a4,func_pdata_0x18007f6a4,func_pdata_,Y,260,af,2,0,N,N,0xc9cd1c6d48086696,32,missing_knowledge
user32.dll,0x18007f90c,func_pdata_0x18007f90c,func_pdata_,Y,178,64,1,0,N,N,0xefd5328ea86c098d,32,missing_knowledge
user32.dll,0x18007fa8c,func_pdata_0x18007fa8c,func_pdata_,Y,109,50,3,0,N,N,0x68bc820e06c95138,32,missing_knowledge
user32.dll,0x18007fba0,func_pdata_0x18007fba0,func_pdata_,Y,183,60,0,0,N,N,0x68b47ea7ded3afe5,32,missing_knowledge
user32.dll,0x18007fd30,func_pdata_0x18007fd30,func_pdata_,Y,116,46,0,0,N,N,0x31f9bed427866ffe,32,missing_knowledge
user32.dll,0x18007fe50,func_pdata_0x18007fe50,func_pdata_,Y,137,4e,0,0,N,N,0x695a7adb9015c9b5,32,missing_knowledge
user32.dll,0x18007ff90,func_pdata_0x18007ff90,func_pdata_,Y,1ff,84,0,0,N,N,0x4dc7a6aa20fd9a7e,32,missing_knowledge
user32.dll,0x1800801a0,func_pdata_0x1800801a0,func_pdata_,Y,1c0,77,0,0,N,N,0x997397650e4e81da,32,missing_knowledge
user32.dll,0x180080368,func_pdata_0x180080368,func_pdata_,Y,25b,95,2,0,N,N,0x279b9e9691324017,32,missing_knowledge
user32.dll,0x1800805cc,func_pdata_0x1800805cc,func_pdata_,Y,ef,3a,2,0,N,N,0x6dce924814cd078a,32,missing_knowledge
user32.dll,0x1800806c4,func_pdata_0x1800806c4,func_pdata_,Y,a2,28,1,0,N,N,0x21ac3f838788c5e7,32,missing_knowledge
user32.dll,0x180080770,func_pdata_0x180080770,func_pdata_,Y,91,25,1,0,N,N,0x5132fe5b71546525,32,missing_knowledge
user32.dll,0x180080808,func_pdata_0x180080808,func_pdata_,Y,91,25,1,0,N,N,0x424f1a78da1b635b,32,missing_knowledge
user32.dll,0x1800808a0,func_pdata_0x1800808a0,func_pdata_,Y,e9,3a,1,0,N,N,0x80af017d702b8525,32,missing_knowledge
user32.dll,0x180080990,func_pdata_0x180080990,func_pdata_,Y,8b,29,1,0,N,N,0xff094c933eba03ae,32,missing_knowledge
user32.dll,0x180080a24,func_pdata_0x180080a24,func_pdata_,Y,5e,19,4,0,N,N,0x4d7d944ece8a74a6,32,missing_knowledge
user32.dll,0x180080a8c,func_pdata_0x180080a8c,func_pdata_,Y,1c6,71,2,0,N,N,0xc501c6eb8149a563,32,missing_knowledge
user32.dll,0x180080c5c,func_pdata_0x180080c5c,func_pdata_,Y,b8,31,e,0,N,N,0xb28ab1554d4b4365,32,missing_knowledge
user32.dll,0x180080d1c,func_pdata_0x180080d1c,func_pdata_,Y,48,15,6,0,N,N,0xfad22bb4cb9ee0b1,32,missing_knowledge
user32.dll,0x180080d6c,func_pdata_0x180080d6c,func_pdata_,Y,79,23,2,0,N,N,0x32fdaa8a3ce4e18b,32,missing_knowledge
user32.dll,0x180080df0,func_pdata_0x180080df0,func_pdata_,Y,17f,67,0,0,N,N,0x94d9b1df01b38e74,32,missing_knowledge
user32.dll,0x180080f78,func_pdata_0x180080f78,func_pdata_,Y,1e1,74,1,0,N,N,0xe10e8b587ab4bbc6,32,missing_knowledge
user32.dll,0x180081160,func_pdata_0x180081160,func_pdata_,Y,15f,5a,1,0,N,N,0xef5a689246e7df94,32,missing_knowledge
user32.dll,0x1800812c8,func_pdata_0x1800812c8,func_pdata_,Y,19d,66,1,0,N,N,0xe63b30cd85133a45,32,missing_knowledge
user32.dll,0x18008146c,func_pdata_0x18008146c,func_pdata_,Y,1c4,70,1,0,N,N,0x3568b67e22c98e06,32,missing_knowledge
user32.dll,0x180081638,func_pdata_0x180081638,func_pdata_,Y,1e8,7b,1,0,N,N,0xdb2193df2cd16fa0,32,missing_knowledge
user32.dll,0x180081828,func_pdata_0x180081828,func_pdata_,Y,1f3,7e,1,0,N,N,0xb33c4cd7cbe89839,32,missing_knowledge
user32.dll,0x180081a24,func_pdata_0x180081a24,func_pdata_,Y,18b,64,5,0,N,N,0xa8bd38928a9b72da,32,missing_knowledge
user32.dll,0x180081bb8,func_pdata_0x180081bb8,func_pdata_,Y,91,28,5,0,N,N,0x8cd0a6957eeaf9d0,32,missing_knowledge
user32.dll,0x180081c50,func_pdata_0x180081c50,func_pdata_,Y,6d,27,2,0,N,N,0x47e099a934e232e2,32,missing_knowledge
user32.dll,0x180081cd0,func_pdata_0x180081cd0,func_pdata_,Y,523,17f,0,0,N,N,0x6cdcb73771b616b1,32,missing_knowledge
user32.dll,0x180082200,func_pdata_0x180082200,func_pdata_,Y,12c,4d,0,0,N,N,0xb817b1da16bf86d2,32,missing_knowledge
user32.dll,0x180082340,func_data_0x6442984256,func_data_,Y,0,0,0,0,N,N,0x45b96f9e3cb8ef66,32,discovery_failure
user32.dll,0x1800823a8,func_pdata_0x1800823a8,func_pdata_,Y,127,58,6,0,N,N,0x2c4ab244a0d3725a,32,missing_knowledge
user32.dll,0x1800824d8,func_pdata_0x1800824d8,func_pdata_,Y,98,2a,7,0,N,N,0x34330d812ec6c7ae,32,missing_knowledge
user32.dll,0x180082578,func_pdata_0x180082578,func_pdata_,Y,e8,3f,1,0,N,N,0x93b129b9eaba9165,32,missing_knowledge
user32.dll,0x180082668,func_pdata_0x180082668,func_pdata_,Y,3e,10,c,0,N,N,0xc989aaf3665ded01,32,missing_knowledge
user32.dll,0x1800826b0,func_pdata_0x1800826b0,func_pdata_,Y,9d,2e,2,0,N,N,0x8cec6b920f64ae8d,32,missing_knowledge
user32.dll,0x180082754,func_call_0x180082754,func_call_,Y,2b,f,9,0,N,N,0xc5cd443f356e0cbe,32,missing_knowledge
user32.dll,0x180082788,func_pdata_0x180082788,func_pdata_,Y,3e,10,c,0,N,N,0x473213582958ad92,32,missing_knowledge
user32.dll,0x1800827d0,func_pdata_0x1800827d0,func_pdata_,Y,1df,87,2,0,N,N,0xb16fad6c3b562454,32,missing_knowledge
user32.dll,0x1800829b8,func_pdata_0x1800829b8,func_pdata_,Y,93,28,2,0,N,N,0xdcc74cf8b72d2f95,32,missing_knowledge
user32.dll,0x180082a54,func_pdata_0x180082a54,func_pdata_,Y,95,29,2,0,N,N,0x09713d1382b44368,32,missing_knowledge
user32.dll,0x180082af0,func_pdata_0x180082af0,func_pdata_,Y,d9,36,0,0,N,N,0x75599f272b44ec0e,32,missing_knowledge
user32.dll,0x180082bd0,func_pdata_0x180082bd0,func_pdata_,Y,52,17,0,0,N,N,0x90619f1f48e6a736,32,missing_knowledge
user32.dll,0x180082c60,func_data_0x6442986592,func_data_,Y,0,0,0,0,N,N,0x1f0ebe1d2f9f4b01,32,discovery_failure
user32.dll,0x180082c80,func_pdata_0x180082c80,func_pdata_,Y,357,e0,1,0,N,N,0x1886d6e836cac071,32,missing_knowledge
user32.dll,0x180082fe0,func_pdata_0x180082fe0,func_pdata_,Y,dd,2d,1,0,N,N,0x3cced8b3234bcb86,32,missing_knowledge
user32.dll,0x1800830c4,func_pdata_0x1800830c4,func_pdata_,Y,54,16,2,0,N,N,0x37e8d46b4f986e7c,32,missing_knowledge
user32.dll,0x180083120,func_pdata_0x180083120,func_pdata_,Y,734,1e3,5,0,N,N,0xbbb30b298d40b126,32,missing_knowledge
user32.dll,0x18008385c,func_pdata_0x18008385c,func_pdata_,Y,121,4f,2,0,N,N,0x8b6bf54ebd481266,32,missing_knowledge
user32.dll,0x180083990,func_pdata_0x180083990,func_pdata_,Y,d91,33a,1,0,N,N,0x21839b6f4c09f8fc,32,missing_knowledge
user32.dll,0x180084730,func_pdata_0x180084730,func_pdata_,Y,3c,13,0,0,N,N,0x327d5e8fe5d68e56,32,missing_knowledge
user32.dll,0x180084780,func_pdata_0x180084780,func_pdata_,Y,9a,25,0,0,N,N,0x1613d156c1d981c0,32,missing_knowledge
user32.dll,0x180084830,func_pdata_0x180084830,func_pdata_,Y,5b,14,0,0,N,N,0xbcbd2f1adc37ab97,32,missing_knowledge
user32.dll,0x1800848a0,func_data_0x6442993824,func_data_,Y,0,0,0,0,N,N,0x8db53cdffecdbf77,32,discovery_failure
user32.dll,0x1800848e0,func_pdata_0x1800848e0,func_pdata_,Y,c9,39,0,0,N,N,0x09ae7540839c1883,32,missing_knowledge
user32.dll,0x1800849b0,func_pdata_0x1800849b0,func_pdata_,Y,4b,1a,0,0,N,N,0xd67ab119810f1d78,32,missing_knowledge
user32.dll,0x180084a10,func_data_0x6442994192,func_data_,Y,0,0,0,0,N,N,0xa157ec13995221e9,32,discovery_failure
user32.dll,0x180084a30,func_pdata_0x180084a30,func_pdata_,Y,39,13,0,0,N,N,0x2b6c56295c5c1988,32,missing_knowledge
user32.dll,0x180084a70,func_call_0x180084a70,func_call_,Y,a,4,2,0,N,N,0xe88b94de080724d2,32,missing_knowledge
user32.dll,0x180084a98,func_pdata_0x180084a98,func_pdata_,Y,40,14,3,0,N,N,0x0d3ae9abaa27c863,32,missing_knowledge
user32.dll,0x180084ae0,func_call_0x180084ae0,func_call_,Y,14,6,6,0,N,N,0xb7cc22ed39cda290,32,missing_knowledge
user32.dll,0x180084b0c,func_call_0x180084b0c,func_call_,Y,20,a,7,0,N,N,0xf855d31e95433c57,32,missing_knowledge
user32.dll,0x180084b34,func_pdata_0x180084b34,func_pdata_,Y,f1,3f,2,0,N,N,0x95b05c93a7101f44,32,missing_knowledge
user32.dll,0x180084c2c,func_pdata_0x180084c2c,func_pdata_,Y,c3,37,3,0,N,N,0x78051d271a1ef673,32,missing_knowledge
user32.dll,0x180084d00,func_pdata_0x180084d00,func_pdata_,Y,ca,3a,0,0,N,N,0xf7cbe8855570c272,32,missing_knowledge
user32.dll,0x180084de0,func_pdata_0x180084de0,func_pdata_,Y,67a,1ac,0,0,N,N,0x3321d6f578bc08c6,32,missing_knowledge
user32.dll,0x180085470,func_pdata_0x180085470,func_pdata_,Y,2c0,bf,0,0,N,N,0xda00a1d504251c32,32,missing_knowledge
user32.dll,0x180085740,func_pdata_0x180085740,func_pdata_,Y,207,6d,0,0,N,N,0xe65d7588cb6301bb,32,missing_knowledge
user32.dll,0x180085948,func_pdata_0x180085948,func_pdata_,Y,14,7,0,0,N,N,0x83934f6637c9c2e0,32,missing_knowledge
user32.dll,0x180085970,func_pdata_0x180085970,func_pdata_,Y,8d,23,0,0,N,N,0x8e130e3b5c30142e,32,missing_knowledge
user32.dll,0x180085a04,func_pdata_0x180085a04,func_pdata_,Y,64,1d,1,0,N,N,0x010ba81ca5fc62c9,32,missing_knowledge
user32.dll,0x180085a70,func_pdata_0x180085a70,func_pdata_,Y,116,43,0,0,N,N,0xa56cfaf1c73307b1,32,missing_knowledge
user32.dll,0x180085b90,func_pdata_0x180085b90,func_pdata_,Y,29,d,0,0,N,N,0xcd8e79d9d573ebdd,32,missing_knowledge
user32.dll,0x180085bc0,func_pdata_0x180085bc0,func_pdata_,Y,10d,44,0,0,N,N,0x31f1176ce71e54a8,32,missing_knowledge
user32.dll,0x180085ce0,func_pdata_0x180085ce0,func_pdata_,Y,25,8,0,0,N,N,0x136e5d640123f79b,32,missing_knowledge
user32.dll,0x180085d10,func_pdata_0x180085d10,func_pdata_,Y,a9,2e,0,0,N,N,0x4767ff7b076f3e87,32,missing_knowledge
user32.dll,0x180085dc0,func_pdata_0x180085dc0,func_pdata_,Y,b5,32,0,0,N,N,0xcaf29a7600822795,32,missing_knowledge
user32.dll,0x180085e80,func_pdata_0x180085e80,func_pdata_,Y,61,17,0,0,N,N,0x3cb92f4125ccc398,32,missing_knowledge
user32.dll,0x180085ef0,func_pdata_0x180085ef0,func_pdata_,Y,61,1a,0,0,N,N,0xdd1eb2282399ef3e,32,missing_knowledge
user32.dll,0x180085f60,func_pdata_0x180085f60,func_pdata_,Y,e5,35,0,0,N,N,0x9065007ddff9cff9,32,missing_knowledge
user32.dll,0x180086050,func_pdata_0x180086050,func_pdata_,Y,bb,30,0,0,N,N,0x3c183b2fba796af6,32,missing_knowledge
user32.dll,0x180086120,func_pdata_0x180086120,func_pdata_,Y,98,2c,0,0,N,N,0xa47f3db2a321eebf,32,missing_knowledge
user32.dll,0x1800861c0,func_pdata_0x1800861c0,func_pdata_,Y,88,1c,0,0,N,N,0x52e96e4135a61aa3,32,missing_knowledge
user32.dll,0x180086250,func_data_0x6443000400,func_data_,Y,0,0,0,0,N,N,0x649a4d1829dfed72,32,discovery_failure
user32.dll,0x180086270,func_pdata_0x180086270,func_pdata_,Y,12e,4b,0,0,N,N,0x423355970d7528ad,32,missing_knowledge
user32.dll,0x1800863b0,func_pdata_0x1800863b0,func_pdata_,Y,d4,3f,0,0,N,N,0xb8c262f9fad660f0,32,missing_knowledge
user32.dll,0x180086490,func_pdata_0x180086490,func_pdata_,Y,5d,16,0,0,N,N,0xc3bbceb17eca279b,32,missing_knowledge
user32.dll,0x180086500,func_pdata_0x180086500,func_pdata_,Y,c1,2e,0,0,N,N,0x8fe2b9e86f1c2bae,32,missing_knowledge
user32.dll,0x1800865d0,func_data_0x6443001296,func_data_,Y,0,0,0,0,N,N,0x9dfefcd46badfbdf,32,discovery_failure
user32.dll,0x1800865f0,func_data_0x6443001328,func_data_,Y,0,0,0,0,N,N,0x62ec9e7e4ca29277,32,discovery_failure
user32.dll,0x180086610,func_data_0x6443001360,func_data_,Y,0,0,0,0,N,N,0x028d3802537a9e8f,32,discovery_failure
user32.dll,0x180086630,func_data_0x6443001392,func_data_,Y,0,0,0,0,N,N,0x24f29de22be48662,32,discovery_failure
user32.dll,0x180086650,func_data_0x6443001424,func_data_,Y,0,0,0,0,N,N,0xe7a9efa9eeb27d3a,32,discovery_failure
user32.dll,0x180086670,func_data_0x6443001456,func_data_,Y,0,0,0,0,N,N,0xc14bf9b3741c6252,32,discovery_failure
user32.dll,0x180086690,func_data_0x6443001488,func_data_,Y,0,0,0,0,N,N,0xc26e32744f20752a,32,discovery_failure
user32.dll,0x1800866b0,func_data_0x6443001520,func_data_,Y,0,0,0,0,N,N,0x45e3246f4c0b6287,32,discovery_failure
user32.dll,0x1800866d0,func_data_0x6443001552,func_data_,Y,0,0,0,0,N,N,0xb2da2a3bb09712d7,32,discovery_failure
user32.dll,0x1800866f0,func_data_0x6443001584,func_data_,Y,0,0,0,0,N,N,0x75e58d1ee9e50302,32,discovery_failure
user32.dll,0x180086704,func_pdata_0x180086704,func_pdata_,Y,e4,45,2,0,N,N,0x200facc9467f5346,32,missing_knowledge
user32.dll,0x1800867f0,func_pdata_0x1800867f0,func_pdata_,Y,ba,2b,1,0,N,N,0x585252d2424a8ede,32,missing_knowledge
user32.dll,0x1800868b4,func_pdata_0x1800868b4,func_pdata_,Y,31f,cb,1,0,N,N,0x27f62ebffc59c0ff,32,missing_knowledge
user32.dll,0x180086bdc,func_pdata_0x180086bdc,func_pdata_,Y,1b7,66,1,0,N,N,0xd80cafc1b4f01dd2,32,missing_knowledge
user32.dll,0x180086d9c,func_pdata_0x180086d9c,func_pdata_,Y,122,54,1,0,N,N,0xd068318754ab85a4,32,missing_knowledge
user32.dll,0x180086ed0,func_pdata_0x180086ed0,func_pdata_,Y,49,15,0,0,N,N,0xc787c3d6afd0e430,32,missing_knowledge
user32.dll,0x180086f20,func_pdata_0x180086f20,func_pdata_,Y,65,1b,0,0,N,N,0xb7fab493954a95a6,32,missing_knowledge
user32.dll,0x180086f90,func_data_0x6443003792,func_data_,Y,0,0,0,0,N,N,0x58415a4b789712bc,32,discovery_failure
user32.dll,0x180086fb0,func_data_0x6443003824,func_data_,Y,0,0,0,0,N,N,0xc7ecd03968cee1cb,32,discovery_failure
user32.dll,0x180086fd0,func_data_0x6443003856,func_data_,Y,0,0,0,0,N,N,0xd034fa273b8785db,32,discovery_failure
user32.dll,0x180086ff0,func_data_0x6443003888,func_data_,Y,0,0,0,0,N,N,0xd66e7a0da10d50ab,32,discovery_failure
user32.dll,0x180087010,func_data_0x6443003920,func_data_,Y,0,0,0,0,N,N,0xaa44db198e25f5bb,32,discovery_failure
user32.dll,0x180087030,func_data_0x6443003952,func_data_,Y,0,0,0,0,N,N,0x262730ae650c5682,32,discovery_failure
user32.dll,0x180087050,func_data_0x6443003984,func_data_,Y,0,0,0,0,N,N,0xd83d5565baf86eb3,32,discovery_failure
user32.dll,0x180087070,func_data_0x6443004016,func_data_,Y,0,0,0,0,N,N,0xd69e4b6bae3815ab,32,discovery_failure
user32.dll,0x180087090,func_data_0x6443004048,func_data_,Y,0,0,0,0,N,N,0x7d41136b89ddde53,32,discovery_failure
user32.dll,0x1800870b0,func_data_0x6443004080,func_data_,Y,0,0,0,0,N,N,0xf699f20cd4aaa18b,32,discovery_failure
user32.dll,0x1800870d0,func_data_0x6443004112,func_data_,Y,0,0,0,0,N,N,0x38351ad0823ab39a,32,discovery_failure
user32.dll,0x1800870f0,func_data_0x6443004144,func_data_,Y,0,0,0,0,N,N,0x9d97518e08f3245a,32,discovery_failure
user32.dll,0x180087110,func_data_0x6443004176,func_data_,Y,0,0,0,0,N,N,0xbb6ddaed348588c2,32,discovery_failure
user32.dll,0x180087130,func_data_0x6443004208,func_data_,Y,0,0,0,0,N,N,0x4bbf029eaae2b412,32,discovery_failure
user32.dll,0x180087150,func_data_0x6443004240,func_data_,Y,0,0,0,0,N,N,0xcbfcc848c57f664d,32,discovery_failure
user32.dll,0x180087170,func_data_0x6443004272,func_data_,Y,0,0,0,0,N,N,0x4bbf029eaae2b412,32,discovery_failure
user32.dll,0x180087190,func_data_0x6443004304,func_data_,Y,0,0,0,0,N,N,0x6cae6375ff2b1cc3,32,discovery_failure
user32.dll,0x1800871a4,func_pdata_0x1800871a4,func_pdata_,Y,58,16,2,0,N,N,0x35d4c07decbfeb48,32,missing_knowledge
user32.dll,0x180087204,func_pdata_0x180087204,func_pdata_,Y,68,1b,2,0,N,N,0x27c37740e8b9af31,32,missing_knowledge
user32.dll,0x180087274,func_pdata_0x180087274,func_pdata_,Y,57,16,1,0,N,N,0x2ef6a826057c1d2a,32,missing_knowledge
user32.dll,0x1800872d4,func_pdata_0x1800872d4,func_pdata_,Y,10d,44,1,0,N,N,0x763cd3f8361be982,32,missing_knowledge
user32.dll,0x1800873e8,func_call_0x1800873e8,func_call_,Y,20,a,3,0,N,N,0x29d33c1efddf49fd,32,missing_knowledge
user32.dll,0x180087410,func_pdata_0x180087410,func_pdata_,Y,115,3b,1,0,N,N,0x71f52234fe7c96a9,32,missing_knowledge
user32.dll,0x18008752c,func_pdata_0x18008752c,func_pdata_,Y,10e,48,1,0,N,N,0x270afda7ceeec2d3,32,missing_knowledge
user32.dll,0x180087644,func_pdata_0x180087644,func_pdata_,Y,43,11,1,0,N,N,0xe490c5d8e3780bd0,32,missing_knowledge
user32.dll,0x180087690,func_pdata_0x180087690,func_pdata_,Y,120,46,1,0,N,N,0xe500251758d53dd3,32,missing_knowledge
user32.dll,0x1800877b8,func_pdata_0x1800877b8,func_pdata_,Y,ce,36,3,0,N,N,0xfc2a0e1abf03e81e,32,missing_knowledge
user32.dll,0x180087890,func_pdata_0x180087890,func_pdata_,Y,76,1d,2,0,N,N,0xa25cffc4f00032b1,32,missing_knowledge
user32.dll,0x180087910,func_pdata_0x180087910,func_pdata_,Y,d7,38,1,0,N,N,0x0c6e6dfb19dea90c,32,missing_knowledge
user32.dll,0x1800879f0,func_pdata_0x1800879f0,func_pdata_,Y,17a,61,1,0,N,N,0xf37f2edf3a28c789,32,missing_knowledge
user32.dll,0x180087b74,func_pdata_0x180087b74,func_pdata_,Y,115,3b,1,0,N,N,0x43130cb3999d73d0,32,missing_knowledge
user32.dll,0x180087c90,func_pdata_0x180087c90,func_pdata_,Y,d8,38,1,0,N,N,0xdc64aee2b6ee1e0c,32,missing_knowledge
user32.dll,0x180087d70,func_pdata_0x180087d70,func_pdata_,Y,3b,10,3,0,N,N,0x03428a39471415b4,32,missing_knowledge
user32.dll,0x180087db4,func_pdata_0x180087db4,func_pdata_,Y,10d,47,2,0,N,N,0xc372846f9b4c5e61,32,missing_knowledge
user32.dll,0x180087ed0,func_pdata_0x180087ed0,func_pdata_,Y,d0,3a,0,0,N,N,0xb416f861f5eca39d,32,missing_knowledge
user32.dll,0x180087fa8,func_pdata_0x180087fa8,func_pdata_,Y,b6,36,2,0,N,N,0x3bc02de4df44affe,32,missing_knowledge
user32.dll,0x180088070,func_pdata_0x180088070,func_pdata_,Y,157,5c,0,0,N,N,0x9ed7c890f4e9ae69,32,missing_knowledge
user32.dll,0x1800881d0,func_pdata_0x1800881d0,func_pdata_,Y,20,9,0,0,N,N,0xc127c6fd4c05290d,32,missing_knowledge
user32.dll,0x180088200,func_data_0x6443008512,func_data_,Y,0,0,0,0,N,N,0x5ccbac214348aff4,32,discovery_failure
user32.dll,0x18008821c,func_pdata_0x18008821c,func_pdata_,Y,61,1b,1,0,N,N,0xb09486ff88b55ae8,32,missing_knowledge
user32.dll,0x180088284,func_pdata_0x180088284,func_pdata_,Y,11d,38,2,0,N,N,0xe7a60f20bf53aa16,32,missing_knowledge
user32.dll,0x1800883a8,func_pdata_0x1800883a8,func_pdata_,Y,77,20,2,0,N,N,0x27236ead64db1e04,32,missing_knowledge
user32.dll,0x180088428,func_pdata_0x180088428,func_pdata_,Y,2c9,9b,1,0,N,N,0x59c9b357cf993b99,32,missing_knowledge
user32.dll,0x1800886f8,func_pdata_0x1800886f8,func_pdata_,Y,451,eb,2,0,N,N,0x31b430fda4c34965,32,missing_knowledge
user32.dll,0x180088b4a,func_pdata_0x180088b4a,func_pdata_,Y,14,7,0,0,N,N,0xa34707214202656c,32,missing_knowledge
user32.dll,0x180088b5f,func_pdata_0x180088b5f,func_pdata_,Y,14,7,0,0,N,N,0xe95864b3dae8073b,32,missing_knowledge
user32.dll,0x180088b7c,func_pdata_0x180088b7c,func_pdata_,Y,26,c,a,0,N,N,0xee694e45bb7b8c4f,32,missing_knowledge
user32.dll,0x180088bb0,func_pdata_0x180088bb0,func_pdata_,Y,5e,15,0,0,N,N,0xc7087b9a6853854c,32,missing_knowledge
user32.dll,0x180088c18,func_pdata_0x180088c18,func_pdata_,Y,35,f,c,0,N,N,0xc9c71bbd73e64ba1,32,missing_knowledge
user32.dll,0x180088c54,func_pdata_0x180088c54,func_pdata_,Y,7a,27,1,0,N,N,0x6719b840eb7c6f9e,32,missing_knowledge
user32.dll,0x180088cd8,func_call_0x180088cd8,func_call_,Y,51,1a,1,0,N,N,0x6ddd7d7b409cc77d,32,missing_knowledge
user32.dll,0x180088d34,func_pdata_0x180088d34,func_pdata_,Y,6c,1d,2,0,N,N,0xb07772fd9803936e,32,missing_knowledge
user32.dll,0x180088da8,func_pdata_0x180088da8,func_pdata_,Y,128,50,1,0,N,N,0x10d2e152cafa32a4,32,missing_knowledge
user32.dll,0x180088f20,func_pdata_0x180088f20,func_pdata_,Y,7f,25,0,0,N,N,0xc956b8ec6b5875ec,32,missing_knowledge
user32.dll,0x180088fb0,func_pdata_0x180088fb0,func_pdata_,Y,62,1a,0,0,N,N,0x6df13217287a44ad,32,missing_knowledge
user32.dll,0x180089020,func_data_0x6443012128,func_data_,Y,0,0,0,0,N,N,0xbf410cca2d1f8641,32,discovery_failure
user32.dll,0x180089040,func_data_0x6443012160,func_data_,Y,0,0,0,0,N,N,0xbdf57feb71e5f790,32,discovery_failure
user32.dll,0x180089060,func_pdata_0x180089060,func_pdata_,Y,29,a,0,0,N,N,0xd1eb0ad5abc12cb8,32,missing_knowledge
user32.dll,0x180089090,func_pdata_0x180089090,func_pdata_,Y,9a,2d,0,0,N,N,0x7221923b7876d664,32,missing_knowledge
user32.dll,0x180089140,func_pdata_0x180089140,func_pdata_,Y,38,10,0,0,N,N,0x273ec9ae0afa6074,32,missing_knowledge
user32.dll,0x180089180,func_pdata_0x180089180,func_pdata_,Y,2b,a,0,0,N,N,0x872b385b0c6dfc30,32,missing_knowledge
user32.dll,0x1800891c0,func_pdata_0x1800891c0,func_pdata_,Y,1ae,66,1,0,N,N,0x4f5dd7a59272a4a3,32,missing_knowledge
user32.dll,0x180089380,func_pdata_0x180089380,func_pdata_,Y,6c,1e,0,0,N,N,0xdb56556797019564,32,missing_knowledge
user32.dll,0x180089400,func_pdata_0x180089400,func_pdata_,Y,54,10,0,0,N,N,0x946843621281ad0a,32,missing_knowledge
user32.dll,0x180089460,func_pdata_0x180089460,func_pdata_,Y,29,a,0,0,N,N,0x881385211d33207b,32,missing_knowledge
user32.dll,0x180089490,func_data_0x6443013264,func_data_,Y,0,0,0,0,N,N,0xdd7fedaf3b13fb91,32,discovery_failure
user32.dll,0x1800894b0,func_pdata_0x1800894b0,func_pdata_,Y,16,5,0,0,N,N,0x9d31e483c585bd92,32,missing_knowledge
user32.dll,0x1800894d0,func_pdata_0x1800894d0,func_pdata_,Y,3f,e,0,0,N,N,0x5bfa25c26b04fa59,32,missing_knowledge
user32.dll,0x180089520,func_data_0x6443013408,func_data_,Y,0,0,0,0,N,N,0x0edcd5b86dbb6113,32,discovery_failure
user32.dll,0x180089540,func_pdata_0x180089540,func_pdata_,Y,17,6,0,0,N,N,0x66779f0ed471abef,32,missing_knowledge
user32.dll,0x180089560,func_pdata_0x180089560,func_pdata_,Y,1c,9,0,0,N,N,0x148272f1d27d0ddb,32,missing_knowledge
user32.dll,0x180089590,func_data_0x6443013520,func_data_,Y,0,0,0,0,N,N,0x21b24f7d16d51bad,32,discovery_failure
user32.dll,0x1800895b0,func_data_0x6443013552,func_data_,Y,0,0,0,0,N,N,0xb8d79457f5603b5b,32,discovery_failure
user32.dll,0x1800895d0,func_pdata_0x1800895d0,func_pdata_,Y,57,14,0,0,N,N,0x5aa751fae060dd3d,32,missing_knowledge
user32.dll,0x180089630,func_data_0x6443013680,func_data_,Y,0,0,0,0,N,N,0x835452bbb544bae8,32,discovery_failure
user32.dll,0x180089650,func_pdata_0x180089650,func_pdata_,Y,3e,d,0,0,N,N,0xae82562113407abd,32,missing_knowledge
user32.dll,0x1800896a0,func_data_0x6443013792,func_data_,Y,0,0,0,0,N,N,0x9eb76c7a7395dd7f,32,discovery_failure
user32.dll,0x1800896c0,func_pdata_0x1800896c0,func_pdata_,Y,98,2a,0,0,N,N,0xd12a10fbe4c8067a,32,missing_knowledge
user32.dll,0x180089760,func_pdata_0x180089760,func_pdata_,Y,4a,13,0,0,N,N,0x12f4fe3af94fd44e,32,missing_knowledge
user32.dll,0x1800897c0,func_data_0x6443014080,func_data_,Y,0,0,0,0,N,N,0x089bde98c7b36464,32,discovery_failure
user32.dll,0x1800897e0,func_data_0x6443014112,func_data_,Y,0,0,0,0,N,N,0x573f9a7bdb7a1787,32,discovery_failure
user32.dll,0x180089800,func_pdata_0x180089800,func_pdata_,Y,5e,19,0,0,N,N,0x61abc255e7ac5b96,32,missing_knowledge
user32.dll,0x180089870,func_pdata_0x180089870,func_pdata_,Y,4d,f,0,0,N,N,0x946843621281ad0a,32,missing_knowledge
user32.dll,0x1800898d0,func_pdata_0x1800898d0,func_pdata_,Y,4a,f,0,0,N,N,0x438987b716a5da6a,32,missing_knowledge
user32.dll,0x180089930,func_data_0x6443014448,func_data_,Y,0,0,0,0,N,N,0xc56bc66735849bcf,32,discovery_failure
user32.dll,0x180089950,func_pdata_0x180089950,func_pdata_,Y,19,9,0,0,N,N,0x58387ce64603f4de,32,missing_knowledge
user32.dll,0x180089970,func_pdata_0x180089970,func_pdata_,Y,7e,1f,0,0,N,N,0xf46c94bad7aa99a6,32,missing_knowledge
user32.dll,0x180089a00,func_pdata_0x180089a00,func_pdata_,Y,22,b,0,0,N,N,0xf8ece6d282c9d990,32,missing_knowledge
user32.dll,0x180089a30,func_data_0x6443014704,func_data_,Y,0,0,0,0,N,N,0x3dac029a483b5355,32,discovery_failure
user32.dll,0x180089a50,func_data_0x6443014736,func_data_,Y,0,0,0,0,N,N,0x7d90f4ded15a75f8,32,discovery_failure
user32.dll,0x180089a70,func_data_0x6443014768,func_data_,Y,0,0,0,0,N,N,0x8dac4d5802e9fe10,32,discovery_failure
user32.dll,0x180089a90,func_pdata_0x180089a90,func_pdata_,Y,38,10,0,0,N,N,0x20b2aa9df9d1671b,32,missing_knowledge
user32.dll,0x180089ad0,func_pdata_0x180089ad0,func_pdata_,Y,3b,f,0,0,N,N,0x92835c712b188a63,32,missing_knowledge
user32.dll,0x180089b20,func_data_0x6443014944,func_data_,Y,0,0,0,0,N,N,0xb409324f957fce1f,32,discovery_failure
user32.dll,0x180089b40,func_data_0x6443014976,func_data_,Y,0,0,0,0,N,N,0x122db83ad4989cd1,32,discovery_failure
user32.dll,0x180089b60,func_data_0x6443015008,func_data_,Y,0,0,0,0,N,N,0x134e01fbec5ac8ac,32,discovery_failure
user32.dll,0x180089ba0,func_pdata_0x180089ba0,func_pdata_,Y,52,17,0,0,N,N,0x7a2cca9ac8695823,32,missing_knowledge
user32.dll,0x180089c00,func_data_0x6443015168,func_data_,Y,0,0,0,0,N,N,0x15fec79dc07e269d,32,discovery_failure
user32.dll,0x180089c20,func_data_0x6443015200,func_data_,Y,0,0,0,0,N,N,0xb3ec1cb044481df1,32,discovery_failure
user32.dll,0x180089c40,func_data_0x6443015232,func_data_,Y,0,0,0,0,N,N,0xb1b85130faca5d7f,32,discovery_failure
user32.dll,0x180089c60,func_data_0x6443015264,func_data_,Y,0,0,0,0,N,N,0xfe7215cf984e3487,32,discovery_failure
user32.dll,0x180089c80,func_data_0x6443015296,func_data_,Y,0,0,0,0,N,N,0x198dc94082d9eca1,32,discovery_failure
user32.dll,0x180089ca0,func_data_0x6443015328,func_data_,Y,0,0,0,0,N,N,0x29ce6939d54d1582,32,discovery_failure
user32.dll,0x180089cc0,func_pdata_0x180089cc0,func_pdata_,Y,80,20,0,0,N,N,0x4ff6d790b0c67d11,32,missing_knowledge
user32.dll,0x180089d50,func_pdata_0x180089d50,func_pdata_,Y,57,16,0,0,N,N,0x2585bc68f28f4429,32,missing_knowledge
user32.dll,0x180089db0,func_pdata_0x180089db0,func_pdata_,Y,71,1f,1,0,N,N,0x944844158f7db141,32,missing_knowledge
user32.dll,0x180089e30,func_jmp_0x180089e30,func_jmp_,Y,4,1,0,0,N,N,0xdc8698f0df367b14,32,missing_knowledge
user32.dll,0x180089e40,func_data_0x6443015744,func_data_,Y,0,0,0,0,N,N,0xbf5e75bec829dee1,32,discovery_failure
user32.dll,0x180089e60,func_data_0x6443015776,func_data_,Y,0,0,0,0,N,N,0x3d891caa5fd43b63,32,discovery_failure
user32.dll,0x180089e80,func_data_0x6443015808,func_data_,Y,0,0,0,0,N,N,0x3e82c53d0b2a7afb,32,discovery_failure
user32.dll,0x180089ea0,func_pdata_0x180089ea0,func_pdata_,Y,29,a,0,0,N,N,0x2ff7ec738539a052,32,missing_knowledge
user32.dll,0x180089ed0,func_pdata_0x180089ed0,func_pdata_,Y,76,23,0,0,N,N,0x927200551342cb5b,32,missing_knowledge
user32.dll,0x180089f50,func_pdata_0x180089f50,func_pdata_,Y,eb,3b,0,0,N,N,0x684e889888eac03a,32,missing_knowledge
user32.dll,0x18008a050,func_pdata_0x18008a050,func_pdata_,Y,78,20,0,0,N,N,0xe341785fbb65ee60,32,missing_knowledge
user32.dll,0x18008a0d0,func_pdata_0x18008a0d0,func_pdata_,Y,89,29,0,0,N,N,0xeaf98f9a002a2c0d,32,missing_knowledge
user32.dll,0x18008a160,func_data_0x6443016544,func_data_,Y,0,0,0,0,N,N,0x819a8bbe61f1d858,32,discovery_failure
user32.dll,0x18008a180,func_pdata_0x18008a180,func_pdata_,Y,2c,c,0,0,N,N,0x681954811f48afe0,32,missing_knowledge
user32.dll,0x18008a1c0,func_pdata_0x18008a1c0,func_pdata_,Y,28d,74,0,0,N,N,0x69307d56183fe30e,32,missing_knowledge
user32.dll,0x18008a454,func_pdata_0x18008a454,func_pdata_,Y,af,2c,2,0,N,N,0x5cd1ae09de889b5b,32,missing_knowledge
user32.dll,0x18008a510,func_pdata_0x18008a510,func_pdata_,Y,b2,2b,0,0,N,N,0xa2bf2246e2b843fa,32,missing_knowledge
user32.dll,0x18008a5d0,func_pdata_0x18008a5d0,func_pdata_,Y,27,9,0,0,N,N,0xf53cc50c19ab08fb,32,missing_knowledge
user32.dll,0x18008a600,func_data_0x6443017728,func_data_,Y,0,0,0,0,N,N,0xc9c2b7aba93958fd,32,discovery_failure
user32.dll,0x18008a620,func_pdata_0x18008a620,func_pdata_,Y,3b,11,0,0,N,N,0x268326eb10fe0146,32,missing_knowledge
user32.dll,0x18008a670,func_pdata_0x18008a670,func_pdata_,Y,29,e,0,0,N,N,0x4c47eb7907805aee,32,missing_knowledge
user32.dll,0x18008a6a0,func_pdata_0x18008a6a0,func_pdata_,Y,23,8,0,0,N,N,0x5229be7bf61e72d6,32,missing_knowledge
user32.dll,0x18008a6d0,func_pdata_0x18008a6d0,func_pdata_,Y,72,15,0,0,N,N,0xead0bcf3792523fa,32,missing_knowledge
user32.dll,0x18008a750,func_pdata_0x18008a750,func_pdata_,Y,65,1c,0,0,N,N,0x727e518f9663b480,32,missing_knowledge
user32.dll,0x18008a7c0,func_pdata_0x18008a7c0,func_pdata_,Y,83,1f,0,0,N,N,0x81f7b3f038d0ca68,32,missing_knowledge
user32.dll,0x18008a850,func_pdata_0x18008a850,func_pdata_,Y,76,18,0,0,N,N,0x5fe1ea5c9af3f0b8,32,missing_knowledge
user32.dll,0x18008a8d0,func_pdata_0x18008a8d0,func_pdata_,Y,96,22,0,0,N,N,0x69de29f838e67111,32,missing_knowledge
user32.dll,0x18008a970,func_pdata_0x18008a970,func_pdata_,Y,38,c,0,0,N,N,0xdee89bf17171a064,32,missing_knowledge
user32.dll,0x18008a9b0,func_pdata_0x18008a9b0,func_pdata_,Y,39,d,0,0,N,N,0x00a4fe5008a86b8f,32,missing_knowledge
user32.dll,0x18008a9f0,func_data_0x6443018736,func_data_,Y,0,0,0,0,N,N,0xa61f1e316c8878fa,32,discovery_failure
user32.dll,0x18008aa10,func_pdata_0x18008aa10,func_pdata_,Y,51,13,0,0,N,N,0x580a51af28971798,32,missing_knowledge
user32.dll,0x18008aa70,func_pdata_0x18008aa70,func_pdata_,Y,58,17,0,0,N,N,0xb317530d7db1f9a2,32,missing_knowledge
user32.dll,0x18008aad0,func_pdata_0x18008aad0,func_pdata_,Y,3d,e,0,0,N,N,0x7bfb719176e2e9ce,32,missing_knowledge
user32.dll,0x18008ab20,func_pdata_0x18008ab20,func_pdata_,Y,7f,24,0,0,N,N,0x497dbc4040da8422,32,missing_knowledge
user32.dll,0x18008abb0,func_pdata_0x18008abb0,func_pdata_,Y,43,f,0,0,N,N,0x6d3e100e74e7a813,32,missing_knowledge
user32.dll,0x18008ac00,func_pdata_0x18008ac00,func_pdata_,Y,a0,25,0,0,N,N,0x1279630688decfa6,32,missing_knowledge
user32.dll,0x18008acb0,func_pdata_0x18008acb0,func_pdata_,Y,95,22,0,0,N,N,0xbd21d69193ddfe79,32,missing_knowledge
user32.dll,0x18008ad50,func_pdata_0x18008ad50,func_pdata_,Y,73,1b,0,0,N,N,0x2df8355a1100e4fc,32,missing_knowledge
user32.dll,0x18008add0,func_pdata_0x18008add0,func_pdata_,Y,77,1c,0,0,N,N,0x9a2f2c2479d31aec,32,missing_knowledge
user32.dll,0x18008ae50,func_pdata_0x18008ae50,func_pdata_,Y,51,14,0,0,N,N,0xcfdc28a78f5509e0,32,missing_knowledge
user32.dll,0x18008aeb0,func_pdata_0x18008aeb0,func_pdata_,Y,9c,26,0,0,N,N,0xed367cb456abd41d,32,missing_knowledge
user32.dll,0x18008af60,func_pdata_0x18008af60,func_pdata_,Y,70,1b,0,0,N,N,0x51237a1815e5ff9c,32,missing_knowledge
user32.dll,0x18008afe0,func_pdata_0x18008afe0,func_pdata_,Y,49,11,0,0,N,N,0xb36693d6b5482141,32,missing_knowledge
user32.dll,0x18008b030,func_pdata_0x18008b030,func_pdata_,Y,5b,18,0,0,N,N,0x0f841680d7b1181b,32,missing_knowledge
user32.dll,0x18008b0a0,func_pdata_0x18008b0a0,func_pdata_,Y,4d,12,0,0,N,N,0x799662ea29a91c48,32,missing_knowledge
user32.dll,0x18008b100,func_pdata_0x18008b100,func_pdata_,Y,4d,12,0,0,N,N,0x210a8012c57857c0,32,missing_knowledge
user32.dll,0x18008b160,func_pdata_0x18008b160,func_pdata_,Y,4d,12,0,0,N,N,0xaf0828db082a7060,32,missing_knowledge
user32.dll,0x18008b1c0,func_pdata_0x18008b1c0,func_pdata_,Y,c2,33,0,0,N,N,0x9f29abd11a2d87a3,32,missing_knowledge
user32.dll,0x18008b290,func_pdata_0x18008b290,func_pdata_,Y,db,39,0,0,N,N,0xbe04fdbd70ba66ad,32,missing_knowledge
user32.dll,0x18008b380,func_pdata_0x18008b380,func_pdata_,Y,b8,2a,0,0,N,N,0xb464efc25a1fdd00,32,missing_knowledge
user32.dll,0x18008b440,func_pdata_0x18008b440,func_pdata_,Y,ab,27,0,0,N,N,0xff91c242c61fb4cb,32,missing_knowledge
user32.dll,0x18008b500,func_pdata_0x18008b500,func_pdata_,Y,52,13,0,0,N,N,0x810b256c673fcc1e,32,missing_knowledge
user32.dll,0x18008b560,func_pdata_0x18008b560,func_pdata_,Y,67,1a,0,0,N,N,0xcf07d57b97916cd5,32,missing_knowledge
user32.dll,0x18008b5d0,func_pdata_0x18008b5d0,func_pdata_,Y,89,20,0,0,N,N,0x9bb845c8762087d3,32,missing_knowledge
user32.dll,0x18008b660,func_pdata_0x18008b660,func_pdata_,Y,6a,1a,0,0,N,N,0xcf07d47b97916b22,32,missing_knowledge
user32.dll,0x18008b6e0,func_pdata_0x18008b6e0,func_pdata_,Y,54,13,0,0,N,N,0x24d4893b0774b590,32,missing_knowledge
user32.dll,0x18008b740,func_pdata_0x18008b740,func_pdata_,Y,5b,15,0,0,N,N,0xf4fc9800482fff84,32,missing_knowledge
user32.dll,0x18008b7b0,func_pdata_0x18008b7b0,func_pdata_,Y,c0,31,0,0,N,N,0xfac1d6427442269d,32,missing_knowledge
user32.dll,0x18008b880,func_pdata_0x18008b880,func_pdata_,Y,9f,29,0,0,N,N,0x55903e41e1767025,32,missing_knowledge
user32.dll,0x18008b930,func_pdata_0x18008b930,func_pdata_,Y,58,13,0,0,N,N,0x31cc774403bcd98c,32,missing_knowledge
user32.dll,0x18008b990,func_pdata_0x18008b990,func_pdata_,Y,5c,16,0,0,N,N,0xb522204e846721eb,32,missing_knowledge
user32.dll,0x18008ba00,func_pdata_0x18008ba00,func_pdata_,Y,54,13,0,0,N,N,0x4227248ce2140534,32,missing_knowledge
user32.dll,0x18008ba60,func_pdata_0x18008ba60,func_pdata_,Y,8c,25,0,0,N,N,0x25e5d8db44003cca,32,missing_knowledge
user32.dll,0x18008bb00,func_pdata_0x18008bb00,func_pdata_,Y,70,1b,0,0,N,N,0x51237a1815e5ff9c,32,missing_knowledge
user32.dll,0x18008bb80,func_pdata_0x18008bb80,func_pdata_,Y,44,10,0,0,N,N,0x6780341241523d73,32,missing_knowledge
user32.dll,0x18008bbd0,func_pdata_0x18008bbd0,func_pdata_,Y,4c,11,0,0,N,N,0xdb0576a32e9330ed,32,missing_knowledge
user32.dll,0x18008bc30,func_pdata_0x18008bc30,func_pdata_,Y,80,1f,0,0,N,N,0x9a5daf7d377eb96c,32,missing_knowledge
user32.dll,0x18008bcc0,func_pdata_0x18008bcc0,func_pdata_,Y,5c,15,0,0,N,N,0xed1e5437777932d2,32,missing_knowledge
user32.dll,0x18008bd30,func_pdata_0x18008bd30,func_pdata_,Y,55,16,0,0,N,N,0x0dc7ac693df6a54c,32,missing_knowledge
user32.dll,0x18008bd90,func_pdata_0x18008bd90,func_pdata_,Y,43,f,0,0,N,N,0x01d702e1c388ae49,32,missing_knowledge
user32.dll,0x18008bde0,func_pdata_0x18008bde0,func_pdata_,Y,b3,2e,1,0,N,N,0xa56cfaf1c73307b1,32,missing_knowledge
user32.dll,0x18008bea0,func_pdata_0x18008bea0,func_pdata_,Y,29,d,0,0,N,N,0x049326902765d43d,32,missing_knowledge
user32.dll,0x18008bed0,func_pdata_0x18008bed0,func_pdata_,Y,e4,38,0,0,N,N,0xebd3d94f15044873,32,missing_knowledge
user32.dll,0x18008bfc0,func_pdata_0x18008bfc0,func_pdata_,Y,22,8,0,0,N,N,0x9ee3c879b9135de9,32,missing_knowledge
user32.dll,0x18008bff0,func_pdata_0x18008bff0,func_pdata_,Y,a2,2d,0,0,N,N,0xce182e1fcdb0a7e6,32,missing_knowledge
user32.dll,0x18008c093,func_pdata_0x18008c093,func_pdata_,Y,14,7,0,0,N,N,0x83422f67e9b159ae,32,missing_knowledge
user32.dll,0x18008c0b0,func_data_0x6443024560,func_data_,Y,0,0,0,0,N,N,0xd439f1a45eaed55b,32,discovery_failure
user32.dll,0x18008c0d0,func_pdata_0x18008c0d0,func_pdata_,Y,3da,eb,5,0,N,N,0xf201993d7dc62ca3,32,missing_knowledge
user32.dll,0x18008c4b4,func_pdata_0x18008c4b4,func_pdata_,Y,1fb,91,2,0,N,N,0xe12136bfa0e1906a,32,missing_knowledge
user32.dll,0x18008c6c0,func_pdata_0x18008c6c0,func_pdata_,Y,b2,2b,0,0,N,N,0xa2bf2246e2b843fa,32,missing_knowledge
user32.dll,0x18008c780,func_pdata_0x18008c780,func_pdata_,Y,9a,28,0,0,N,N,0x33ea0a54f100c851,32,missing_knowledge
user32.dll,0x18008c830,func_pdata_0x18008c830,func_pdata_,Y,4a,11,0,0,N,N,0xc382b10311904f89,32,missing_knowledge
user32.dll,0x18008c890,func_pdata_0x18008c890,func_pdata_,Y,26,8,0,0,N,N,0x2737d00c90597948,32,missing_knowledge
user32.dll,0x18008c8c0,func_pdata_0x18008c8c0,func_pdata_,Y,2a,9,0,0,N,N,0xbc4f01698dccaffa,32,missing_knowledge
user32.dll,0x18008c900,func_pdata_0x18008c900,func_pdata_,Y,3d,e,0,0,N,N,0x2c74707cd891b8a1,32,missing_knowledge
user32.dll,0x18008c93e,func_pdata_0x18008c93e,func_pdata_,Y,14,7,0,0,N,N,0x83934f6637c9c2e0,32,missing_knowledge
user32.dll,0x18008c960,func_pdata_0x18008c960,func_pdata_,Y,3d,e,0,0,N,N,0x4686aad744febfd7,32,missing_knowledge
user32.dll,0x18008c99e,func_pdata_0x18008c99e,func_pdata_,Y,14,7,0,0,N,N,0x83934f6637c9c2e0,32,missing_knowledge
user32.dll,0x18008c9c0,func_pdata_0x18008c9c0,func_pdata_,Y,3e,15,0,0,N,N,0xc7972f917f33cbdd,32,missing_knowledge
user32.dll,0x18008ca10,func_pdata_0x18008ca10,func_pdata_,Y,eb,42,0,0,N,N,0x0c6869bbea0868e0,32,missing_knowledge
user32.dll,0x18008cb10,func_pdata_0x18008cb10,func_pdata_,Y,45,10,0,0,N,N,0x2704542a4e5a3ddf,32,missing_knowledge
user32.dll,0x18008cb60,func_pdata_0x18008cb60,func_pdata_,Y,138,51,0,0,N,N,0x740ee3898fffced0,32,missing_knowledge
user32.dll,0x18008cca0,func_pdata_0x18008cca0,func_pdata_,Y,3b,11,0,0,N,N,0x6885a1e703e06773,32,missing_knowledge
user32.dll,0x18008ccf0,func_pdata_0x18008ccf0,func_pdata_,Y,46,15,0,0,N,N,0xe3b7c3469dbeeb59,32,missing_knowledge
user32.dll,0x18008cd40,func_pdata_0x18008cd40,func_pdata_,Y,78,1f,0,0,N,N,0xb1300db1d035c238,32,missing_knowledge
user32.dll,0x18008cdc0,func_pdata_0x18008cdc0,func_pdata_,Y,68,1b,0,0,N,N,0x8f3ac5b26534f162,32,missing_knowledge
user32.dll,0x18008ce30,func_pdata_0x18008ce30,func_pdata_,Y,78,1f,0,0,N,N,0xb1300db1d035c238,32,missing_knowledge
user32.dll,0x18008ceb0,func_pdata_0x18008ceb0,func_pdata_,Y,3b,f,0,0,N,N,0x187cab299bad5a7e,32,missing_knowledge
user32.dll,0x18008cf00,func_pdata_0x18008cf00,func_pdata_,Y,47,16,0,0,N,N,0x5d66f8de1d91fed4,32,missing_knowledge
user32.dll,0x18008cf50,func_pdata_0x18008cf50,func_pdata_,Y,29,e,0,0,N,N,0xfe8a14549b96205f,32,missing_knowledge
user32.dll,0x18008cf80,func_pdata_0x18008cf80,func_pdata_,Y,68,1b,0,0,N,N,0x8f3ac5b26534f162,32,missing_knowledge
user32.dll,0x18008cff0,func_pdata_0x18008cff0,func_pdata_,Y,59,1a,1,0,N,N,0x3d0352f7f632fcb5,32,missing_knowledge
user32.dll,0x18008d050,func_call_0x18008d050,func_call_,Y,d,5,6,0,N,N,0x889e803994135b85,32,missing_knowledge
user32.dll,0x18008d06c,func_pdata_0x18008d06c,func_pdata_,Y,43a,12b,1,0,N,N,0x063694797a44f29f,32,missing_knowledge
user32.dll,0x18008d4b0,func_pdata_0x18008d4b0,func_pdata_,Y,1fb,8c,1,0,N,N,0x737cfbf2f333f428,32,missing_knowledge
user32.dll,0x18008d6c0,func_data_0x6443030208,func_data_,Y,0,0,0,0,N,N,0x7065e5146a63608e,32,discovery_failure
user32.dll,0x18008d6f3,func_start_0x18008d6f3,func_start_,Y,3,2,0,0,N,N,0x4920f2a2196571e4,32,missing_knowledge
user32.dll,0x18008d700,func_pdata_0x18008d700,func_pdata_,Y,7f,29,1,0,N,N,0x647cad64025b57ad,32,missing_knowledge
user32.dll,0x18008d788,func_pdata_0x18008d788,func_pdata_,Y,b5,3d,3,0,N,Y,0x4f53ab52b94f4c0f,32,propagation_failure
user32.dll,0x18008d844,func_pdata_0x18008d844,func_pdata_,Y,65,19,3,0,N,N,0xf6698ebe4b26c724,32,missing_knowledge
user32.dll,0x18008d8b0,func_pdata_0x18008d8b0,func_pdata_,Y,aeb,2d3,1,0,N,N,0x4fbcb5db16ead4f9,32,missing_knowledge
user32.dll,0x18008e3a4,main,named,N,c9,3f,1,0,N,N,0x2b19d9da79c60b8f,32,named
user32.dll,0x18008e474,func_pdata_0x18008e474,func_pdata_,Y,137,5c,1,0,N,N,0xc33ede4052cd7427,32,missing_knowledge
user32.dll,0x18008e5c0,func_pdata_0x18008e5c0,func_pdata_,Y,21,6,0,0,N,N,0x2adc2df5c80d9326,32,missing_knowledge
user32.dll,0x18008e5f0,func_pdata_0x18008e5f0,func_pdata_,Y,35,a,0,0,N,N,0x3e44bf12343e8831,32,missing_knowledge
user32.dll,0x18008e630,func_pdata_0x18008e630,func_pdata_,Y,224,98,0,0,N,N,0xa392f9b64106acd9,32,missing_knowledge
user32.dll,0x18008e860,func_pdata_0x18008e860,func_pdata_,Y,2b,8,0,0,N,N,0xc0d357af8f221574,32,missing_knowledge
user32.dll,0x18008e894,func_pdata_0x18008e894,func_pdata_,Y,209,9e,1,0,N,N,0x136fbf2753c70ed2,32,missing_knowledge
user32.dll,0x18008eaa4,func_pdata_0x18008eaa4,func_pdata_,Y,a1,34,2,0,N,N,0xd383fdd8821994a6,32,missing_knowledge
user32.dll,0x18008eb4c,func_pdata_0x18008eb4c,func_pdata_,Y,18d,76,1,0,N,N,0x7557cd7ac45febb1,32,missing_knowledge
user32.dll,0x18008ece0,func_pdata_0x18008ece0,func_pdata_,Y,1b9,98,1,0,N,N,0x950779841cda7aee,32,missing_knowledge
user32.dll,0x18008eea0,func_pdata_0x18008eea0,func_pdata_,Y,83,27,1,0,N,N,0x8a4b6925705fa1bb,32,missing_knowledge
user32.dll,0x18008ef30,func_pdata_0x18008ef30,func_pdata_,Y,16c,77,0,0,N,N,0x408172d805058919,32,missing_knowledge
user32.dll,0x18008f0a4,func_pdata_0x18008f0a4,func_pdata_,Y,31f,c3,1,0,N,Y,0x4849ca8342a1f0d9,32,propagation_failure
user32.dll,0x18008f3cc,func_pdata_0x18008f3cc,func_pdata_,Y,c0,37,1,0,N,N,0x01219064db6f571e,32,missing_knowledge
user32.dll,0x18008f494,func_pdata_0x18008f494,func_pdata_,Y,288,b6,2,0,N,N,0xdb5bdfe7a0ac058c,32,missing_knowledge
user32.dll,0x18008f724,func_pdata_0x18008f724,func_pdata_,Y,189,60,1,0,N,Y,0x3d65dee2c9aa3a02,32,propagation_failure
user32.dll,0x18008f8b4,func_pdata_0x18008f8b4,func_pdata_,Y,141,57,2,0,N,Y,0xf591d3adc8cc4365,32,propagation_failure
user32.dll,0x18008f9fc,main,named,N,111,53,1,0,N,Y,0xe19bb2eb1db84906,32,named
user32.dll,0x18008fb14,func_call_0x18008fb14,func_call_,Y,28,b,1,0,N,Y,0xc83de13a15a557ab,32,propagation_failure
user32.dll,0x18008fb44,func_pdata_0x18008fb44,func_pdata_,Y,97,2b,1,0,N,N,0xc40b59f6e2cdd299,32,missing_knowledge
user32.dll,0x18008fbe4,func_pdata_0x18008fbe4,func_pdata_,Y,123,4f,2,0,N,Y,0xa0c7c3a611bacf72,32,propagation_failure
user32.dll,0x18008fd10,func_call_0x18008fd10,func_call_,Y,19,a,2,0,N,Y,0x6ac20674762ce541,32,propagation_failure
user32.dll,0x18008fd50,func_pdata_0x18008fd50,func_pdata_,Y,12d,50,4,0,N,N,0x9120130af237d516,32,missing_knowledge
user32.dll,0x18008fe90,func_pdata_0x18008fe90,func_pdata_,Y,b0,2f,3,0,N,N,0xdc025ed6f575d9a0,32,missing_knowledge
user32.dll,0x18008ff41,func_pdata_0x18008ff41,func_pdata_,Y,1b,a,0,0,N,N,0xb73881061d65225f,32,missing_knowledge
user32.dll,0x18008ff64,func_pdata_0x18008ff64,func_pdata_,Y,143,4f,2,0,N,Y,0xc7ec6bd57c62caf6,32,propagation_failure
user32.dll,0x1800900b0,invoke_main,named,N,388,f3,0,0,N,N,0xbbb2f7f794a428d2,32,named
user32.dll,0x180090440,func_pdata_0x180090440,func_pdata_,Y,1e8,86,1,0,N,N,0x34665fd4fc87db82,32,missing_knowledge
user32.dll,0x180090630,func_call_0x180090630,func_call_,Y,76,1e,1,0,N,N,0x678e238a5753a940,32,missing_knowledge
user32.dll,0x1800906b6,func_start_0x1800906b6,func_start_,Y,2,2,6,0,N,N,0xa12d9cffbbc4777c,32,missing_knowledge
user32.dll,0x1800907c0,func_pdata_0x1800907c0,func_pdata_,Y,dc,49,2,0,N,N,0xdc11055670dac18b,32,missing_knowledge
user32.dll,0x1800908a4,func_pdata_0x1800908a4,func_pdata_,Y,5c,19,1,0,N,N,0x1930508f168561a5,32,missing_knowledge
user32.dll,0x180090908,func_pdata_0x180090908,func_pdata_,Y,46,11,1,0,N,N,0xf32322183752bb09,32,missing_knowledge
user32.dll,0x180090958,func_pdata_0x180090958,func_pdata_,Y,3f,12,0,0,N,N,0x33ba65470f9387a0,32,missing_knowledge
user32.dll,0x1800909a0,func_pdata_0x1800909a0,func_pdata_,Y,3b,12,2,0,N,N,0x96bc773bd0bc4d55,32,missing_knowledge
user32.dll,0x1800909e4,func_pdata_0x1800909e4,func_pdata_,Y,48,15,2,0,N,N,0xa084b71e9fb1309d,32,missing_knowledge
user32.dll,0x180090a34,func_pdata_0x180090a34,func_pdata_,Y,145,60,1,0,N,N,0x73a20f328c196b16,32,missing_knowledge
user32.dll,0x180090b80,func_call_0x180090b80,func_call_,Y,14,6,1,0,N,N,0x8ad4a5308ee77e82,32,missing_knowledge
user32.dll,0x180090c18,func_call_0x180090c18,func_call_,Y,34,10,1,0,N,N,0x6d416978b4900f75,32,missing_knowledge
user32.dll,0x180090cce,func_start_0x180090cce,func_start_,Y,2,2,4,0,N,N,0x7b732673aab560c2,32,missing_knowledge
user32.dll,0x180090cd8,func_call_0x180090cd8,func_call_,Y,1,1,2,0,N,N,0x9c102150fbe54d53,32,missing_knowledge
user32.dll,0x180090d0a,func_start_0x180090d0a,func_start_,Y,2,2,1,0,N,N,0xc0573be655c47306,32,missing_knowledge
user32.dll,0x180090d14,func_pdata_0x180090d14,func_pdata_,Y,ea,41,8,0,N,N,0x5a96e08374045bcc,32,missing_knowledge
user32.dll,0x180090e08,func_call_0x180090e08,func_call_,Y,3f,10,1,0,N,N,0x36eb7add2f7d30ae,32,missing_knowledge
user32.dll,0x180090e68,func_call_0x180090e68,func_call_,Y,7,3,2,0,N,N,0xdf0758d58aca05cf,32,missing_knowledge
user32.dll,0x180090e90,func_call_0x180090e90,func_call_,Y,10,7,3,0,N,N,0xfc57a1710aeec4a7,32,missing_knowledge
user32.dll,0x180090eba,func_start_0x180090eba,func_start_,Y,2,2,1,0,N,N,0x1af86da0b4bfee60,32,missing_knowledge
user32.dll,0x180090ec4,func_call_0x180090ec4,func_call_,Y,2d,f,13,0,N,N,0xee752eaa9d046550,32,missing_knowledge
user32.dll,0x180090efb,func_start_0x180090efb,func_start_,Y,2,2,1,0,N,N,0xf7d2a23259a5fda2,32,missing_knowledge
user32.dll,0x180090f0c,func_pdata_0x180090f0c,func_pdata_,Y,4d,18,1,0,N,N,0x6b401a73929378e7,32,missing_knowledge
user32.dll,0x180090f60,func_call_0x180090f60,func_call_,Y,9,5,2,0,N,N,0x0d7570e500ec7fee,32,missing_knowledge
user32.dll,0x180090fbc,func_call_0x180090fbc,func_call_,Y,1,1,1,0,N,N,0x6b9e6bc2c4c6161e,32,missing_knowledge
user32.dll,0x180091004,func_pdata_0x180091004,func_pdata_,Y,86,22,1,0,N,N,0x2c711a6cd9abe17c,32,missing_knowledge
user32.dll,0x180091094,func_pdata_0x180091094,func_pdata_,Y,12f,5b,1,0,N,N,0xb6513c1cd4ede163,32,missing_knowledge
user32.dll,0x1800911cc,func_pdata_0x1800911cc,func_pdata_,Y,166,7d,1,0,N,N,0x69c7450412777ffb,32,missing_knowledge
user32.dll,0x18009133c,func_pdata_0x18009133c,func_pdata_,Y,1f3,9d,4,0,N,N,0xa9813b9840eba0c2,32,missing_knowledge
user32.dll,0x180091538,func_pdata_0x180091538,func_pdata_,Y,219,91,2,0,N,N,0x020ef2431ff13877,32,missing_knowledge
user32.dll,0x180091758,func_pdata_0x180091758,func_pdata_,Y,19e,89,2,0,N,N,0x2bb01e15267051f3,32,missing_knowledge
user32.dll,0x180091900,func_pdata_0x180091900,func_pdata_,Y,71,2a,2,0,N,N,0xbadffe26289696a6,32,missing_knowledge
user32.dll,0x180091978,func_pdata_0x180091978,func_pdata_,Y,23c,a5,1,0,N,N,0x6e69ed0b0fd3018e,32,missing_knowledge
user32.dll,0x180091bbc,func_pdata_0x180091bbc,func_pdata_,Y,103,53,2,0,N,N,0x7a5b91a82a6f2939,32,missing_knowledge
user32.dll,0x180091cc8,RtlSetLastWin32Error,named,N,6,1,1,0,N,N,0xe4f37080cc3e6644,12,named
