binary,addr,name,category,auto,body_size,instrs,callers,callees,calls_named,called_by_named,hash,hash_bytes,failure
kernel32.dll,0x180001010,func_pdata_0x180001010,func_pdata_,Y,42,e,0,0,N,N,0x60640a764f15783b,32,missing_knowledge
kernel32.dll,0x180001060,func_jmp_0x180001060,func_jmp_,Y,4,1,0,0,N,N,0x6c5539f657f8242b,32,missing_knowledge
kernel32.dll,0x180001070,func_data_0x6442455152,func_data_,Y,0,0,0,0,N,N,0xb764858d0340c961,32,discovery_failure
kernel32.dll,0x180001090,func_data_0x6442455184,func_data_,Y,0,0,0,0,N,N,0x97e3f4b46799a75c,32,discovery_failure
kernel32.dll,0x1800010b0,func_data_0x6442455216,func_data_,Y,0,0,0,0,N,N,0xbfa201d9df610449,32,discovery_failure
kernel32.dll,0x1800010e0,func_data_0x6442455264,func_data_,Y,0,0,0,0,N,N,0x7aac5c2f09e94adf,32,discovery_failure
kernel32.dll,0x180001100,func_data_0x6442455296,func_data_,Y,0,0,0,0,N,N,0x4fe0f082af38af6f,32,discovery_failure
kernel32.dll,0x180001114,func_pdata_0x180001114,func_pdata_,Y,92,25,1,0,N,N,0xd188826f840c5ef1,32,missing_knowledge
kernel32.dll,0x1800011b0,func_pdata_0x1800011b0,func_pdata_,Y,8c,24,1,0,N,N,0xcaf24b59ef04755a,32,missing_knowledge
kernel32.dll,0x180001250,func_data_0x6442455632,func_data_,Y,0,0,0,0,N,N,0xb93ebd5d1202828e,32,discovery_failure
kernel32.dll,0x180001253,func_jmp_0x180001253,func_jmp_,Y,4,1,0,0,N,N,0x76f7174dbc6ecad8,32,missing_knowledge
kernel32.dll,0x180001270,func_data_0x6442455664,func_data_,Y,0,0,0,0,N,N,0xa44ec4196345f5d2,32,discovery_failure
kernel32.dll,0x180001290,func_pdata_0x180001290,func_pdata_,Y,123,4a,0,0,N,N,0xcadde7e3ded52e40,32,missing_knowledge
kernel32.dll,0x1800013b4,func_pdata_0x1800013b4,func_pdata_,Y,3b,9,1,0,N,N,0x04aa885cc4a8e20c,32,missing_knowledge
kernel32.dll,0x1800013f0,func_pdata_0x1800013f0,func_pdata_,Y,3b9,c2,1,0,N,N,0xc4c62f11f87ed890,32,missing_knowledge
kernel32.dll,0x1800017aa,func_pdata_0x1800017aa,func_pdata_,Y,c,2,2,0,N,N,0x5407732af6f0e6c6,32,missing_knowledge
kernel32.dll,0x1800017b7,func_pdata_0x1800017b7,func_pdata_,Y,4fa,10a,1,0,N,N,0x49a0733c9107479d,32,missing_knowledge
kernel32.dll,0x180001cb2,func_pdata_0x180001cb2,func_pdata_,Y,6d,13,1,0,N,N,0xc6a68f9b9c084540,32,missing_knowledge
kernel32.dll,0x180001d20,func_pdata_0x180001d20,func_pdata_,Y,230,36,2,0,N,N,0x306a14ceccb920f1,32,missing_knowledge
kernel32.dll,0x180001f51,func_pdata_0x180001f51,func_pdata_,Y,f,4,1,0,N,N,0xc873b9a95bee19a1,32,missing_knowledge
kernel32.dll,0x180001f61,func_pdata_0x180001f61,func_pdata_,Y,696,112,1,0,N,N,0xace6564331a92680,32,missing_knowledge
kernel32.dll,0x180002600,func_call_0x180002600,func_call_,Y,9a,39,8,0,N,N,0xbd31b072aedda08c,32,missing_knowledge
kernel32.dll,0x1800026a4,func_call_0x1800026a4,func_call_,Y,18,9,e,0,N,N,0x038c4bbbde7fde73,32,missing_knowledge
kernel32.dll,0x1800026d4,func_pdata_0x1800026d4,func_pdata_,Y,63,21,e,0,N,N,0x89c761c2386448dd,32,missing_knowledge
kernel32.dll,0x180002740,func_pdata_0x180002740,func_pdata_,Y,80,1e,0,0,N,N,0x33764471f1736c4b,32,missing_knowledge
kernel32.dll,0x1800027c1,func_pdata_0x1800027c1,func_pdata_,Y,4e4,13b,0,0,N,N,0xa8ecb0e949a3fcd0,32,missing_knowledge
kernel32.dll,0x180002ca6,func_pdata_0x180002ca6,func_pdata_,Y,1f,b,1,0,N,N,0xe68e4c7c605b225b,32,missing_knowledge
kernel32.dll,0x180002cc6,func_pdata_0x180002cc6,func_pdata_,Y,638,18e,1,0,N,N,0xb04ee3df91165f65,32,missing_knowledge
kernel32.dll,0x180003310,func_pdata_0x180003310,func_pdata_,Y,52,15,0,0,N,N,0x75bd70c659076e8e,32,missing_knowledge
kernel32.dll,0x180003363,func_pdata_0x180003363,func_pdata_,Y,43,14,0,0,N,N,0xcb308c13035b15f0,32,missing_knowledge
kernel32.dll,0x1800033a7,func_pdata_0x1800033a7,func_pdata_,Y,174,53,0,0,N,N,0x86b44166a0485e2f,32,missing_knowledge
kernel32.dll,0x18000351c,func_pdata_0x18000351c,func_pdata_,Y,7,1,1,0,N,N,0xb57df7f17192e182,32,missing_knowledge
kernel32.dll,0x180003524,func_pdata_0x180003524,func_pdata_,Y,19,9,1,0,N,N,0xf4ae8b728dff0b27,32,missing_knowledge
kernel32.dll,0x18000353e,func_pdata_0x18000353e,func_pdata_,Y,64,1a,1,0,N,N,0xce62d1418c62a87b,32,missing_knowledge
kernel32.dll,0x1800035a3,func_pdata_0x1800035a3,func_pdata_,Y,328,c1,0,0,N,N,0x16d99b019bdb6cb0,32,missing_knowledge
kernel32.dll,0x1800038cc,func_pdata_0x1800038cc,func_pdata_,Y,23,7,1,0,N,N,0xf00659ca234c945b,32,missing_knowledge
kernel32.dll,0x1800038f0,func_pdata_0x1800038f0,func_pdata_,Y,127,4b,4,0,N,N,0xf79f3927fd85e277,32,missing_knowledge
kernel32.dll,0x180003a18,func_pdata_0x180003a18,func_pdata_,Y,41,11,0,0,N,N,0x1f3a7cd6abc387bf,32,missing_knowledge
kernel32.dll,0x180003a5a,func_pdata_0x180003a5a,func_pdata_,Y,13d,48,1,0,N,N,0x50c7999f0a797401,32,missing_knowledge
kernel32.dll,0x180003b98,func_pdata_0x180003b98,func_pdata_,Y,8,2,1,0,N,N,0x8ba698f8b014ea23,32,missing_knowledge
kernel32.dll,0x180003ba1,func_pdata_0x180003ba1,func_pdata_,Y,29,a,1,0,N,N,0x716de3ec2a7de754,32,missing_knowledge
kernel32.dll,0x180003bcb,func_pdata_0x180003bcb,func_pdata_,Y,7,2,1,0,N,N,0x187df242ecc2385c,32,missing_knowledge
kernel32.dll,0x180003bd3,func_pdata_0x180003bd3,func_pdata_,Y,29,a,1,0,N,N,0x6d051ba6305230dd,32,missing_knowledge
kernel32.dll,0x180003bfd,func_pdata_0x180003bfd,func_pdata_,Y,17,5,2,0,N,N,0xec0a93533a6704da,32,missing_knowledge
kernel32.dll,0x180003c15,func_pdata_0x180003c15,func_pdata_,Y,48,11,1,0,N,N,0x3b801c44ce345247,32,missing_knowledge
kernel32.dll,0x180003c5e,func_pdata_0x180003c5e,func_pdata_,Y,16,6,2,0,N,N,0x0c1c73ec4cbf2924,32,missing_knowledge
kernel32.dll,0x180003c80,func_pdata_0x180003c80,func_pdata_,Y,21bb,779,4,0,N,N,0x6a5a4781b1670a46,32,missing_knowledge
kernel32.dll,0x180005e44,func_pdata_0x180005e44,func_pdata_,Y,160,55,1,0,N,N,0x5acc83493dafbb85,32,missing_knowledge
kernel32.dll,0x180005fac,func_pdata_0x180005fac,func_pdata_,Y,6d,23,4,0,N,N,0x8337d6aef79590f3,32,missing_knowledge
kernel32.dll,0x180006020,func_pdata_0x180006020,func_pdata_,Y,2f2,cf,1,0,N,N,0xfe9a538291fc1792,32,missing_knowledge
kernel32.dll,0x18000631c,func_pdata_0x18000631c,func_pdata_,Y,d8,42,2,0,N,N,0xf7fc2beb779375ea,32,missing_knowledge
kernel32.dll,0x180006400,func_pdata_0x180006400,func_pdata_,Y,4b6,12d,8,0,N,N,0x22fda39186904525,32,missing_knowledge
kernel32.dll,0x1800068c0,func_pdata_0x1800068c0,func_pdata_,Y,4bf,134,4,0,N,N,0x7bb8dd9418f5910c,32,missing_knowledge
kernel32.dll,0x180006d88,func_pdata_0x180006d88,func_pdata_,Y,161,68,4,0,N,N,0x7bdbf73864f77d6d,32,missing_knowledge
kernel32.dll,0x180006ef0,func_pdata_0x180006ef0,func_pdata_,Y,3d,10,2,0,N,N,0x31085a4c3307390a,32,missing_knowledge
kernel32.dll,0x180006f34,func_pdata_0x180006f34,func_pdata_,Y,157,5e,1,0,N,N,0x3e9b507753fabe9e,32,missing_knowledge
kernel32.dll,0x180007094,func_pdata_0x180007094,func_pdata_,Y,8b,26,5,0,N,N,0xb241473521e8965e,32,missing_knowledge
kernel32.dll,0x180007130,func_pdata_0x180007130,func_pdata_,Y,ba,2b,0,0,N,N,0x682ab15b8afbf58d,32,missing_knowledge
kernel32.dll,0x180007200,func_pdata_0x180007200,func_pdata_,Y,7f,25,2,0,N,N,0x8735e02d6db8dc8d,32,missing_knowledge
kernel32.dll,0x180007288,func_pdata_0x180007288,func_pdata_,Y,119,59,2,0,N,N,0x491360a28514e8e4,32,missing_knowledge
kernel32.dll,0x1800073b0,func_pdata_0x1800073b0,func_pdata_,Y,45,15,1,0,N,N,0x25693e6508c7613d,32,missing_knowledge
kernel32.dll,0x1800073fc,func_pdata_0x1800073fc,func_pdata_,Y,8d,27,2,0,N,N,0xda0eb8249a63dacf,32,missing_knowledge
kernel32.dll,0x180007490,func_call_0x180007490,func_call_,Y,12,6,3,0,N,N,0xef89c7301003eacd,32,missing_knowledge
kernel32.dll,0x1800074a4,func_start_0x1800074a4,func_start_,Y,2,2,2,0,N,N,0x9496ec744523a6a9,32,missing_knowledge
kernel32.dll,0x1800074b0,func_pdata_0x1800074b0,func_pdata_,Y,62,1c,0,0,N,N,0xf5c9bc811cf5eac9,32,missing_knowledge
kernel32.dll,0x18000751c,func_pdata_0x18000751c,func_pdata_,Y,9e,2c,5,0,N,N,0x074a0655c7ec3327,32,missing_knowledge
kernel32.dll,0x1800075c4,func_call_0x1800075c4,func_call_,Y,27,c,8,0,N,N,0x5d528cd8f60ccc8d,32,missing_knowledge
kernel32.dll,0x1800075ed,func_start_0x1800075ed,func_start_,Y,2,2,2,0,N,N,0x3cd9b12245bcb005,32,missing_knowledge
kernel32.dll,0x180007600,func_jmp_0x180007600,func_jmp_,Y,4,1,0,0,N,N,0x917da190643601c9,32,missing_knowledge
kernel32.dll,0x18000760c,func_pdata_0x18000760c,func_pdata_,Y,3d,10,4,0,N,N,0x1a84cdc55f74753a,32,missing_knowledge
kernel32.dll,0x180007650,func_pdata_0x180007650,func_pdata_,Y,aef,2e3,1,0,N,N,0x673ae9833f486e88,32,missing_knowledge
kernel32.dll,0x180008148,func_pdata_0x180008148,func_pdata_,Y,84,2b,3,0,N,N,0x29dc72824ee048a3,32,missing_knowledge
kernel32.dll,0x1800081d4,func_call_0x1800081d4,func_call_,Y,51,1a,2,0,N,N,0xe1e2fa875c957f4b,32,missing_knowledge
kernel32.dll,0x180008230,func_pdata_0x180008230,func_pdata_,Y,6b,20,4,0,N,N,0x2556565be3976db3,32,missing_knowledge
kernel32.dll,0x1800082b0,func_pdata_0x1800082b0,func_pdata_,Y,4f,15,9,0,N,N,0xbbc7d25a8bdc3e24,32,missing_knowledge
kernel32.dll,0x180008308,func_pdata_0x180008308,func_pdata_,Y,7e,27,4,0,N,N,0x88b9d2ec6b6eab1d,32,missing_knowledge
kernel32.dll,0x180008390,func_pdata_0x180008390,func_pdata_,Y,45,16,2,0,N,N,0xc9de10d1711b29ed,32,missing_knowledge
kernel32.dll,0x1800083dc,func_pdata_0x1800083dc,func_pdata_,Y,87,27,3,0,N,N,0x623f386f49329deb,32,missing_knowledge
kernel32.dll,0x18000846c,func_pdata_0x18000846c,func_pdata_,Y,6d,24,5,0,N,N,0x22959ec440c4c9b7,32,missing_knowledge
kernel32.dll,0x1800084e0,func_pdata_0x1800084e0,func_pdata_,Y,24,9,6,0,N,N,0xa2bbf63ad38b7836,32,missing_knowledge
kernel32.dll,0x18000850c,func_pdata_0x18000850c,func_pdata_,Y,43,16,4,0,N,N,0xaf5f8aec2abd5b50,32,missing_knowledge
kernel32.dll,0x180008558,func_pdata_0x180008558,func_pdata_,Y,fb,4d,12,0,N,N,0xa6aafebc9758f9be,32,missing_knowledge
kernel32.dll,0x18000865c,func_call_0x18000865c,func_call_,Y,4a,1b,9,0,N,N,0x16e823d001291ca3,32,missing_knowledge
kernel32.dll,0x1800086b0,func_pdata_0x1800086b0,func_pdata_,Y,1e6,7e,1,0,N,N,0x7b431e2b4a3522e1,32,missing_knowledge
kernel32.dll,0x1800088a0,func_pdata_0x1800088a0,func_pdata_,Y,bb,33,2,0,N,N,0x5f4abc80ca558731,32,missing_knowledge
kernel32.dll,0x180008964,func_pdata_0x180008964,func_pdata_,Y,25a,a0,3,0,N,N,0xa779100bc9dd6a87,32,missing_knowledge
kernel32.dll,0x180008bc8,func_pdata_0x180008bc8,func_pdata_,Y,2dd,a7,6,0,N,N,0x93da045cdca7ccc5,32,missing_knowledge
kernel32.dll,0x180008eac,func_pdata_0x180008eac,func_pdata_,Y,b1,30,1,0,N,N,0x5f4abc80ca558731,32,missing_knowledge
kernel32.dll,0x180008f64,func_pdata_0x180008f64,func_pdata_,Y,95,31,1,0,N,N,0x7eff2f4290eb6d4d,32,missing_knowledge
kernel32.dll,0x180009000,func_pdata_0x180009000,func_pdata_,Y,4a,14,2,0,N,N,0x9a56dc1269f4893c,32,missing_knowledge
kernel32.dll,0x180009060,func_pdata_0x180009060,func_pdata_,Y,9b,2c,0,0,N,N,0x04e58f646708c98d,32,missing_knowledge
kernel32.dll,0x180009110,func_jmp_0x180009110,func_jmp_,Y,4,1,0,0,N,N,0x7ab85ead930a44a4,32,missing_knowledge
kernel32.dll,0x180009120,func_pdata_0x180009120,func_pdata_,Y,37,e,1,0,N,N,0x65a45d17b1c24354,32,missing_knowledge
kernel32.dll,0x180009158,func_pdata_0x180009158,func_pdata_,Y,d9,30,0,0,N,N,0x361c0a18b1ee6816,32,missing_knowledge
kernel32.dll,0x180009232,func_pdata_0x180009232,func_pdata_,Y,6,3,1,0,N,N,0xd39f9625ec796cae,32,missing_knowledge
kernel32.dll,0x180009239,func_pdata_0x180009239,func_pdata_,Y,12,6,1,0,N,N,0x0c1161997f188433,32,missing_knowledge
kernel32.dll,0x18000924c,func_pdata_0x18000924c,func_pdata_,Y,14,5,1,1,N,N,0x9bd87fd1123c063c,32,missing_knowledge
kernel32.dll,0x180009261,func_pdata_0x180009261,func_pdata_,Y,d,4,3,0,N,N,0x242856b461f3d57f,32,missing_knowledge
kernel32.dll,0x18000926f,func_pdata_0x18000926f,func_pdata_,Y,3,2,3,0,N,N,0x8f0507facea6b15e,32,missing_knowledge
kernel32.dll,0x180009273,func_pdata_0x180009273,func_pdata_,Y,7,4,1,0,N,N,0x5b09b3ef6c8f79ee,32,missing_knowledge
kernel32.dll,0x180009284,func_pdata_0x180009284,func_pdata_,Y,73,17,1,0,N,N,0x371cb21e4ec4304e,32,missing_knowledge
kernel32.dll,0x180009300,func_pdata_0x180009300,func_pdata_,Y,42,10,1,0,N,N,0xf690e3d397b51d1e,32,missing_knowledge
kernel32.dll,0x18000934c,func_pdata_0x18000934c,func_pdata_,Y,6f,1c,1,0,N,N,0x5db8433388a5e679,32,missing_knowledge
kernel32.dll,0x1800093c4,func_pdata_0x1800093c4,func_pdata_,Y,173,4b,7,0,N,N,0x15c7dd372628f221,32,missing_knowledge
kernel32.dll,0x180009540,func_pdata_0x180009540,func_pdata_,Y,dd,32,1,0,N,N,0x76571eff5b5f4767,32,missing_knowledge
kernel32.dll,0x180009624,func_call_0x180009624,func_call_,Y,1c,a,4,0,N,N,0xacdc765e31efbd5b,32,missing_knowledge
kernel32.dll,0x180009650,func_pdata_0x180009650,func_pdata_,Y,39e,eb,1,0,N,N,0xf2194899a1d5c143,32,missing_knowledge
kernel32.dll,0x1800099f8,func_pdata_0x1800099f8,func_pdata_,Y,74,21,3,0,N,N,0x69cd212da819fd6d,32,missing_knowledge
kernel32.dll,0x180009a80,func_pdata_0x180009a80,func_pdata_,Y,1ce,73,0,0,N,N,0xdd3e0a36dad35425,32,missing_knowledge
kernel32.dll,0x180009c60,func_pdata_0x180009c60,func_pdata_,Y,39,f,0,0,N,N,0x1a154afb610ca895,32,missing_knowledge
kernel32.dll,0x180009ca0,func_pdata_0x180009ca0,func_pdata_,Y,11d,4c,3,0,N,N,0x9dc375d472dae773,32,missing_knowledge
kernel32.dll,0x180009dd0,func_pdata_0x180009dd0,func_pdata_,Y,83,25,1,0,N,N,0x6cc61762f500f4e3,32,missing_knowledge
kernel32.dll,0x180009e5c,func_pdata_0x180009e5c,func_pdata_,Y,321,d1,1,0,N,N,0x175cd0770d71fe84,32,missing_knowledge
kernel32.dll,0x18000a190,func_pdata_0x18000a190,func_pdata_,Y,9f,1e,0,0,N,N,0x0df5352ce2707615,32,missing_knowledge
kernel32.dll,0x18000a238,func_pdata_0x18000a238,func_pdata_,Y,12d,4a,1,0,N,N,0x038a94f30b8e6140,32,missing_knowledge
kernel32.dll,0x18000a36c,func_pdata_0x18000a36c,func_pdata_,Y,100,3b,1,0,N,N,0x96f54b3ae1873b53,32,missing_knowledge
kernel32.dll,0x18000a474,func_call_0x18000a474,func_call_,Y,23,a,1,0,N,N,0x6f7a8f355be97041,32,missing_knowledge
kernel32.dll,0x18000a574,func_pdata_0x18000a574,func_pdata_,Y,7d,1c,1,0,N,N,0xbe595cdaee276591,32,missing_knowledge
kernel32.dll,0x18000a5f8,func_pdata_0x18000a5f8,func_pdata_,Y,183,5a,1,0,N,N,0xb6858e8b862da9f0,32,missing_knowledge
kernel32.dll,0x18000a790,func_pdata_0x18000a790,func_pdata_,Y,3bb,ef,0,0,N,N,0xa99f51be96baf0c1,32,missing_knowledge
kernel32.dll,0x18000ab54,func_pdata_0x18000ab54,func_pdata_,Y,46e,11f,2,0,N,N,0xa2f5bdc92adefd5e,32,missing_knowledge
kernel32.dll,0x18000afcc,func_call_0x18000afcc,func_call_,Y,3e,13,6,0,N,N,0xc7953c7e6314d8a4,32,missing_knowledge
kernel32.dll,0x18000b00c,func_start_0x18000b00c,func_start_,Y,2,2,1,0,N,N,0x18f7fb1712647264,32,missing_knowledge
kernel32.dll,0x18000b018,func_pdata_0x18000b018,func_pdata_,Y,d5,36,4,0,N,N,0x060eeb2fcbcb9417,32,missing_knowledge
kernel32.dll,0x18000b0f4,func_pdata_0x18000b0f4,func_pdata_,Y,25,c,7,0,N,N,0x4d1dd6ca7bb9824b,32,missing_knowledge
kernel32.dll,0x18000b120,func_pdata_0x18000b120,func_pdata_,Y,b1,32,3,0,N,N,0xdc9dbf9b8be17b0d,32,missing_knowledge
kernel32.dll,0x18000b1d8,func_pdata_0x18000b1d8,func_pdata_,Y,73,24,3,0,N,N,0xcf4532a635aa94a7,32,missing_knowledge
kernel32.dll,0x18000b254,func_pdata_0x18000b254,func_pdata_,Y,97,28,1,0,N,N,0x1f0424a091a7da01,32,missing_knowledge
kernel32.dll,0x18000b2f4,func_pdata_0x18000b2f4,func_pdata_,Y,74,1d,3,0,N,N,0x3a3b400b85472766,32,missing_knowledge
kernel32.dll,0x18000b370,func_pdata_0x18000b370,func_pdata_,Y,7c,23,f,0,N,N,0xb1fb5808016f2abb,32,missing_knowledge
kernel32.dll,0x18000b3f4,func_pdata_0x18000b3f4,func_pdata_,Y,a1,20,1,0,N,N,0x5a51774f38da890a,32,missing_knowledge
kernel32.dll,0x18000b49c,func_pdata_0x18000b49c,func_pdata_,Y,193,67,1,0,N,N,0x2f9cfbdb35d60499,32,missing_knowledge
kernel32.dll,0x18000b638,func_pdata_0x18000b638,func_pdata_,Y,d3,40,2,0,N,N,0x69ccc8f6f0417d6e,32,missing_knowledge
kernel32.dll,0x18000b714,func_call_0x18000b714,func_call_,Y,104,46,1,0,N,N,0x9893a12b18271582,32,missing_knowledge
kernel32.dll,0x18000b820,func_pdata_0x18000b820,func_pdata_,Y,de,36,1,0,N,N,0x4c157662b7f7ae2b,32,missing_knowledge
kernel32.dll,0x18000b908,func_pdata_0x18000b908,func_pdata_,Y,7c,22,2,0,N,N,0x88348c4a7edc33e3,32,missing_knowledge
kernel32.dll,0x18000b98c,func_pdata_0x18000b98c,func_pdata_,Y,120,52,7,0,N,N,0x551629069318a330,32,missing_knowledge
kernel32.dll,0x18000bab4,func_pdata_0x18000bab4,func_pdata_,Y,d3,40,a,0,N,N,0x4222941433236417,32,missing_knowledge
kernel32.dll,0x18000bb90,func_pdata_0x18000bb90,func_pdata_,Y,1a0,70,2,0,N,N,0xf54fbb3753565914,32,missing_knowledge
kernel32.dll,0x18000bd38,func_pdata_0x18000bd38,func_pdata_,Y,a1,2c,5,0,N,N,0x9b06bf95174ca68f,32,missing_knowledge
kernel32.dll,0x18000bde0,func_call_0x18000bde0,func_call_,Y,2c,d,6,0,N,N,0x95b2a8cb48dbf799,32,missing_knowledge
kernel32.dll,0x18000be0e,func_start_0x18000be0e,func_start_,Y,2,2,2,0,N,N,0xa951d8b889b8cab1,32,missing_knowledge
kernel32.dll,0x18000be18,func_pdata_0x18000be18,func_pdata_,Y,1a4,7d,2,0,N,N,0x49cd5e82895ea263,32,missing_knowledge
kernel32.dll,0x18000bfc4,func_pdata_0x18000bfc4,func_pdata_,Y,531,13b,2,0,N,N,0x0ffe0fac919871cb,32,missing_knowledge
kernel32.dll,0x18000c500,func_pdata_0x18000c500,func_pdata_,Y,20a,81,8,0,N,N,0xef23ea4bec160487,32,missing_knowledge
kernel32.dll,0x18000c714,func_pdata_0x18000c714,func_pdata_,Y,5a0,14d,1,0,N,N,0xaf78ed07d03b9863,32,missing_knowledge
kernel32.dll,0x18000ccbc,func_call_0x18000ccbc,func_call_,Y,41,18,2,0,N,N,0x17ef476e8800476d,32,missing_knowledge
kernel32.dll,0x18000cd4c,func_pdata_0x18000cd4c,func_pdata_,Y,18d,61,1,0,N,N,0x089ff2591ae3684f,32,missing_knowledge
kernel32.dll,0x18000cee0,func_pdata_0x18000cee0,func_pdata_,Y,35d,d4,1,0,N,N,0x3d976584f6deb449,32,missing_knowledge
kernel32.dll,0x18000d244,func_call_0x18000d244,func_call_,Y,17,8,2,0,N,N,0xc5944ba88644d358,32,missing_knowledge
kernel32.dll,0x18000d28c,func_pdata_0x18000d28c,func_pdata_,Y,385,e0,2,0,N,N,0xe7924665d2f72efd,32,missing_knowledge
kernel32.dll,0x18000d618,func_pdata_0x18000d618,func_pdata_,Y,71b,1da,1,0,N,N,0x76906c168530657d,32,missing_knowledge
kernel32.dll,0x18000dd40,func_pdata_0x18000dd40,func_pdata_,Y,497,113,0,0,N,N,0xd065c6df378021dd,32,missing_knowledge
kernel32.dll,0x18000e1e0,func_pdata_0x18000e1e0,func_pdata_,Y,71,1f,2,0,N,N,0x11c7f367fc201147,32,missing_knowledge
kernel32.dll,0x18000e258,func_pdata_0x18000e258,func_pdata_,Y,170,5a,1,0,N,N,0x9ddd33ff7b540139,32,missing_knowledge
kernel32.dll,0x18000e3d0,func_pdata_0x18000e3d0,func_pdata_,Y,a9,35,3,0,N,N,0xdb36bb085dcbdf81,32,missing_knowledge
kernel32.dll,0x18000e480,func_pdata_0x18000e480,func_pdata_,Y,28b,a0,1,0,N,N,0x1b1aaf91e7cdb978,32,missing_knowledge
kernel32.dll,0x18000e714,func_pdata_0x18000e714,func_pdata_,Y,130,46,2,0,N,N,0xdefbc4abc706743c,32,missing_knowledge
kernel32.dll,0x18000e84c,func_pdata_0x18000e84c,func_pdata_,Y,1be,6d,2,0,N,N,0xd93da0e033f87cb6,32,missing_knowledge
kernel32.dll,0x18000ea14,func_pdata_0x18000ea14,func_pdata_,Y,8f,26,1,0,N,N,0xe15d6af9d3ed4768,32,missing_knowledge
kernel32.dll,0x18000eaac,func_pdata_0x18000eaac,func_pdata_,Y,d2,37,8,0,N,N,0x461dba830b12997a,32,missing_knowledge
kernel32.dll,0x18000eb88,func_pdata_0x18000eb88,func_pdata_,Y,145,5b,3,0,N,N,0x1cc69e8bcbab2860,32,missing_knowledge
kernel32.dll,0x18000ecd4,func_pdata_0x18000ecd4,func_pdata_,Y,7c,23,d,0,N,N,0xe0a7606f93086524,32,missing_knowledge
kernel32.dll,0x18000ed58,func_call_0x18000ed58,func_call_,Y,19,8,1,0,N,N,0x62ce59bbd3a42efd,32,missing_knowledge
kernel32.dll,0x18000ed7c,func_call_0x18000ed7c,func_call_,Y,48,18,5,0,N,N,0x4769711cb676c378,32,missing_knowledge
kernel32.dll,0x18000edd8,func_pdata_0x18000edd8,func_pdata_,Y,18c,60,2,0,N,N,0x54427af3eec6672f,32,missing_knowledge
kernel32.dll,0x18000ef6c,func_pdata_0x18000ef6c,func_pdata_,Y,138,51,1,0,N,N,0x84c3eaa226488073,32,missing_knowledge
kernel32.dll,0x18000f0ac,func_pdata_0x18000f0ac,func_pdata_,Y,e1,37,1,0,N,N,0x131e3b122a365977,32,missing_knowledge
kernel32.dll,0x18000f194,func_call_0x18000f194,func_call_,Y,68,1b,1,0,N,N,0x00601189ddf284cf,32,missing_knowledge
kernel32.dll,0x18000f20c,func_pdata_0x18000f20c,func_pdata_,Y,18e,62,3,0,N,N,0x02c03dae3a72d322,32,missing_knowledge
kernel32.dll,0x18000f3a4,func_pdata_0x18000f3a4,func_pdata_,Y,ef,39,1,0,N,N,0x777df78818619674,32,missing_knowledge
kernel32.dll,0x18000f49c,func_pdata_0x18000f49c,func_pdata_,Y,109,48,3,0,N,N,0xf46f1c0de14dc388,32,missing_knowledge
kernel32.dll,0x18000f5ac,func_pdata_0x18000f5ac,func_pdata_,Y,191,5e,1,0,N,N,0x1ecd5f243ffcf12c,32,missing_knowledge
kernel32.dll,0x18000f744,func_pdata_0x18000f744,func_pdata_,Y,42,15,c,0,N,N,0x8787a95b473a4908,32,missing_knowledge
kernel32.dll,0x18000f790,func_pdata_0x18000f790,func_pdata_,Y,1e7,7e,3,0,N,N,0x38bf72c1449e5fe8,32,missing_knowledge
kernel32.dll,0x18000f980,func_pdata_0x18000f980,func_pdata_,Y,14c,57,7,0,N,N,0x13288a59d1edcbc9,32,missing_knowledge
kernel32.dll,0x18000fae0,func_pdata_0x18000fae0,func_pdata_,Y,4a2,11b,9,0,N,N,0xb1546d6c3b3eefdc,32,missing_knowledge
kernel32.dll,0x18000ff8c,func_pdata_0x18000ff8c,func_pdata_,Y,8f,2c,7,0,N,N,0xf6e6bbcaf53a70eb,32,missing_knowledge
kernel32.dll,0x180010024,func_pdata_0x180010024,func_pdata_,Y,83,25,4,0,N,N,0xab6f9e5814f94c06,32,missing_knowledge
kernel32.dll,0x1800100b0,func_pdata_0x1800100b0,func_pdata_,Y,db,33,3,0,N,N,0xd643226510698cee,32,missing_knowledge
kernel32.dll,0x180010194,func_pdata_0x180010194,func_pdata_,Y,1bf,6a,5,0,N,N,0xa33a58b2bbc2a297,32,missing_knowledge
kernel32.dll,0x18001035c,func_pdata_0x18001035c,func_pdata_,Y,19e,6d,4,0,N,N,0x990de2f95b5e7f5f,32,missing_knowledge
kernel32.dll,0x180010504,func_pdata_0x180010504,func_pdata_,Y,d1,32,1,0,N,N,0x99f61c49b49a119c,32,missing_knowledge
kernel32.dll,0x1800105e0,func_pdata_0x1800105e0,func_pdata_,Y,c0,30,3,0,N,N,0x9f451455bc9a7b2d,32,missing_knowledge
kernel32.dll,0x1800106a8,func_pdata_0x1800106a8,func_pdata_,Y,13b,4b,2,0,N,N,0xb199ca30e613c117,32,missing_knowledge
kernel32.dll,0x1800107ec,func_pdata_0x1800107ec,func_pdata_,Y,4c,16,2,0,N,N,0xec1906219fdb9641,32,missing_knowledge
kernel32.dll,0x180010840,func_pdata_0x180010840,func_pdata_,Y,6c,1d,2,0,N,N,0x7d23062c6a559540,32,missing_knowledge
kernel32.dll,0x1800108b4,func_pdata_0x1800108b4,func_pdata_,Y,b6,32,1,0,N,N,0x9966b15b4015c0b5,32,missing_knowledge
kernel32.dll,0x180010974,func_pdata_0x180010974,func_pdata_,Y,2c2,af,1,0,N,N,0x2e8feec400d18f44,32,missing_knowledge
kernel32.dll,0x180010c40,func_pdata_0x180010c40,func_pdata_,Y,67,1c,a,0,N,N,0x7274e256c5ab7cbd,32,missing_knowledge
kernel32.dll,0x180010cb0,func_pdata_0x180010cb0,func_pdata_,Y,7a,25,1,0,N,N,0xf2391d03be2f9b69,32,missing_knowledge
kernel32.dll,0x180010d34,func_pdata_0x180010d34,func_pdata_,Y,9e,2c,1,0,N,N,0x1341949e7992aa75,32,missing_knowledge
kernel32.dll,0x180010ddc,func_pdata_0x180010ddc,func_pdata_,Y,3b,e,2,0,N,N,0x8dc59a43257fabf8,32,missing_knowledge
kernel32.dll,0x180010e20,func_pdata_0x180010e20,func_pdata_,Y,6f,1e,1,0,N,N,0xdaec10ef04394d19,32,missing_knowledge
kernel32.dll,0x180010e98,func_pdata_0x180010e98,func_pdata_,Y,173,67,1,0,N,N,0xcef0ef68a46a244b,32,missing_knowledge
kernel32.dll,0x180011014,func_pdata_0x180011014,func_pdata_,Y,81,24,4,0,N,N,0xfe9243f1e893e0f2,32,missing_knowledge
kernel32.dll,0x18001109c,func_pdata_0x18001109c,func_pdata_,Y,76,21,5,0,N,N,0x51919c59d390925c,32,missing_knowledge
kernel32.dll,0x18001111c,func_pdata_0x18001111c,func_pdata_,Y,6d,22,23,0,N,N,0xf885ab445127135c,32,missing_knowledge
kernel32.dll,0x180011190,func_pdata_0x180011190,func_pdata_,Y,67,20,4,0,N,N,0xafff00ad95ab4d99,32,missing_knowledge
kernel32.dll,0x180011200,func_pdata_0x180011200,func_pdata_,Y,3e,10,3,0,N,N,0x5165f0cc983ae6c4,32,missing_knowledge
kernel32.dll,0x180011248,func_pdata_0x180011248,func_pdata_,Y,7f,27,3,0,N,N,0xd6c42d1b894e6900,32,missing_knowledge
kernel32.dll,0x1800112d0,func_pdata_0x1800112d0,func_pdata_,Y,d6,3e,5,0,N,N,0x92e4bfa75b5f0226,32,missing_knowledge
kernel32.dll,0x1800113b0,func_pdata_0x1800113b0,func_pdata_,Y,3b,10,5,0,N,N,0x50d9096955ab8fa3,32,missing_knowledge
kernel32.dll,0x1800113f4,func_pdata_0x1800113f4,func_pdata_,Y,2f,d,17,0,N,N,0x7a938b3bea0e7e78,32,missing_knowledge
kernel32.dll,0x18001142c,func_pdata_0x18001142c,func_pdata_,Y,56,1d,3,0,N,N,0x7d9868ba16ed2ec0,32,missing_knowledge
kernel32.dll,0x18001148c,func_pdata_0x18001148c,func_pdata_,Y,9a,32,5,0,N,N,0xfa8465c5825e1f50,32,missing_knowledge
kernel32.dll,0x180011530,func_pdata_0x180011530,func_pdata_,Y,47,15,3,0,N,N,0xa1eced1e0e97493d,32,missing_knowledge
kernel32.dll,0x180011580,func_call_0x180011580,func_call_,Y,2f,10,1,0,N,N,0x473eaa0ed28348f8,32,missing_knowledge
kernel32.dll,0x1800115c4,func_pdata_0x1800115c4,func_pdata_,Y,15a,4d,1,0,N,N,0xf015b904e3e82b4c,32,missing_knowledge
kernel32.dll,0x180011728,func_pdata_0x180011728,func_pdata_,Y,4d,11,6,0,N,N,0x540ca8ab9e94cd46,32,missing_knowledge
kernel32.dll,0x18001177c,func_pdata_0x18001177c,func_pdata_,Y,6e,1c,9,0,N,N,0xc3e1cf10cbc99d00,32,missing_knowledge
kernel32.dll,0x1800117f4,func_pdata_0x1800117f4,func_pdata_,Y,75,22,3,0,N,N,0x3085092361d07c9b,32,missing_knowledge
kernel32.dll,0x180011870,func_pdata_0x180011870,func_pdata_,Y,35,d,1,0,N,N,0x532758d308a1caca,32,missing_knowledge
kernel32.dll,0x1800118ac,func_pdata_0x1800118ac,func_pdata_,Y,1e,7,10c,0,N,Y,0x7dffd503c728732a,32,propagation_failure
kernel32.dll,0x1800118d4,func_pdata_0x1800118d4,func_pdata_,Y,154,41,1,0,N,N,0x61571230f9718549,32,missing_knowledge
kernel32.dll,0x180011a30,func_pdata_0x180011a30,func_pdata_,Y,73,19,1,0,N,N,0xd896654c418fd7ed,32,missing_knowledge
kernel32.dll,0x180011aac,func_pdata_0x180011aac,func_pdata_,Y,3f,11,1,0,N,N,0x6369c84ce0671f3d,32,missing_knowledge
kernel32.dll,0x180011af4,func_pdata_0x180011af4,func_pdata_,Y,7b,23,2,0,N,N,0xd1d4dc2f01ef80ed,32,missing_knowledge
kernel32.dll,0x180011b78,func_pdata_0x180011b78,func_pdata_,Y,94,29,6,0,N,N,0xb4104cc1828b1c0a,32,missing_knowledge
kernel32.dll,0x180011c14,func_call_0x180011c14,func_call_,Y,1e,9,4,0,N,N,0x526579eb12d0da7b,32,missing_knowledge
kernel32.dll,0x180011c40,func_call_0x180011c40,func_call_,Y,6b,16,1,0,N,N,0x3ce7fa181bfaf820,32,missing_knowledge
kernel32.dll,0x180011cb4,func_pdata_0x180011cb4,func_pdata_,Y,24,c,2,0,N,N,0x2155f0bb95442acb,32,missing_knowledge
kernel32.dll,0x180011ce0,func_pdata_0x180011ce0,func_pdata_,Y,9c,28,2,0,N,N,0x4fdf36ad7d9eace6,32,missing_knowledge
kernel32.dll,0x180011d84,func_pdata_0x180011d84,func_pdata_,Y,8f,2c,c,0,N,N,0xf6e6bbcaf53a70eb,32,missing_knowledge
kernel32.dll,0x180011e20,func_pdata_0x180011e20,func_pdata_,Y,4fd,10a,0,0,N,N,0xa1825234f14a0c91,32,missing_knowledge
kernel32.dll,0x180012324,func_pdata_0x180012324,func_pdata_,Y,5c,1a,1,0,N,N,0x1a9288b4891ef53b,32,missing_knowledge
kernel32.dll,0x180012390,func_pdata_0x180012390,func_pdata_,Y,15e,5c,4,0,N,N,0x46f4b12c5b568a18,32,missing_knowledge
kernel32.dll,0x180012500,func_pdata_0x180012500,func_pdata_,Y,151,5a,0,0,N,N,0xcf9cf69b7ea98b83,32,missing_knowledge
kernel32.dll,0x180012660,func_pdata_0x180012660,func_pdata_,Y,1e,9,0,0,N,N,0xab6c354f52ab5be5,32,missing_knowledge
kernel32.dll,0x180012690,func_data_0x6442526352,func_data_,Y,0,0,0,0,N,N,0x8112e21bfd15173b,32,discovery_failure
kernel32.dll,0x1800126b0,func_pdata_0x1800126b0,func_pdata_,Y,1e,9,0,0,N,N,0x910d9a9928a594d9,32,missing_knowledge
kernel32.dll,0x1800126d8,func_pdata_0x1800126d8,func_pdata_,Y,196,76,4,0,N,N,0x508b0fb407d0eaa9,32,missing_knowledge
kernel32.dll,0x180012880,func_data_0x6442526848,func_data_,Y,0,0,0,0,N,N,0x19ff957b10d48727,32,discovery_failure
kernel32.dll,0x180012890,func_data_0x6442526864,func_data_,Y,0,0,0,0,N,N,0x64f35023877fbf63,32,discovery_failure
kernel32.dll,0x1800128a0,func_pdata_0x1800128a0,func_pdata_,Y,6b,20,0,0,N,N,0x3c5f2680fc9ee4f2,32,missing_knowledge
kernel32.dll,0x180012920,func_data_0x6442527008,func_data_,Y,0,0,0,0,N,N,0x61f81383aff8a711,32,discovery_failure
kernel32.dll,0x180012940,func_data_0x6442527040,func_data_,Y,0,0,0,0,N,N,0x119aa099298c8b79,32,discovery_failure
kernel32.dll,0x180012958,func_pdata_0x180012958,func_pdata_,Y,161,54,0,0,N,N,0xf2dd833f6fe81982,32,missing_knowledge
kernel32.dll,0x180012ac0,func_pdata_0x180012ac0,func_pdata_,Y,ca,34,0,0,N,N,0x8e02305f809f37fd,32,missing_knowledge
kernel32.dll,0x180012ba0,func_pdata_0x180012ba0,func_pdata_,Y,196,68,0,0,N,N,0xadf1ca7262c9856a,32,missing_knowledge
kernel32.dll,0x180012d40,func_data_0x6442528064,func_data_,Y,0,0,0,0,N,N,0xccee4e30fd159ac7,32,discovery_failure
kernel32.dll,0x180012d60,func_pdata_0x180012d60,func_pdata_,Y,bc,35,1,0,N,N,0x866455e1d366b4d3,32,missing_knowledge
kernel32.dll,0x180012e30,func_data_0x6442528304,func_data_,Y,0,0,0,0,N,N,0xad5a0f569389d44a,32,discovery_failure
kernel32.dll,0x180012e44,func_pdata_0x180012e44,func_pdata_,Y,168,55,0,0,N,N,0x3a99c24403b50bc2,32,missing_knowledge
kernel32.dll,0x180012fc0,func_pdata_0x180012fc0,func_pdata_,Y,140,53,0,0,N,N,0xbe37cb8f492a952c,32,missing_knowledge
kernel32.dll,0x180013110,func_pdata_0x180013110,func_pdata_,Y,2a,c,c8,0,N,N,0xc482f307a455ea51,32,missing_knowledge
kernel32.dll,0x180013144,func_pdata_0x180013144,func_pdata_,Y,68,1c,4,0,N,N,0x7ccf2da7669d301c,32,missing_knowledge
kernel32.dll,0x1800131c0,func_data_0x6442529216,func_data_,Y,0,0,0,0,N,N,0xfd89dac37402d590,32,discovery_failure
kernel32.dll,0x1800131e0,func_pdata_0x1800131e0,func_pdata_,Y,ed,39,0,0,N,N,0x1ef06fa1a0c59879,32,missing_knowledge
kernel32.dll,0x1800132e0,func_pdata_0x1800132e0,func_pdata_,Y,78,23,0,0,N,N,0x21662f1accf6251e,32,missing_knowledge
kernel32.dll,0x180013360,func_pdata_0x180013360,func_pdata_,Y,c9,34,2,0,N,N,0x64f47929427c10ac,32,missing_knowledge
kernel32.dll,0x180013430,func_pdata_0x180013430,func_pdata_,Y,94,27,1,0,N,N,0xbc2f8d061a40edf1,32,missing_knowledge
kernel32.dll,0x1800134cc,func_call_0x1800134cc,func_call_,Y,64,1d,2,0,N,N,0xc90dcff2c252d42e,32,missing_knowledge
kernel32.dll,0x180013550,func_data_0x6442530128,func_data_,Y,0,0,0,0,N,N,0xde050530633d03ea,32,discovery_failure
kernel32.dll,0x180013560,func_data_0x6442530144,func_data_,Y,0,0,0,0,N,N,0xb1eea5cb5dab805e,32,discovery_failure
kernel32.dll,0x180013580,func_pdata_0x180013580,func_pdata_,Y,e9,3d,0,0,N,N,0xc1c7a2a042c4ea96,32,missing_knowledge
kernel32.dll,0x180013670,func_pdata_0x180013670,func_pdata_,Y,ee,39,3,0,N,N,0x6c8002b9b33320fd,32,missing_knowledge
kernel32.dll,0x180013770,func_call_0x180013770,func_call_,Y,11,6,1,0,N,N,0xa8bdc44bd51c8888,32,missing_knowledge
kernel32.dll,0x1800137a0,func_pdata_0x1800137a0,func_pdata_,Y,39,10,0,0,N,N,0x332e9c838f1cdb6b,32,missing_knowledge
kernel32.dll,0x1800137e0,func_pdata_0x1800137e0,func_pdata_,Y,632,16b,0,0,N,N,0xae3c730e70eaa143,32,missing_knowledge
kernel32.dll,0x180013e1c,func_pdata_0x180013e1c,func_pdata_,Y,10e9,39f,1,0,N,N,0x2179ec32ec8fdac1,32,missing_knowledge
kernel32.dll,0x180014f10,func_pdata_0x180014f10,func_pdata_,Y,6a,1b,0,0,N,N,0xf1dbb18ac02375c6,32,missing_knowledge
kernel32.dll,0x180014f84,func_pdata_0x180014f84,func_pdata_,Y,45,17,6,0,N,N,0x67239835e49771c0,32,missing_knowledge
kernel32.dll,0x180014fd0,func_pdata_0x180014fd0,func_pdata_,Y,73,20,3,0,N,N,0xde63a7bc68c7a6c6,32,missing_knowledge
kernel32.dll,0x18001504c,func_pdata_0x18001504c,func_pdata_,Y,233,88,2,0,N,N,0x42e61681b8f62bb8,32,missing_knowledge
kernel32.dll,0x180015288,func_pdata_0x180015288,func_pdata_,Y,39,e,4,0,N,N,0x2b98edc3844bca3e,32,missing_knowledge
kernel32.dll,0x1800152c8,func_pdata_0x1800152c8,func_pdata_,Y,10a,3e,2,0,N,N,0x0d727125e3b483f1,32,missing_knowledge
kernel32.dll,0x1800153dc,func_pdata_0x1800153dc,func_pdata_,Y,38,c,1,0,N,N,0x7984cf940355f95a,32,missing_knowledge
kernel32.dll,0x180015420,func_pdata_0x180015420,func_pdata_,Y,126,43,0,0,N,N,0xe97e7b8f8a5f8590,32,missing_knowledge
kernel32.dll,0x180015550,func_call_0x180015550,func_call_,Y,18,7,2,0,N,N,0xcc7b039ebf83b7c0,32,missing_knowledge
kernel32.dll,0x18001556a,func_start_0x18001556a,func_start_,Y,2,2,2,0,N,N,0xeacfb6e3847d22e3,32,missing_knowledge
kernel32.dll,0x180015580,func_data_0x6442538368,func_data_,Y,0,0,0,0,N,N,0xe8b94a5cca871b35,32,discovery_failure
kernel32.dll,0x1800155a0,func_pdata_0x1800155a0,func_pdata_,Y,fa,48,4,0,N,N,0x725224cf61eaafd0,32,missing_knowledge
kernel32.dll,0x1800156b0,func_pdata_0x1800156b0,func_pdata_,Y,60,15,0,0,N,N,0xca850edd424546c9,32,missing_knowledge
kernel32.dll,0x180015720,func_data_0x6442538784,func_data_,Y,0,0,0,0,N,N,0xca0f94b65c7a7102,32,discovery_failure
kernel32.dll,0x180015730,func_pdata_0x180015730,func_pdata_,Y,cd,36,2,0,N,N,0xe04ea142d85bb2ce,32,missing_knowledge
kernel32.dll,0x180015810,func_pdata_0x180015810,func_pdata_,Y,5e,19,0,0,N,N,0x14acda749df622bf,32,missing_knowledge
kernel32.dll,0x180015880,func_jmp_0x180015880,func_jmp_,Y,4,1,0,0,N,N,0x5401c9f22792e824,32,missing_knowledge
kernel32.dll,0x180015890,func_data_0x6442539152,func_data_,Y,0,0,0,0,N,N,0x03357b7fcf9d1198,32,discovery_failure
kernel32.dll,0x1800158b0,func_data_0x6442539184,func_data_,Y,0,0,0,0,N,N,0x395620c2afe505ef,32,discovery_failure
kernel32.dll,0x1800158d0,func_pdata_0x1800158d0,func_pdata_,Y,9b,23,0,0,N,N,0x0e556496569685fb,32,missing_knowledge
kernel32.dll,0x180015980,func_data_0x6442539392,func_data_,Y,0,0,0,0,N,N,0x4446e336c030b6a2,32,discovery_failure
kernel32.dll,0x1800159a0,func_pdata_0x1800159a0,func_pdata_,Y,d4,33,0,0,N,N,0x5e5fdf266c907fc4,32,missing_knowledge
kernel32.dll,0x180015a80,func_pdata_0x180015a80,func_pdata_,Y,2d,f,1,0,N,N,0xc041fade6255e34f,32,missing_knowledge
kernel32.dll,0x180015aae,func_pdata_0x180015aae,func_pdata_,Y,7b,1f,0,0,N,N,0xf757360d57f83456,32,missing_knowledge
kernel32.dll,0x180015b2a,func_pdata_0x180015b2a,func_pdata_,Y,16,c,1,0,N,N,0xb25a31214295b5d7,32,missing_knowledge
kernel32.dll,0x180015b50,func_data_0x6442539856,func_data_,Y,0,0,0,0,N,N,0xa8cd7cce48952341,32,discovery_failure
kernel32.dll,0x180015b70,func_pdata_0x180015b70,func_pdata_,Y,5f,12,0,0,N,N,0x73052ca42b94eb0b,32,missing_knowledge
kernel32.dll,0x180015be0,func_data_0x6442540000,func_data_,Y,0,0,0,0,N,N,0x9baaeb1a9ebacd94,32,discovery_failure
kernel32.dll,0x180015bf0,func_pdata_0x180015bf0,func_pdata_,Y,d1,32,16,0,N,N,0x7f0db02229261910,32,missing_knowledge
kernel32.dll,0x180015cd0,func_pdata_0x180015cd0,func_pdata_,Y,108,3c,12,0,N,N,0x141ea462ca67acf8,32,missing_knowledge
kernel32.dll,0x180015de0,func_pdata_0x180015de0,func_pdata_,Y,7b,22,4,0,N,N,0x85f3ead3b13cf259,32,missing_knowledge
kernel32.dll,0x180015e70,func_data_0x6442540656,func_data_,Y,0,0,0,0,N,N,0xad6156c70e111152,32,discovery_failure
kernel32.dll,0x180015e90,func_pdata_0x180015e90,func_pdata_,Y,2e,c,0,0,N,N,0x1bb906468e727bf3,32,missing_knowledge
kernel32.dll,0x180015ed0,func_data_0x6442540752,func_data_,Y,0,0,0,0,N,N,0x66e4bddae9452e99,32,discovery_failure
kernel32.dll,0x180015ef0,func_data_0x6442540784,func_data_,Y,0,0,0,0,N,N,0xd24ef4d0d6f52b41,32,discovery_failure
kernel32.dll,0x180015ef4,func_jmp_0x180015ef4,func_jmp_,Y,4,1,0,0,N,N,0x259911cb0c571c29,32,missing_knowledge
kernel32.dll,0x180015f10,func_data_0x6442540816,func_data_,Y,0,0,0,0,N,N,0x3f3457d460944b25,32,discovery_failure
kernel32.dll,0x180015f30,func_data_0x6442540848,func_data_,Y,0,0,0,0,N,N,0xb56cef57aea22000,32,discovery_failure
kernel32.dll,0x180015f50,func_data_0x6442540880,func_data_,Y,0,0,0,0,N,N,0x2db4cfbeea5836b6,32,discovery_failure
kernel32.dll,0x180015f70,func_data_0x6442540912,func_data_,Y,0,0,0,0,N,N,0xfc2531a134e28189,32,discovery_failure
kernel32.dll,0x180015f90,func_pdata_0x180015f90,func_pdata_,Y,53,10,0,0,N,N,0xfcc3404c55a2664b,32,missing_knowledge
kernel32.dll,0x180015ff0,func_data_0x6442541040,func_data_,Y,0,0,0,0,N,N,0x62ffed803c6bf18f,32,discovery_failure
kernel32.dll,0x180016010,func_pdata_0x180016010,func_pdata_,Y,53,10,0,0,N,N,0xfcc3404c55a2664b,32,missing_knowledge
kernel32.dll,0x180016070,func_data_0x6442541168,func_data_,Y,0,0,0,0,N,N,0x4ade3f41282d81b4,32,discovery_failure
kernel32.dll,0x1800160a0,func_pdata_0x1800160a0,func_pdata_,Y,5b,17,0,0,N,N,0xbe08907c0cc67c01,32,missing_knowledge
kernel32.dll,0x180016110,func_data_0x6442541328,func_data_,Y,0,0,0,0,N,N,0x7943a8bac7cfb9e7,32,discovery_failure
kernel32.dll,0x180016130,func_data_0x6442541360,func_data_,Y,0,0,0,0,N,N,0x0f5eb8142f799623,32,discovery_failure
kernel32.dll,0x180016150,func_pdata_0x180016150,func_pdata_,Y,46f,109,0,0,N,N,0x47aceb49366702d6,32,missing_knowledge
kernel32.dll,0x1800165c8,func_pdata_0x1800165c8,func_pdata_,Y,14c,52,1,0,N,N,0x78c40ee3476dff49,32,missing_knowledge
kernel32.dll,0x18001671c,func_pdata_0x18001671c,func_pdata_,Y,255,8a,1,0,N,N,0x7682a38f9619a9b8,32,missing_knowledge
kernel32.dll,0x180016978,func_pdata_0x180016978,func_pdata_,Y,7f,27,1,0,N,N,0xe7c4d0189f8bf8b6,32,missing_knowledge
kernel32.dll,0x180016a00,func_call_0x180016a00,func_call_,Y,44,16,3,0,N,N,0x9395a06b194d983c,32,missing_knowledge
kernel32.dll,0x180016a5c,func_pdata_0x180016a5c,func_pdata_,Y,87,1c,1,0,N,N,0xa4c6debe90f34a91,32,missing_knowledge
kernel32.dll,0x180016af0,func_pdata_0x180016af0,func_pdata_,Y,7c,21,1,0,N,N,0xa7a3e6b5d1842847,32,missing_knowledge
kernel32.dll,0x180016b74,func_pdata_0x180016b74,func_pdata_,Y,34a,b6,4,0,N,N,0xe0cc2e02087c50bb,32,missing_knowledge
kernel32.dll,0x180016ed0,func_data_0x6442544848,func_data_,Y,0,0,0,0,N,N,0x06714ce38bf20ff0,32,discovery_failure
kernel32.dll,0x180016ef0,func_pdata_0x180016ef0,func_pdata_,Y,449,fc,0,0,N,N,0x8bb0c627ff139430,32,missing_knowledge
kernel32.dll,0x180017340,func_data_0x6442545984,func_data_,Y,0,0,0,0,N,N,0x63f6a8f7d79c2c3e,32,discovery_failure
kernel32.dll,0x180017360,func_pdata_0x180017360,func_pdata_,Y,43,14,0,0,N,N,0xf53d0dec5e56aacf,32,missing_knowledge
kernel32.dll,0x1800173ac,func_pdata_0x1800173ac,func_pdata_,Y,5b,19,1,0,N,N,0x7e9fc417f8bc6dba,32,missing_knowledge
kernel32.dll,0x180017410,entry,entry,N,37,f,0,0,N,N,0xc7600405fbb99132,32,named
kernel32.dll,0x180017448,func_pdata_0x180017448,func_pdata_,Y,37a,b7,1,0,N,N,0x7541310899191200,32,missing_knowledge
kernel32.dll,0x1800177cc,func_pdata_0x1800177cc,func_pdata_,Y,dd,33,1,0,N,N,0x3354b15436d251b3,32,missing_knowledge
kernel32.dll,0x1800178b0,func_pdata_0x1800178b0,func_pdata_,Y,50,f,2,0,N,N,0x701f4df8abaaf491,32,missing_knowledge
kernel32.dll,0x180017908,func_pdata_0x180017908,func_pdata_,Y,36,f,2,0,N,N,0xa2434a86b8424feb,32,missing_knowledge
kernel32.dll,0x180017948,func_pdata_0x180017948,func_pdata_,Y,51,14,6,0,N,N,0xf45a28a430788c7f,32,missing_knowledge
kernel32.dll,0x1800179a0,func_pdata_0x1800179a0,func_pdata_,Y,5f,1d,1,0,N,N,0x136608217e80c3f2,32,missing_knowledge
kernel32.dll,0x180017a08,func_pdata_0x180017a08,func_pdata_,Y,7f,24,3,0,N,N,0x44d8e40db34b7cfd,32,missing_knowledge
kernel32.dll,0x180017a90,func_pdata_0x180017a90,func_pdata_,Y,1a7,64,1,0,N,N,0x32d70ab2f2ce7d95,32,missing_knowledge
kernel32.dll,0x180017c40,func_pdata_0x180017c40,func_pdata_,Y,68,17,3,0,N,N,0x9aa6095a857bd15a,32,missing_knowledge
kernel32.dll,0x180017cb0,func_pdata_0x180017cb0,func_pdata_,Y,c3,32,0,0,N,N,0x191a8f5f7bb05d22,32,missing_knowledge
kernel32.dll,0x180017d7c,func_pdata_0x180017d7c,func_pdata_,Y,a7,27,3,0,N,N,0x0019430e4b16ae73,32,missing_knowledge
kernel32.dll,0x180017e30,func_pdata_0x180017e30,func_pdata_,Y,42,13,3,0,N,N,0xa0ed4265c94824d6,32,missing_knowledge
kernel32.dll,0x180017e80,func_data_0x6442548864,func_data_,Y,0,0,0,0,N,N,0x19cf6814d786ae32,32,discovery_failure
kernel32.dll,0x180017ea0,func_data_0x6442548896,func_data_,Y,0,0,0,0,N,N,0x107b7f66619342e1,32,discovery_failure
kernel32.dll,0x180017ec0,func_data_0x6442548928,func_data_,Y,0,0,0,0,N,N,0x7580b8381c5ea53f,32,discovery_failure
kernel32.dll,0x180017ee0,func_data_0x6442548960,func_data_,Y,0,0,0,0,N,N,0x8b3d2c205274f4e5,32,discovery_failure
kernel32.dll,0x180017f00,func_pdata_0x180017f00,func_pdata_,Y,bf,34,0,0,N,N,0x934ec9c153e71d0a,32,missing_knowledge
kernel32.dll,0x180017fd0,func_call_0x180017fd0,func_call_,Y,14,6,5c,0,N,N,0xb3b52c9515126a24,32,missing_knowledge
kernel32.dll,0x180018000,func_pdata_0x180018000,func_pdata_,Y,2f,c,13,0,N,N,0x56a9814eb28ab282,32,missing_knowledge
kernel32.dll,0x180018040,func_pdata_0x180018040,func_pdata_,Y,b4,36,0,0,N,N,0x32c127327c301527,32,missing_knowledge
kernel32.dll,0x180018100,func_pdata_0x180018100,func_pdata_,Y,42,f,1,0,N,N,0xffa0f66f9e135435,32,missing_knowledge
kernel32.dll,0x180018150,func_data_0x6442549584,func_data_,Y,0,0,0,0,N,N,0xaca67ef90ba133b5,32,discovery_failure
kernel32.dll,0x180018170,func_pdata_0x180018170,func_pdata_,Y,151,4b,0,0,N,N,0xf97e636e2c2e8d21,32,missing_knowledge
kernel32.dll,0x1800182d0,func_pdata_0x1800182d0,func_pdata_,Y,110,3c,0,0,N,N,0xd98d06c0645f395b,32,missing_knowledge
kernel32.dll,0x1800183e8,func_pdata_0x1800183e8,func_pdata_,Y,2ea,b2,1,0,N,N,0x524c445cb3a12b53,32,missing_knowledge
kernel32.dll,0x1800186dc,func_pdata_0x1800186dc,func_pdata_,Y,54,18,1,0,N,N,0x159ddbe1e843771e,32,missing_knowledge
kernel32.dll,0x180018738,func_pdata_0x180018738,func_pdata_,Y,45,14,1,0,N,N,0xa42f46addf913406,32,missing_knowledge
kernel32.dll,0x180018790,func_pdata_0x180018790,func_pdata_,Y,44,11,1,0,N,N,0xed34d5fdaf532a3d,32,missing_knowledge
kernel32.dll,0x1800187e0,func_data_0x6442551264,func_data_,Y,0,0,0,0,N,N,0x1c3235b5c3d94226,32,discovery_failure
kernel32.dll,0x1800187e3,func_jmp_0x1800187e3,func_jmp_,Y,4,1,0,0,N,N,0xe74bf47a14387fb8,32,missing_knowledge
kernel32.dll,0x180018800,func_data_0x6442551296,func_data_,Y,0,0,0,0,N,N,0xc98e63517f832dba,32,discovery_failure
kernel32.dll,0x180018820,func_data_0x6442551328,func_data_,Y,0,0,0,0,N,N,0x9a63fe66032a92f3,32,discovery_failure
kernel32.dll,0x180018840,func_data_0x6442551360,func_data_,Y,0,0,0,0,N,N,0x965d7053e809900e,32,discovery_failure
kernel32.dll,0x180018843,func_jmp_0x180018843,func_jmp_,Y,4,1,0,0,N,N,0x24c0fa8e6aacf547,32,missing_knowledge
kernel32.dll,0x180018854,func_pdata_0x180018854,func_pdata_,Y,f2,37,1,0,N,N,0x6b6c05feb223d18b,32,missing_knowledge
kernel32.dll,0x180018950,func_pdata_0x180018950,func_pdata_,Y,12c,4b,1,0,N,N,0x08ab8d613f315541,32,missing_knowledge
kernel32.dll,0x180018a90,func_pdata_0x180018a90,func_pdata_,Y,1c4,7f,1,0,N,N,0xbc030e373538ac06,32,missing_knowledge
kernel32.dll,0x180018c5c,func_pdata_0x180018c5c,func_pdata_,Y,134,5d,1,0,N,N,0x7d16213d6824529e,32,missing_knowledge
kernel32.dll,0x180018d98,func_pdata_0x180018d98,func_pdata_,Y,103,39,1,0,N,N,0x34c09c1e72118eaa,32,missing_knowledge
kernel32.dll,0x180018ea4,func_pdata_0x180018ea4,func_pdata_,Y,3d,10,3,0,N,N,0xdd949e9af4502138,32,missing_knowledge
kernel32.dll,0x180018ee8,func_pdata_0x180018ee8,func_pdata_,Y,7a,24,3,0,N,N,0x70ebcc461461bea4,32,missing_knowledge
kernel32.dll,0x180018f6c,func_pdata_0x180018f6c,func_pdata_,Y,cb,2e,1,0,N,N,0x21ed03293f606c56,32,missing_knowledge
kernel32.dll,0x180019040,func_pdata_0x180019040,func_pdata_,Y,b4,30,1,0,N,N,0xecb3bb441901057f,32,missing_knowledge
kernel32.dll,0x1800190fc,func_pdata_0x1800190fc,func_pdata_,Y,70f,1c7,1,0,N,N,0xf05db684550c448b,32,missing_knowledge
kernel32.dll,0x180019820,func_pdata_0x180019820,func_pdata_,Y,122,4f,1,0,N,N,0xb79542839ab69820,32,missing_knowledge
kernel32.dll,0x18001994c,func_pdata_0x18001994c,func_pdata_,Y,d8,36,1,0,N,N,0x54ef1ab7b2ba5301,32,missing_knowledge
kernel32.dll,0x180019a2c,func_pdata_0x180019a2c,func_pdata_,Y,79,28,1,0,N,N,0x292fb5cae4cad77d,32,missing_knowledge
kernel32.dll,0x180019aac,func_call_0x180019aac,func_call_,Y,3e,16,1,0,N,N,0xa6c4254697446c00,32,missing_knowledge
kernel32.dll,0x180019b14,func_pdata_0x180019b14,func_pdata_,Y,88,2f,1,0,N,N,0x6790f04cef43fe06,32,missing_knowledge
kernel32.dll,0x180019ba4,func_pdata_0x180019ba4,func_pdata_,Y,4e,18,1,0,N,N,0x9e9848fd708e21ae,32,missing_knowledge
kernel32.dll,0x180019bfc,func_pdata_0x180019bfc,func_pdata_,Y,9e,2a,1,0,N,N,0xfb583a28371377ef,32,missing_knowledge
kernel32.dll,0x180019cb0,func_pdata_0x180019cb0,func_pdata_,Y,87,26,0,0,N,N,0xb5d1cee7f966eb73,32,missing_knowledge
kernel32.dll,0x180019d40,func_pdata_0x180019d40,func_pdata_,Y,7a,21,0,0,N,N,0x4b1cb0ad6a06800a,32,missing_knowledge
kernel32.dll,0x180019dd0,func_pdata_0x180019dd0,func_pdata_,Y,157,64,0,0,N,N,0xf2de1fbf85e9f1d1,32,missing_knowledge
kernel32.dll,0x180019f30,func_pdata_0x180019f30,func_pdata_,Y,87,2c,3,0,N,N,0x1886054f24e13c21,32,missing_knowledge
kernel32.dll,0x180019fc0,func_pdata_0x180019fc0,func_pdata_,Y,58,1d,4,0,N,N,0x784b62c9a16ffb95,32,missing_knowledge
kernel32.dll,0x18001a020,func_call_0x18001a020,func_call_,Y,32,10,1,0,N,N,0x29391a6053c56228,32,missing_knowledge
kernel32.dll,0x18001a06c,func_pdata_0x18001a06c,func_pdata_,Y,a4,29,1,0,N,N,0x02c9871a7f275bfd,32,missing_knowledge
kernel32.dll,0x18001a118,func_pdata_0x18001a118,func_pdata_,Y,43,12,2,0,N,N,0x9cd020f628e1e70c,32,missing_knowledge
kernel32.dll,0x18001a164,func_pdata_0x18001a164,func_pdata_,Y,a6,36,1,0,N,N,0x0f3e1ebcca3f85b8,32,missing_knowledge
kernel32.dll,0x18001a214,func_pdata_0x18001a214,func_pdata_,Y,ba,3a,1,0,N,N,0xa69bd54a93ba2450,32,missing_knowledge
kernel32.dll,0x18001a2e0,func_pdata_0x18001a2e0,func_pdata_,Y,149,51,1,0,N,N,0x42df72675c11265f,32,missing_knowledge
kernel32.dll,0x18001a430,func_data_0x6442558512,func_data_,Y,0,0,0,0,N,N,0x32152c02c863a652,32,discovery_failure
kernel32.dll,0x18001a450,func_data_0x6442558544,func_data_,Y,0,0,0,0,N,N,0xbf2b404d7c7c3a5a,32,discovery_failure
kernel32.dll,0x18001a470,func_data_0x6442558576,func_data_,Y,0,0,0,0,N,N,0xc0a1c1a72f961e9f,32,discovery_failure
kernel32.dll,0x18001a490,func_pdata_0x18001a490,func_pdata_,Y,1a4,66,0,0,N,N,0x1a23d4588bf62179,32,missing_knowledge
kernel32.dll,0x18001a640,func_pdata_0x18001a640,func_pdata_,Y,83,22,0,0,N,N,0xa6a780201de6fac3,32,missing_knowledge
kernel32.dll,0x18001a6cc,func_pdata_0x18001a6cc,func_pdata_,Y,c5,33,1,0,N,N,0xb6441da5a02333e3,32,missing_knowledge
kernel32.dll,0x18001a7a0,func_pdata_0x18001a7a0,func_pdata_,Y,319,c1,3,0,N,N,0xa587ec237509f906,32,missing_knowledge
kernel32.dll,0x18001aac0,func_pdata_0x18001aac0,func_pdata_,Y,184,66,2,0,N,N,0xc8d4b97136ddce2f,32,missing_knowledge
kernel32.dll,0x18001ac4c,func_pdata_0x18001ac4c,func_pdata_,Y,19c,67,4,0,N,N,0x3e43c65c77963985,32,missing_knowledge
kernel32.dll,0x18001adf0,func_data_0x6442561008,func_data_,Y,0,0,0,0,N,N,0x260726c14c2383b4,32,discovery_failure
kernel32.dll,0x18001ae10,func_data_0x6442561040,func_data_,Y,0,0,0,0,N,N,0xce1e4ffeaad45516,32,discovery_failure
kernel32.dll,0x18001ae24,func_pdata_0x18001ae24,func_pdata_,Y,262,a1,1,0,N,N,0x1d77e4446cac48e8,32,missing_knowledge
kernel32.dll,0x18001b090,func_pdata_0x18001b090,func_pdata_,Y,3e,d,2,0,N,N,0x8d402c07b41755d3,32,missing_knowledge
kernel32.dll,0x18001b0e0,func_data_0x6442561760,func_data_,Y,0,0,0,0,N,N,0xfeb639ddecc904c5,32,discovery_failure
kernel32.dll,0x18001b100,func_data_0x6442561792,func_data_,Y,0,0,0,0,N,N,0xf4c9c3304eab1d2f,32,discovery_failure
kernel32.dll,0x18001b120,func_data_0x6442561824,func_data_,Y,0,0,0,0,N,N,0x07cd90471079648f,32,discovery_failure
kernel32.dll,0x18001b140,func_jmp_0x18001b140,func_jmp_,Y,4,1,0,0,N,N,0x5328fb18c881b7fc,32,missing_knowledge
kernel32.dll,0x18001b14c,func_pdata_0x18001b14c,func_pdata_,Y,6c,20,3,0,N,N,0x62215c62dc12b1f9,32,missing_knowledge
kernel32.dll,0x18001b1c0,func_data_0x6442561984,func_data_,Y,0,0,0,0,N,N,0xaa6613d02948f8ca,32,discovery_failure
kernel32.dll,0x18001b1e0,func_data_0x6442562016,func_data_,Y,0,0,0,0,N,N,0xf204f668c33d87bf,32,discovery_failure
kernel32.dll,0x18001b200,func_data_0x6442562048,func_data_,Y,0,0,0,0,N,N,0x78bc983515ebfce9,32,discovery_failure
kernel32.dll,0x18001b220,func_pdata_0x18001b220,func_pdata_,Y,222,88,0,0,N,N,0x32ea59a67b1c527d,32,missing_knowledge
kernel32.dll,0x18001b44c,func_pdata_0x18001b44c,func_pdata_,Y,11b,4c,c,0,N,N,0x480cedd6e6b67a69,32,missing_knowledge
kernel32.dll,0x18001b570,func_pdata_0x18001b570,func_pdata_,Y,67,1b,3,0,N,N,0x745fc5dcf61914dd,32,missing_knowledge
kernel32.dll,0x18001b5e0,func_pdata_0x18001b5e0,func_pdata_,Y,55,13,5,0,N,N,0xa7df8b8ba73a51ab,32,missing_knowledge
kernel32.dll,0x18001b640,func_jmp_0x18001b640,func_jmp_,Y,4,1,0,0,N,N,0x055c4765d8cb137c,32,missing_knowledge
kernel32.dll,0x18001b64c,func_pdata_0x18001b64c,func_pdata_,Y,4d,14,1,0,N,N,0x2fd34b53799a3db7,32,missing_knowledge
kernel32.dll,0x18001b6a0,func_data_0x6442563232,func_data_,Y,0,0,0,0,N,N,0x9b2d5419fece6e9e,32,discovery_failure
kernel32.dll,0x18001b6c0,func_data_0x6442563264,func_data_,Y,0,0,0,0,N,N,0x88700ae2a05e3c0e,32,discovery_failure
kernel32.dll,0x18001b6e0,func_data_0x6442563296,func_data_,Y,0,0,0,0,N,N,0xa9f010a36315dbe1,32,discovery_failure
kernel32.dll,0x18001b700,func_data_0x6442563328,func_data_,Y,0,0,0,0,N,N,0x98b69dbd6ef95a26,32,discovery_failure
kernel32.dll,0x18001b720,func_data_0x6442563360,func_data_,Y,0,0,0,0,N,N,0x30f86e1b1b651446,32,discovery_failure
kernel32.dll,0x18001b740,func_data_0x6442563392,func_data_,Y,0,0,0,0,N,N,0x390ba672a7a7061c,32,discovery_failure
kernel32.dll,0x18001b760,func_pdata_0x18001b760,func_pdata_,Y,14c,4c,0,0,N,N,0x37cf82f0738f3429,32,missing_knowledge
kernel32.dll,0x18001b8c0,func_data_0x6442563776,func_data_,Y,0,0,0,0,N,N,0x59a38ef3eee123b5,32,discovery_failure
kernel32.dll,0x18001b8e0,func_pdata_0x18001b8e0,func_pdata_,Y,47,11,0,0,N,N,0xaf1c68ab88fb403a,32,missing_knowledge
kernel32.dll,0x18001b930,func_data_0x6442563888,func_data_,Y,0,0,0,0,N,N,0x0e76568b04fbd432,32,discovery_failure
kernel32.dll,0x18001b950,func_data_0x6442563920,func_data_,Y,0,0,0,0,N,N,0x907ab349ac356aa7,32,discovery_failure
kernel32.dll,0x18001b960,func_data_0x6442563936,func_data_,Y,0,0,0,0,N,N,0x056742bc0ce5e301,32,discovery_failure
kernel32.dll,0x18001b974,func_pdata_0x18001b974,func_pdata_,Y,b6,39,1,0,N,N,0x1dc1e2fba7fc7d68,32,missing_knowledge
kernel32.dll,0x18001ba40,func_pdata_0x18001ba40,func_pdata_,Y,34,d,0,0,N,N,0xd1766c6591e01d63,32,missing_knowledge
kernel32.dll,0x18001ba80,func_pdata_0x18001ba80,func_pdata_,Y,22,9,0,0,N,N,0x6f329c570204027f,32,missing_knowledge
kernel32.dll,0x18001bab0,func_data_0x6442564272,func_data_,Y,0,0,0,0,N,N,0xd37188a5f175e3e1,32,discovery_failure
kernel32.dll,0x18001bad0,func_data_0x6442564304,func_data_,Y,0,0,0,0,N,N,0x4ed9b6d364cbe676,32,discovery_failure
kernel32.dll,0x18001bae4,func_pdata_0x18001bae4,func_pdata_,Y,9c,25,4,0,N,N,0xcb2fc1a1650d53b8,32,missing_knowledge
kernel32.dll,0x18001bb90,func_pdata_0x18001bb90,func_pdata_,Y,29,9,0,0,N,N,0x1e260ba8bcbb369f,32,missing_knowledge
kernel32.dll,0x18001bbc0,func_data_0x6442564544,func_data_,Y,0,0,0,0,N,N,0x124613cad3b99ca9,32,discovery_failure
kernel32.dll,0x18001bbd4,func_pdata_0x18001bbd4,func_pdata_,Y,88,21,6,0,N,N,0x4217ff407d0e3ebc,32,missing_knowledge
kernel32.dll,0x18001bc70,func_pdata_0x18001bc70,func_pdata_,Y,e1,33,0,0,N,N,0x2318e4eee1b73b65,32,missing_knowledge
kernel32.dll,0x18001bd60,func_pdata_0x18001bd60,func_pdata_,Y,61,15,1,0,N,N,0xd6c389cc58c1d862,32,missing_knowledge
kernel32.dll,0x18001bdc8,func_call_0x18001bdc8,func_call_,Y,26,c,2,0,N,N,0x33ebf5d4fd8a4304,32,missing_knowledge
kernel32.dll,0x18001be00,func_pdata_0x18001be00,func_pdata_,Y,19,6,0,0,N,N,0x9bc136f061f711b2,32,missing_knowledge
kernel32.dll,0x18001be20,func_data_0x6442565152,func_data_,Y,0,0,0,0,N,N,0x74c1980f374360dd,32,discovery_failure
kernel32.dll,0x18001be40,func_data_0x6442565184,func_data_,Y,0,0,0,0,N,N,0xf5fe76155442a77a,32,discovery_failure
kernel32.dll,0x18001be60,func_pdata_0x18001be60,func_pdata_,Y,69,1c,0,0,N,N,0xff3f66c22048e715,32,missing_knowledge
kernel32.dll,0x18001bed0,func_pdata_0x18001bed0,func_pdata_,Y,6c,1c,0,0,N,N,0x78d600f107226759,32,missing_knowledge
kernel32.dll,0x18001bf50,func_pdata_0x18001bf50,func_pdata_,Y,57,1b,0,0,N,N,0x95d8b3dc9d7294b4,32,missing_knowledge
kernel32.dll,0x18001bfb0,func_data_0x6442565552,func_data_,Y,0,0,0,0,N,N,0xbd7926a4b4eb2bb8,32,discovery_failure
kernel32.dll,0x18001bfd0,func_data_0x6442565584,func_data_,Y,0,0,0,0,N,N,0xd4b534c1401640d0,32,discovery_failure
kernel32.dll,0x18001bff0,func_pdata_0x18001bff0,func_pdata_,Y,ba,2f,0,0,N,N,0x5c017ed644483d5a,32,missing_knowledge
kernel32.dll,0x18001c0c0,func_pdata_0x18001c0c0,func_pdata_,Y,1b,6,0,0,N,N,0xf1f9efb44a01de34,32,missing_knowledge
kernel32.dll,0x18001c0f0,func_pdata_0x18001c0f0,func_pdata_,Y,9b,2d,1,0,N,N,0xf20ebc61646b27ea,32,missing_knowledge
kernel32.dll,0x18001c1a0,func_pdata_0x18001c1a0,func_pdata_,Y,67,1d,0,0,N,N,0xdb56f5679702a544,32,missing_knowledge
kernel32.dll,0x18001c210,func_pdata_0x18001c210,func_pdata_,Y,13d,4d,1,0,N,N,0x111c2a494b445eb2,32,missing_knowledge
kernel32.dll,0x18001c360,func_pdata_0x18001c360,func_pdata_,Y,63,1c,0,0,N,N,0xff09ec70f518382c,32,missing_knowledge
kernel32.dll,0x18001c3d0,func_pdata_0x18001c3d0,func_pdata_,Y,52,14,3d,0,N,N,0x2b7cb1ee741ef14e,32,missing_knowledge
kernel32.dll,0x18001c430,func_data_0x6442566704,func_data_,Y,0,0,0,0,N,N,0x0c545ab6bc06a54b,32,discovery_failure
kernel32.dll,0x18001c450,func_pdata_0x18001c450,func_pdata_,Y,85,24,0,0,N,N,0x510ccaa97ea440a6,32,missing_knowledge
kernel32.dll,0x18001c4e0,func_data_0x6442566880,func_data_,Y,0,0,0,0,N,N,0xee1517edbbe9887f,32,discovery_failure
kernel32.dll,0x18001c500,func_pdata_0x18001c500,func_pdata_,Y,e4,31,0,0,N,N,0x48c1e7ddac8d4106,32,missing_knowledge
kernel32.dll,0x18001c5f0,func_data_0x6442567152,func_data_,Y,0,0,0,0,N,N,0xbaf3a9d2b49c805c,32,discovery_failure
kernel32.dll,0x18001c610,func_data_0x6442567184,func_data_,Y,0,0,0,0,N,N,0x84cf5cb199f75016,32,discovery_failure
kernel32.dll,0x18001c624,func_pdata_0x18001c624,func_pdata_,Y,193,5b,1,0,N,N,0x1d3210e8c7a744a6,32,missing_knowledge
kernel32.dll,0x18001c7c0,func_jmp_0x18001c7c0,func_jmp_,Y,4,1,0,0,N,N,0xfe1fd21e15dbbf9a,32,missing_knowledge
kernel32.dll,0x18001c7cc,func_pdata_0x18001c7cc,func_pdata_,Y,58,18,2,0,N,N,0x578ca789c8f76b01,32,missing_knowledge
kernel32.dll,0x18001c830,func_data_0x6442567728,func_data_,Y,0,0,0,0,N,N,0x910a47cfee3e50a0,32,discovery_failure
kernel32.dll,0x18001c850,func_pdata_0x18001c850,func_pdata_,Y,cf,37,6,0,N,N,0xb5038138bec8a4dd,32,missing_knowledge
kernel32.dll,0x18001c930,func_data_0x6442567984,func_data_,Y,0,0,0,0,N,N,0x2a70e52b900801f3,32,discovery_failure
kernel32.dll,0x18001c950,func_data_0x6442568016,func_data_,Y,0,0,0,0,N,N,0x8d86efd650f37a34,32,discovery_failure
kernel32.dll,0x18001c970,func_pdata_0x18001c970,func_pdata_,Y,20,a,a,0,N,N,0x70dfda5ed4359ee6,32,missing_knowledge
kernel32.dll,0x18001c9a0,func_pdata_0x18001c9a0,func_pdata_,Y,38,10,0,0,N,N,0x0bf7235a9cc62fe8,32,missing_knowledge
kernel32.dll,0x18001c9e0,func_data_0x6442568160,func_data_,Y,0,0,0,0,N,N,0x77e147452dda3fa3,32,discovery_failure
kernel32.dll,0x18001ca00,func_data_0x6442568192,func_data_,Y,0,0,0,0,N,N,0x3a258df831e6dbc2,32,discovery_failure
kernel32.dll,0x18001ca20,func_pdata_0x18001ca20,func_pdata_,Y,37,11,0,0,N,N,0xab0c204ca54d9bec,32,missing_knowledge
kernel32.dll,0x18001ca60,func_data_0x6442568288,func_data_,Y,0,0,0,0,N,N,0xec28c6f016f3ca0a,32,discovery_failure
kernel32.dll,0x18001ca80,func_data_0x6442568320,func_data_,Y,0,0,0,0,N,N,0x703361ac7b0fe6b1,32,discovery_failure
kernel32.dll,0x18001caa0,func_pdata_0x18001caa0,func_pdata_,Y,5e,12,0,0,N,N,0x73052ca42b94eb0b,32,missing_knowledge
kernel32.dll,0x18001cb10,func_data_0x6442568464,func_data_,Y,0,0,0,0,N,N,0xb30ec56edb493e55,32,discovery_failure
kernel32.dll,0x18001cb30,func_data_0x6442568496,func_data_,Y,0,0,0,0,N,N,0x323355781fe14780,32,discovery_failure
kernel32.dll,0x18001cb50,func_data_0x6442568528,func_data_,Y,0,0,0,0,N,N,0x3322740ccca8b4fc,32,discovery_failure
kernel32.dll,0x18001cb70,func_data_0x6442568560,func_data_,Y,0,0,0,0,N,N,0xd59d473e2ed326e0,32,discovery_failure
kernel32.dll,0x18001cb90,func_data_0x6442568592,func_data_,Y,0,0,0,0,N,N,0xd239e2a5fc1b2fb8,32,discovery_failure
kernel32.dll,0x18001cbb0,func_data_0x6442568624,func_data_,Y,0,0,0,0,N,N,0x466df874c5c3312a,32,discovery_failure
kernel32.dll,0x18001cbd0,func_data_0x6442568656,func_data_,Y,0,0,0,0,N,N,0x992fb564b517d64a,32,discovery_failure
kernel32.dll,0x18001cbf0,func_pdata_0x18001cbf0,func_pdata_,Y,29,9,0,0,N,N,0x8484cad3b10f1982,32,missing_knowledge
kernel32.dll,0x18001cc20,func_data_0x6442568736,func_data_,Y,0,0,0,0,N,N,0xfc85aebebdc37bb4,32,discovery_failure
kernel32.dll,0x18001cc40,func_pdata_0x18001cc40,func_pdata_,Y,e4,34,0,0,N,N,0x2db775e1f4f40df2,32,missing_knowledge
kernel32.dll,0x18001cd30,func_data_0x6442569008,func_data_,Y,0,0,0,0,N,N,0x8f85232cca97b4d7,32,discovery_failure
kernel32.dll,0x18001cd50,func_pdata_0x18001cd50,func_pdata_,Y,11b,41,0,0,N,N,0xf7b4bdf4815e0fda,32,missing_knowledge
kernel32.dll,0x18001ce80,func_data_0x6442569344,func_data_,Y,0,0,0,0,N,N,0x9cf946a94fae7a03,32,discovery_failure
kernel32.dll,0x18001cea0,func_pdata_0x18001cea0,func_pdata_,Y,5e,12,0,0,N,N,0x73052ca42b94eb0b,32,missing_knowledge
kernel32.dll,0x18001cf10,func_jmp_0x18001cf10,func_jmp_,Y,4,1,0,0,N,N,0x9f78f98257521b83,32,missing_knowledge
kernel32.dll,0x18001cf1c,func_pdata_0x18001cf1c,func_pdata_,Y,9f,29,1,0,N,N,0xe15b6f069a26e138,32,missing_knowledge
kernel32.dll,0x18001cfc4,func_pdata_0x18001cfc4,func_pdata_,Y,47,f,d,0,N,N,0x135bc0d0f430527d,32,missing_knowledge
kernel32.dll,0x18001d014,func_pdata_0x18001d014,func_pdata_,Y,139,4a,5,0,N,N,0x9af1aff810e510a7,32,missing_knowledge
kernel32.dll,0x18001d154,func_pdata_0x18001d154,func_pdata_,Y,62,1a,b,0,N,N,0x1ac707eef443f011,32,missing_knowledge
kernel32.dll,0x18001d1c0,func_pdata_0x18001d1c0,func_pdata_,Y,47,9,d,0,N,N,0x400b42e0871037b1,32,missing_knowledge
kernel32.dll,0x18001d210,func_pdata_0x18001d210,func_pdata_,Y,59,19,1,0,N,N,0xdaba295916d68e13,32,missing_knowledge
kernel32.dll,0x18001d270,func_pdata_0x18001d270,func_pdata_,Y,3a,f,4,0,N,N,0x78bb374678215640,32,missing_knowledge
kernel32.dll,0x18001d2b4,func_call_0x18001d2b4,func_call_,Y,51,1a,2,0,N,N,0xe1e2fa875c957f4b,32,missing_knowledge
kernel32.dll,0x18001d310,func_data_0x6442570512,func_data_,Y,0,0,0,0,N,N,0x7f2887fcbaefaf6d,32,discovery_failure
kernel32.dll,0x18001d330,func_data_0x6442570544,func_data_,Y,0,0,0,0,N,N,0x8a5650aebcd02b79,32,discovery_failure
kernel32.dll,0x18001d350,func_pdata_0x18001d350,func_pdata_,Y,44,11,0,0,N,N,0x2007daf979d8bbf4,32,missing_knowledge
kernel32.dll,0x18001d3a0,func_pdata_0x18001d3a0,func_pdata_,Y,3e,10,0,0,N,N,0xef704640927e4d3b,32,missing_knowledge
kernel32.dll,0x18001d3f0,func_data_0x6442570736,func_data_,Y,0,0,0,0,N,N,0xcc12195925b97b0a,32,discovery_failure
kernel32.dll,0x18001d3f3,func_jmp_0x18001d3f3,func_jmp_,Y,4,1,0,0,N,N,0x71c93a9f0f09847c,32,missing_knowledge
kernel32.dll,0x18001d410,func_data_0x6442570768,func_data_,Y,0,0,0,0,N,N,0xac7fd677f223fdd2,32,discovery_failure
kernel32.dll,0x18001d430,func_data_0x6442570800,func_data_,Y,0,0,0,0,N,N,0xb6ceb791f2acb6c1,32,discovery_failure
kernel32.dll,0x18001d450,func_data_0x6442570832,func_data_,Y,0,0,0,0,N,N,0xce605bbbf0cdb182,32,discovery_failure
kernel32.dll,0x18001d470,func_data_0x6442570864,func_data_,Y,0,0,0,0,N,N,0xdd72fa2bdb583add,32,discovery_failure
kernel32.dll,0x18001d484,func_pdata_0x18001d484,func_pdata_,Y,197,6d,1,0,N,N,0x395847ce45211e41,32,missing_knowledge
kernel32.dll,0x18001d630,func_data_0x6442571312,func_data_,Y,0,0,0,0,N,N,0x0d6dd786ed424e8d,32,discovery_failure
kernel32.dll,0x18001d650,func_pdata_0x18001d650,func_pdata_,Y,46,13,0,0,N,N,0xe7f6af8b1dd9042c,32,missing_knowledge
kernel32.dll,0x18001d6a0,func_data_0x6442571424,func_data_,Y,0,0,0,0,N,N,0xba9d5bb582e13602,32,discovery_failure
kernel32.dll,0x18001d6c0,func_data_0x6442571456,func_data_,Y,0,0,0,0,N,N,0x9b0e393c549f8eb9,32,discovery_failure
kernel32.dll,0x18001d6e0,func_pdata_0x18001d6e0,func_pdata_,Y,19,6,0,0,N,N,0x289e16bfdb65e913,32,missing_knowledge
kernel32.dll,0x18001d700,func_data_0x6442571520,func_data_,Y,0,0,0,0,N,N,0xdd07dee209c257e5,32,discovery_failure
kernel32.dll,0x18001d720,func_jmp_0x18001d720,func_jmp_,Y,4,1,0,0,N,N,0x8dc291a94119644c,32,missing_knowledge
kernel32.dll,0x18001d72c,func_pdata_0x18001d72c,func_pdata_,Y,8f,25,1,0,N,N,0x8c936c17bda64713,32,missing_knowledge
kernel32.dll,0x18001d7d0,func_data_0x6442571728,func_data_,Y,0,0,0,0,N,N,0x423757998ac0058a,32,discovery_failure
kernel32.dll,0x18001d7f0,func_pdata_0x18001d7f0,func_pdata_,Y,9f,2c,0,0,N,N,0x95d895361339f218,32,missing_knowledge
kernel32.dll,0x18001d898,func_pdata_0x18001d898,func_pdata_,Y,b7,2c,4,0,N,N,0x64fd10b787c4455e,32,missing_knowledge
kernel32.dll,0x18001d960,func_data_0x6442572128,func_data_,Y,0,0,0,0,N,N,0xa361aae367056613,32,discovery_failure
kernel32.dll,0x18001d974,func_pdata_0x18001d974,func_pdata_,Y,bf,37,2,0,N,N,0x53a84f7068baf5eb,32,missing_knowledge
kernel32.dll,0x18001da40,func_pdata_0x18001da40,func_pdata_,Y,da,3e,0,0,N,N,0x47bdd11402fb527c,32,missing_knowledge
kernel32.dll,0x18001db30,func_data_0x6442572592,func_data_,Y,0,0,0,0,N,N,0x38210fedd8be59c1,32,discovery_failure
kernel32.dll,0x18001db50,func_data_0x6442572624,func_data_,Y,0,0,0,0,N,N,0xeb04419a02ffa404,32,discovery_failure
kernel32.dll,0x18001db70,func_data_0x6442572656,func_data_,Y,0,0,0,0,N,N,0x302a376fbf0cb4d8,32,discovery_failure
kernel32.dll,0x18001db90,func_pdata_0x18001db90,func_pdata_,Y,f9,48,0,0,N,N,0xa8c28da673e6c1e6,32,missing_knowledge
kernel32.dll,0x18001dc90,func_data_0x6442572944,func_data_,Y,0,0,0,0,N,N,0xf98bc16e15fe589b,32,discovery_failure
kernel32.dll,0x18001dcb0,func_data_0x6442572976,func_data_,Y,0,0,0,0,N,N,0x471942282f713dc5,32,discovery_failure
kernel32.dll,0x18001dcd0,func_pdata_0x18001dcd0,func_pdata_,Y,129,41,0,0,N,N,0xc834d49a1f0fa766,32,missing_knowledge
kernel32.dll,0x18001de00,func_pdata_0x18001de00,func_pdata_,Y,6a,14,0,0,N,N,0xf24972785026dfdb,32,missing_knowledge
kernel32.dll,0x18001de80,func_data_0x6442573440,func_data_,Y,0,0,0,0,N,N,0xfebf0605f5aadbff,32,discovery_failure
kernel32.dll,0x18001de94,func_pdata_0x18001de94,func_pdata_,Y,4c,17,6,0,N,N,0xbe4e764729f6f7b0,32,missing_knowledge
kernel32.dll,0x18001def0,func_data_0x6442573552,func_data_,Y,0,0,0,0,N,N,0x08bfa3369b3da797,32,discovery_failure
kernel32.dll,0x18001df10,func_pdata_0x18001df10,func_pdata_,Y,129,4a,1,0,N,N,0xdb520bfff14e4693,32,missing_knowledge
kernel32.dll,0x18001e040,func_pdata_0x18001e040,func_pdata_,Y,210,7e,1,0,N,N,0x6673236e113c86fb,32,missing_knowledge
kernel32.dll,0x18001e260,func_data_0x6442574432,func_data_,Y,0,0,0,0,N,N,0xac5beb5e9331e65a,32,discovery_failure
kernel32.dll,0x18001e280,func_pdata_0x18001e280,func_pdata_,Y,51,12,0,0,N,N,0xbcaf9b0f7697adff,32,missing_knowledge
kernel32.dll,0x18001e2e0,func_data_0x6442574560,func_data_,Y,0,0,0,0,N,N,0xb357bb1ad7bb05e1,32,discovery_failure
kernel32.dll,0x18001e300,func_data_0x6442574592,func_data_,Y,0,0,0,0,N,N,0x33fa8685c05f86e1,32,discovery_failure
kernel32.dll,0x18001e320,func_data_0x6442574624,func_data_,Y,0,0,0,0,N,N,0xc4fcb61ad6373cd9,32,discovery_failure
kernel32.dll,0x18001e340,func_data_0x6442574656,func_data_,Y,0,0,0,0,N,N,0x64d359436a3b39fc,32,discovery_failure
kernel32.dll,0x18001e360,func_data_0x6442574688,func_data_,Y,0,0,0,0,N,N,0x1a0986509f3e7ca6,32,discovery_failure
kernel32.dll,0x18001e380,func_data_0x6442574720,func_data_,Y,0,0,0,0,N,N,0x1b93a0ad94f3f33e,32,discovery_failure
kernel32.dll,0x18001e3a0,func_data_0x6442574752,func_data_,Y,0,0,0,0,N,N,0x1cd90e3e366a7fe7,32,discovery_failure
kernel32.dll,0x18001e3c0,func_data_0x6442574784,func_data_,Y,0,0,0,0,N,N,0xf46b2870e4a84247,32,discovery_failure
kernel32.dll,0x18001e3e0,func_pdata_0x18001e3e0,func_pdata_,Y,10,4,0,0,N,N,0xf2ac9e682bacc1b9,32,missing_knowledge
kernel32.dll,0x18001e420,func_data_0x6442574880,func_data_,Y,0,0,0,0,N,N,0xcc3ac4170b949e01,32,discovery_failure
kernel32.dll,0x18001e434,func_pdata_0x18001e434,func_pdata_,Y,eb,3e,1,0,N,N,0xfe299ccfd0f9e5ec,32,missing_knowledge
kernel32.dll,0x18001e530,func_pdata_0x18001e530,func_pdata_,Y,9d,28,1,0,N,N,0x30ed4f577df369ba,32,missing_knowledge
kernel32.dll,0x18001e5e0,func_data_0x6442575328,func_data_,Y,0,0,0,0,N,N,0x61239e52fe5fed41,32,discovery_failure
kernel32.dll,0x18001e600,func_data_0x6442575360,func_data_,Y,0,0,0,0,N,N,0x7ac32099dc46f9aa,32,discovery_failure
kernel32.dll,0x18001e620,func_data_0x6442575392,func_data_,Y,0,0,0,0,N,N,0x48601f8509d6933b,32,discovery_failure
kernel32.dll,0x18001e640,func_pdata_0x18001e640,func_pdata_,Y,1b,a,0,0,N,N,0x621e4a6153e5fa3b,32,missing_knowledge
kernel32.dll,0x18001e670,func_data_0x6442575472,func_data_,Y,0,0,0,0,N,N,0x660264989516f5aa,32,discovery_failure
kernel32.dll,0x18001e690,func_data_0x6442575504,func_data_,Y,0,0,0,0,N,N,0x3d3e3ef6af5ecb37,32,discovery_failure
kernel32.dll,0x18001e6b0,func_data_0x6442575536,func_data_,Y,0,0,0,0,N,N,0xad8d45fd6f4b1a97,32,discovery_failure
kernel32.dll,0x18001e6d0,func_data_0x6442575568,func_data_,Y,0,0,0,0,N,N,0x81f2adc9708913b4,32,discovery_failure
kernel32.dll,0x18001e6f0,func_pdata_0x18001e6f0,func_pdata_,Y,607,16e,0,0,N,N,0xc925542e111284a2,32,missing_knowledge
kernel32.dll,0x18001ed00,func_pdata_0x18001ed00,func_pdata_,Y,b7,2f,0,0,N,N,0xcc59cc3c263a4f5c,32,missing_knowledge
kernel32.dll,0x18001edc0,func_pdata_0x18001edc0,func_pdata_,Y,8f,25,0,0,N,N,0x1161492d651d1834,32,missing_knowledge
kernel32.dll,0x18001ee58,func_pdata_0x18001ee58,func_pdata_,Y,66,19,2,0,N,N,0xac6adbafaa07a922,32,missing_knowledge
kernel32.dll,0x18001eec8,func_pdata_0x18001eec8,func_pdata_,Y,5e,15,2,0,N,N,0x0deb6cd016a8d032,32,missing_knowledge
kernel32.dll,0x18001ef30,func_pdata_0x18001ef30,func_pdata_,Y,86,22,1,0,N,N,0xb031a9769cd78ac4,32,missing_knowledge
kernel32.dll,0x18001efc0,func_pdata_0x18001efc0,func_pdata_,Y,3f,13,1,0,N,N,0x50b1a63c99cee728,32,missing_knowledge
kernel32.dll,0x18001f008,func_pdata_0x18001f008,func_pdata_,Y,ab,29,3,0,N,N,0xfe48ab5a16e0c7c1,32,missing_knowledge
kernel32.dll,0x18001f0bc,func_pdata_0x18001f0bc,func_pdata_,Y,6e,1b,1,0,N,N,0x30ccbda47b9b59ba,32,missing_knowledge
kernel32.dll,0x18001f140,func_pdata_0x18001f140,func_pdata_,Y,87,1f,0,0,N,N,0x84558ffb04e6c53f,32,missing_knowledge
kernel32.dll,0x18001f1d0,func_pdata_0x18001f1d0,func_pdata_,Y,214,95,1,0,N,N,0x9dcf9613ebbc3f95,32,missing_knowledge
kernel32.dll,0x18001f3f0,func_data_0x6442578928,func_data_,Y,0,0,0,0,N,N,0x99e3060e0a2ab10d,32,discovery_failure
kernel32.dll,0x18001f410,func_data_0x6442578960,func_data_,Y,0,0,0,0,N,N,0x6d3d0bf045871cf5,32,discovery_failure
kernel32.dll,0x18001f430,func_pdata_0x18001f430,func_pdata_,Y,a1,2a,0,0,N,N,0x0370e76571f5ca6b,32,missing_knowledge
kernel32.dll,0x18001f4e0,func_data_0x6442579168,func_data_,Y,0,0,0,0,N,N,0x60173031147bbf9b,32,discovery_failure
kernel32.dll,0x18001f500,func_data_0x6442579200,func_data_,Y,0,0,0,0,N,N,0x88538567ca13cdad,32,discovery_failure
kernel32.dll,0x18001f520,func_pdata_0x18001f520,func_pdata_,Y,108,3a,1,0,N,N,0x7af54dd38bf516b1,32,missing_knowledge
kernel32.dll,0x18001f630,func_pdata_0x18001f630,func_pdata_,Y,c3,35,3,0,N,N,0x7e92bf22b4acaa36,32,missing_knowledge
kernel32.dll,0x18001f700,func_data_0x6442579712,func_data_,Y,0,0,0,0,N,N,0xddcc42ab50b2c9df,32,discovery_failure
kernel32.dll,0x18001f720,func_pdata_0x18001f720,func_pdata_,Y,1f5,7e,0,0,N,N,0xb8d16210a44b8d60,32,missing_knowledge
kernel32.dll,0x18001f91c,func_call_0x18001f91c,func_call_,Y,19,9,6,0,N,N,0x8faf217ebcd31d10,32,missing_knowledge
kernel32.dll,0x18001f937,func_start_0x18001f937,func_start_,Y,2,2,2,0,N,N,0xe378c6bfdebe227e,32,missing_knowledge
kernel32.dll,0x18001f944,func_call_0x18001f944,func_call_,Y,24,c,2,0,N,N,0xac9bec2cfcfa5124,32,missing_knowledge
kernel32.dll,0x18001f970,func_data_0x6442580336,func_data_,Y,0,0,0,0,N,N,0xdb52d3551e27d3bf,32,discovery_failure
kernel32.dll,0x18001f990,func_data_0x6442580368,func_data_,Y,0,0,0,0,N,N,0x37c29aaa959bd355,32,discovery_failure
kernel32.dll,0x18001f9b0,func_data_0x6442580400,func_data_,Y,0,0,0,0,N,N,0xfb72bccfdae83357,32,discovery_failure
kernel32.dll,0x18001f9d0,func_data_0x6442580432,func_data_,Y,0,0,0,0,N,N,0xe91c34d2486657e8,32,discovery_failure
kernel32.dll,0x18001f9f0,func_data_0x6442580464,func_data_,Y,0,0,0,0,N,N,0x6576c5b5a394e338,32,discovery_failure
kernel32.dll,0x18001fa10,func_data_0x6442580496,func_data_,Y,0,0,0,0,N,N,0x0270e1835b61a17d,32,discovery_failure
kernel32.dll,0x18001fa30,func_pdata_0x18001fa30,func_pdata_,Y,1d4,70,0,0,N,N,0x54efdb10cfc563b0,32,missing_knowledge
kernel32.dll,0x18001fc0c,func_pdata_0x18001fc0c,func_pdata_,Y,a2,2d,1,0,N,N,0xdff9251f5ab14c88,32,missing_knowledge
kernel32.dll,0x18001fcc0,func_data_0x6442581184,func_data_,Y,0,0,0,0,N,N,0x375360a9a0101b79,32,discovery_failure
kernel32.dll,0x18001fce0,func_data_0x6442581216,func_data_,Y,0,0,0,0,N,N,0xca7fe15b4303d6ca,32,discovery_failure
kernel32.dll,0x18001fd00,func_data_0x6442581248,func_data_,Y,0,0,0,0,N,N,0x1ae841f8a6463c96,32,discovery_failure
kernel32.dll,0x18001fd20,func_data_0x6442581280,func_data_,Y,0,0,0,0,N,N,0xedc33c41a2be6e8d,32,discovery_failure
kernel32.dll,0x18001fd30,func_data_0x6442581296,func_data_,Y,0,0,0,0,N,N,0x6e3da2741c93f1d2,32,discovery_failure
kernel32.dll,0x18001fd50,func_pdata_0x18001fd50,func_pdata_,Y,14a,4c,0,0,N,N,0xdc6cc53c062dceba,32,missing_knowledge
kernel32.dll,0x18001fee0,func_data_0x6442581728,func_data_,Y,0,0,0,0,N,N,0xf560cf24acc94d2b,32,discovery_failure
kernel32.dll,0x18001ff00,func_data_0x6442581760,func_data_,Y,0,0,0,0,N,N,0xf6314f2803049ace,32,discovery_failure
kernel32.dll,0x18001ff20,func_pdata_0x18001ff20,func_pdata_,Y,81,27,0,0,N,N,0xe0ad6238d1782709,32,missing_knowledge
kernel32.dll,0x18001ffb0,func_data_0x6442581936,func_data_,Y,0,0,0,0,N,N,0xb3988d23e2ea70c6,32,discovery_failure
kernel32.dll,0x18001ffd0,func_data_0x6442581968,func_data_,Y,0,0,0,0,N,N,0x4ccb8fd05eb10b59,32,discovery_failure
kernel32.dll,0x18001fff0,func_data_0x6442582000,func_data_,Y,0,0,0,0,N,N,0x4247da8e327ec823,32,discovery_failure
kernel32.dll,0x180020010,func_pdata_0x180020010,func_pdata_,Y,80,27,0,0,N,N,0x353116ebd8f8e8f8,32,missing_knowledge
kernel32.dll,0x1800200a0,func_data_0x6442582176,func_data_,Y,0,0,0,0,N,N,0x26ff749d15b65fc5,32,discovery_failure
kernel32.dll,0x1800200c0,func_data_0x6442582208,func_data_,Y,0,0,0,0,N,N,0x10e52e890aef90bd,32,discovery_failure
kernel32.dll,0x1800200e0,func_data_0x6442582240,func_data_,Y,0,0,0,0,N,N,0x37c29aaa959bd355,32,discovery_failure
kernel32.dll,0x180020100,func_pdata_0x180020100,func_pdata_,Y,35,c,0,0,N,N,0x49112baccb267f5f,32,missing_knowledge
kernel32.dll,0x180020140,func_data_0x6442582336,func_data_,Y,0,0,0,0,N,N,0x1dccf9b7a817cc06,32,discovery_failure
kernel32.dll,0x180020160,func_data_0x6442582368,func_data_,Y,0,0,0,0,N,N,0x490f2d2a05021ea4,32,discovery_failure
kernel32.dll,0x180020163,func_jmp_0x180020163,func_jmp_,Y,4,1,0,0,N,N,0xd191c7c16bb59d2a,32,missing_knowledge
kernel32.dll,0x180020180,func_data_0x6442582400,func_data_,Y,0,0,0,0,N,N,0xf825467c172ae060,32,discovery_failure
kernel32.dll,0x1800201a0,func_pdata_0x1800201a0,func_pdata_,Y,2c,b,3,0,N,N,0xb97fc170d9c0319c,32,missing_knowledge
kernel32.dll,0x1800201e0,func_data_0x6442582496,func_data_,Y,0,0,0,0,N,N,0x26fb811352761334,32,discovery_failure
kernel32.dll,0x180020200,func_data_0x6442582528,func_data_,Y,0,0,0,0,N,N,0xf628fd4be943e622,32,discovery_failure
kernel32.dll,0x180020220,func_data_0x6442582560,func_data_,Y,0,0,0,0,N,N,0xe23c09404e1a8b4f,32,discovery_failure
kernel32.dll,0x180020240,func_pdata_0x180020240,func_pdata_,Y,27,b,0,0,N,N,0xb28d656778832f4b,32,missing_knowledge
kernel32.dll,0x180020270,func_data_0x6442582640,func_data_,Y,0,0,0,0,N,N,0x4521f4a22e2fedc3,32,discovery_failure
kernel32.dll,0x180020273,func_jmp_0x180020273,func_jmp_,Y,4,1,0,0,N,N,0xe2ac47396574ca7f,32,missing_knowledge
kernel32.dll,0x180020290,func_data_0x6442582672,func_data_,Y,0,0,0,0,N,N,0xa508e93e91176715,32,discovery_failure
kernel32.dll,0x1800202b0,func_pdata_0x1800202b0,func_pdata_,Y,67,17,0,0,N,N,0xd8f20b49055dbad5,32,missing_knowledge
kernel32.dll,0x180020320,func_pdata_0x180020320,func_pdata_,Y,58,18,a,0,N,N,0x47bdc10fc23431db,32,missing_knowledge
kernel32.dll,0x180020380,func_data_0x6442582912,func_data_,Y,0,0,0,0,N,N,0x249d0ffdc47104b0,32,discovery_failure
kernel32.dll,0x1800203a0,func_data_0x6442582944,func_data_,Y,0,0,0,0,N,N,0x1575688cd8b3bee2,32,discovery_failure
kernel32.dll,0x1800203c0,func_data_0x6442582976,func_data_,Y,0,0,0,0,N,N,0xaa462c57ed4df784,32,discovery_failure
kernel32.dll,0x1800203e0,func_data_0x6442583008,func_data_,Y,0,0,0,0,N,N,0x5ed239ea3f6ea744,32,discovery_failure
kernel32.dll,0x180020400,func_pdata_0x180020400,func_pdata_,Y,28,e,0,0,N,N,0x85505e9730b8b319,32,missing_knowledge
kernel32.dll,0x180020430,func_pdata_0x180020430,func_pdata_,Y,ad,25,0,0,N,N,0x85f50f39313d1c48,32,missing_knowledge
kernel32.dll,0x1800204f0,func_data_0x6442583280,func_data_,Y,0,0,0,0,N,N,0x3cd8e05a9f61489a,32,discovery_failure
kernel32.dll,0x180020510,func_data_0x6442583312,func_data_,Y,0,0,0,0,N,N,0x031d45013270fa32,32,discovery_failure
kernel32.dll,0x180020530,func_data_0x6442583344,func_data_,Y,0,0,0,0,N,N,0x8dee030b5ddb9f91,32,discovery_failure
kernel32.dll,0x180020550,func_data_0x6442583376,func_data_,Y,0,0,0,0,N,N,0xac04317a57761f81,32,discovery_failure
kernel32.dll,0x180020570,func_data_0x6442583408,func_data_,Y,0,0,0,0,N,N,0xdb351d46c0c85f60,32,discovery_failure
kernel32.dll,0x180020590,func_data_0x6442583440,func_data_,Y,0,0,0,0,N,N,0x4f9d85aa109acf47,32,discovery_failure
kernel32.dll,0x1800205b0,func_data_0x6442583472,func_data_,Y,0,0,0,0,N,N,0x7e2be91399ac62f5,32,discovery_failure
kernel32.dll,0x1800205c4,func_pdata_0x1800205c4,func_pdata_,Y,10a,45,1,0,N,N,0x3bea144bc30dd2ae,32,missing_knowledge
kernel32.dll,0x1800206e0,func_pdata_0x1800206e0,func_pdata_,Y,2e,a,0,0,N,N,0x9272e4a372d2624f,32,missing_knowledge
kernel32.dll,0x180020720,func_data_0x6442583840,func_data_,Y,0,0,0,0,N,N,0x2f3a785b0b91d2c4,32,discovery_failure
kernel32.dll,0x180020740,func_data_0x6442583872,func_data_,Y,0,0,0,0,N,N,0x436545025207b187,32,discovery_failure
kernel32.dll,0x180020760,func_data_0x6442583904,func_data_,Y,0,0,0,0,N,N,0xb8539d6528a062ec,32,discovery_failure
kernel32.dll,0x180020780,func_data_0x6442583936,func_data_,Y,0,0,0,0,N,N,0xae45f7001098e510,32,discovery_failure
kernel32.dll,0x1800207a0,func_data_0x6442583968,func_data_,Y,0,0,0,0,N,N,0x440519e76887e74c,32,discovery_failure
kernel32.dll,0x1800207c0,func_data_0x6442584000,func_data_,Y,0,0,0,0,N,N,0x440519e76887e74c,32,discovery_failure
kernel32.dll,0x1800207e0,func_data_0x6442584032,func_data_,Y,0,0,0,0,N,N,0x0cf6a8357031b97f,32,discovery_failure
kernel32.dll,0x180020830,func_data_0x6442584112,func_data_,Y,0,0,0,0,N,N,0xbcd4e5299310eec1,32,discovery_failure
kernel32.dll,0x180020850,func_data_0x6442584144,func_data_,Y,0,0,0,0,N,N,0xf166c9f617e63496,32,discovery_failure
kernel32.dll,0x180020870,func_data_0x6442584176,func_data_,Y,0,0,0,0,N,N,0x732dfe82c4db2482,32,discovery_failure
kernel32.dll,0x1800208b0,func_data_0x6442584240,func_data_,Y,0,0,0,0,N,N,0x311a9021c655792f,32,discovery_failure
kernel32.dll,0x1800208d0,func_data_0x6442584272,func_data_,Y,0,0,0,0,N,N,0xbcd4e5299310eec1,32,discovery_failure
kernel32.dll,0x1800208f0,func_pdata_0x1800208f0,func_pdata_,Y,38,10,0,0,N,N,0x3f952a553dd8a61d,32,missing_knowledge
kernel32.dll,0x180020930,func_pdata_0x180020930,func_pdata_,Y,3b,10,0,0,N,N,0xb03cd8a61b8de46a,32,missing_knowledge
kernel32.dll,0x180020980,func_data_0x6442584448,func_data_,Y,0,0,0,0,N,N,0xb5d605f2f7143950,32,discovery_failure
kernel32.dll,0x1800209a0,func_data_0x6442584480,func_data_,Y,0,0,0,0,N,N,0xc64243a8ed541c20,32,discovery_failure
kernel32.dll,0x1800209c0,func_data_0x6442584512,func_data_,Y,0,0,0,0,N,N,0x96be83f2d3e724f5,32,discovery_failure
kernel32.dll,0x1800209e0,func_data_0x6442584544,func_data_,Y,0,0,0,0,N,N,0x3a53131d7a2b6684,32,discovery_failure
kernel32.dll,0x180020a00,func_data_0x6442584576,func_data_,Y,0,0,0,0,N,N,0x25fa8704b026e765,32,discovery_failure
kernel32.dll,0x180020a20,func_data_0x6442584608,func_data_,Y,0,0,0,0,N,N,0xb68abe0dcbdb8792,32,discovery_failure
kernel32.dll,0x180020a40,func_data_0x6442584640,func_data_,Y,0,0,0,0,N,N,0xbbff404b769f187d,32,discovery_failure
kernel32.dll,0x180020a60,func_data_0x6442584672,func_data_,Y,0,0,0,0,N,N,0x3be68675d6862731,32,discovery_failure
kernel32.dll,0x180020a80,func_data_0x6442584704,func_data_,Y,0,0,0,0,N,N,0x45e2ecb883f1a850,32,discovery_failure
kernel32.dll,0x180020aa0,func_data_0x6442584736,func_data_,Y,0,0,0,0,N,N,0x40e653f8e55fa36d,32,discovery_failure
kernel32.dll,0x180020ac0,func_data_0x6442584768,func_data_,Y,0,0,0,0,N,N,0x61f243204df90cdd,32,discovery_failure
kernel32.dll,0x180020ae0,func_pdata_0x180020ae0,func_pdata_,Y,38,10,0,0,N,N,0x99aa9858461b689e,32,missing_knowledge
kernel32.dll,0x180020b20,func_data_0x6442584864,func_data_,Y,0,0,0,0,N,N,0xef10fb89d815a330,32,discovery_failure
kernel32.dll,0x180020b40,func_data_0x6442584896,func_data_,Y,0,0,0,0,N,N,0x0bfd640c962149be,32,discovery_failure
kernel32.dll,0x180020b60,func_data_0x6442584928,func_data_,Y,0,0,0,0,N,N,0x1dccf9b7a817cc06,32,discovery_failure
kernel32.dll,0x180020b80,func_data_0x6442584960,func_data_,Y,0,0,0,0,N,N,0x34eab48f1b9c361e,32,discovery_failure
kernel32.dll,0x180020ba0,func_data_0x6442584992,func_data_,Y,0,0,0,0,N,N,0x72dfc979ba840c4b,32,discovery_failure
kernel32.dll,0x180020bc0,func_data_0x6442585024,func_data_,Y,0,0,0,0,N,N,0x6e29c5fe4198d9d0,32,discovery_failure
kernel32.dll,0x180020be0,func_data_0x6442585056,func_data_,Y,0,0,0,0,N,N,0x2975b682fd102429,32,discovery_failure
kernel32.dll,0x180020c00,func_data_0x6442585088,func_data_,Y,0,0,0,0,N,N,0x95fee2f6ca952df0,32,discovery_failure
kernel32.dll,0x180020c20,func_data_0x6442585120,func_data_,Y,0,0,0,0,N,N,0xbe07f396a334e7d4,32,discovery_failure
kernel32.dll,0x180020c40,func_data_0x6442585152,func_data_,Y,0,0,0,0,N,N,0x6e6d70519488b3db,32,discovery_failure
kernel32.dll,0x180020c60,func_pdata_0x180020c60,func_pdata_,Y,94,2e,0,0,N,N,0xb98712f9fb7d20b6,32,missing_knowledge
kernel32.dll,0x180020d00,func_data_0x6442585344,func_data_,Y,0,0,0,0,N,N,0x0bef1d63af3860d9,32,discovery_failure
kernel32.dll,0x180020d20,func_data_0x6442585376,func_data_,Y,0,0,0,0,N,N,0x66bdb50027ff2bf2,32,discovery_failure
kernel32.dll,0x180020d40,func_data_0x6442585408,func_data_,Y,0,0,0,0,N,N,0x54259465e898f91d,32,discovery_failure
kernel32.dll,0x180020d60,func_pdata_0x180020d60,func_pdata_,Y,2b,a,0,0,N,N,0x2446d88183b69a15,32,missing_knowledge
kernel32.dll,0x180020da0,func_pdata_0x180020da0,func_pdata_,Y,a0,32,0,0,N,N,0xd8bc66b122468b70,32,missing_knowledge
kernel32.dll,0x180020e50,func_data_0x6442585680,func_data_,Y,0,0,0,0,N,N,0x6c5d6c7a4395b175,32,discovery_failure
kernel32.dll,0x180020e70,func_data_0x6442585712,func_data_,Y,0,0,0,0,N,N,0xafebb1ebf0c7f504,32,discovery_failure
kernel32.dll,0x180020e90,func_data_0x6442585744,func_data_,Y,0,0,0,0,N,N,0x35e11ea471810971,32,discovery_failure
kernel32.dll,0x180020eb0,func_data_0x6442585776,func_data_,Y,0,0,0,0,N,N,0x03bc35a6e60ba70e,32,discovery_failure
kernel32.dll,0x180020ed0,func_data_0x6442585808,func_data_,Y,0,0,0,0,N,N,0xd6ecfcce7a48100d,32,discovery_failure
kernel32.dll,0x180020ef0,func_data_0x6442585840,func_data_,Y,0,0,0,0,N,N,0xcae432888f950295,32,discovery_failure
kernel32.dll,0x180020f10,func_data_0x6442585872,func_data_,Y,0,0,0,0,N,N,0x6eacdb3f6da30b93,32,discovery_failure
kernel32.dll,0x180020f30,func_data_0x6442585904,func_data_,Y,0,0,0,0,N,N,0xf54e8f667823dac5,32,discovery_failure
kernel32.dll,0x180020f50,func_data_0x6442585936,func_data_,Y,0,0,0,0,N,N,0x0be64702c4dc16bc,32,discovery_failure
kernel32.dll,0x180020f70,func_pdata_0x180020f70,func_pdata_,Y,32,e,0,0,N,N,0xa0d7f983535e856d,32,missing_knowledge
kernel32.dll,0x180020fb0,func_data_0x6442586032,func_data_,Y,0,0,0,0,N,N,0x7a116961531056ec,32,discovery_failure
kernel32.dll,0x180020fd0,func_data_0x6442586064,func_data_,Y,0,0,0,0,N,N,0x5d580c81c919a937,32,discovery_failure
kernel32.dll,0x180020ff0,func_data_0x6442586096,func_data_,Y,0,0,0,0,N,N,0xf48b09cdb44a938e,32,discovery_failure
kernel32.dll,0x180021010,func_pdata_0x180021010,func_pdata_,Y,7d,23,0,0,N,N,0x0fcbd6df29f5eb9e,32,missing_knowledge
kernel32.dll,0x1800210a0,func_jmp_0x1800210a0,func_jmp_,Y,4,1,0,0,N,N,0x662f5bee0070b31d,32,missing_knowledge
kernel32.dll,0x1800210ac,func_pdata_0x1800210ac,func_pdata_,Y,1c0,60,1,0,N,N,0x48d4b72191c67377,32,missing_knowledge
kernel32.dll,0x180021280,func_data_0x6442586752,func_data_,Y,0,0,0,0,N,N,0xa8a47a054a7d0a85,32,discovery_failure
kernel32.dll,0x1800212a0,func_start_0x1800212a0,func_start_,Y,2,2,0,0,N,N,0x12adf351c4d8e307,32,missing_knowledge
kernel32.dll,0x1800212b0,func_data_0x6442586800,func_data_,Y,0,0,0,0,N,N,0x4d6dada6509bac33,32,discovery_failure
kernel32.dll,0x1800212d0,func_data_0x6442586832,func_data_,Y,0,0,0,0,N,N,0x281824595831449a,32,discovery_failure
kernel32.dll,0x1800212f0,func_data_0x6442586864,func_data_,Y,0,0,0,0,N,N,0x85e7f88fd9861b48,32,discovery_failure
kernel32.dll,0x180021310,func_data_0x6442586896,func_data_,Y,0,0,0,0,N,N,0x3e5316b31bfd2716,32,discovery_failure
kernel32.dll,0x180021330,func_data_0x6442586928,func_data_,Y,0,0,0,0,N,N,0xdcd9d63f538a4a87,32,discovery_failure
kernel32.dll,0x180021350,func_data_0x6442586960,func_data_,Y,0,0,0,0,N,N,0x6353c9b59b183193,32,discovery_failure
kernel32.dll,0x180021370,func_pdata_0x180021370,func_pdata_,Y,10,4,0,0,N,N,0xc5a0a96847ab038e,32,missing_knowledge
kernel32.dll,0x1800213b0,func_data_0x6442587056,func_data_,Y,0,0,0,0,N,N,0xf166c9f617e63496,32,discovery_failure
kernel32.dll,0x1800213d0,func_pdata_0x1800213d0,func_pdata_,Y,27,b,0,0,N,N,0xd917b1475004dea9,32,missing_knowledge
kernel32.dll,0x180021400,func_data_0x6442587136,func_data_,Y,0,0,0,0,N,N,0x02d763287f42da6b,32,discovery_failure
kernel32.dll,0x180021420,func_data_0x6442587168,func_data_,Y,0,0,0,0,N,N,0xb5762443797bf7fd,32,discovery_failure
kernel32.dll,0x180021440,func_data_0x6442587200,func_data_,Y,0,0,0,0,N,N,0x349f8727ab1a8a04,32,discovery_failure
kernel32.dll,0x180021460,func_pdata_0x180021460,func_pdata_,Y,29,c,0,0,N,N,0xeb6f72661786d275,32,missing_knowledge
kernel32.dll,0x180021490,func_data_0x6442587280,func_data_,Y,0,0,0,0,N,N,0x789cd032553e7c26,32,discovery_failure
kernel32.dll,0x1800214b0,func_data_0x6442587312,func_data_,Y,0,0,0,0,N,N,0x30a75447fd940b53,32,discovery_failure
kernel32.dll,0x1800214d0,func_data_0x6442587344,func_data_,Y,0,0,0,0,N,N,0x13a4a3b4e24d69f7,32,discovery_failure
kernel32.dll,0x1800214f0,func_pdata_0x1800214f0,func_pdata_,Y,2f,d,0,0,N,N,0xf3972109e41f17c9,32,missing_knowledge
kernel32.dll,0x180021530,func_pdata_0x180021530,func_pdata_,Y,24,9,0,0,N,N,0x3600ae6c8e59da3f,32,missing_knowledge
kernel32.dll,0x180021560,func_data_0x6442587488,func_data_,Y,0,0,0,0,N,N,0xc8191a3e0c5a4687,32,discovery_failure
kernel32.dll,0x180021580,func_data_0x6442587520,func_data_,Y,0,0,0,0,N,N,0x3d034f0eca7ad176,32,discovery_failure
kernel32.dll,0x1800215a0,func_data_0x6442587552,func_data_,Y,0,0,0,0,N,N,0x8f2df89a12328999,32,discovery_failure
kernel32.dll,0x1800215a3,func_jmp_0x1800215a3,func_jmp_,Y,4,1,0,0,N,N,0xf6634efacbb996e9,32,missing_knowledge
kernel32.dll,0x1800215c0,func_data_0x6442587584,func_data_,Y,0,0,0,0,N,N,0xe5d7738eb8b28241,32,discovery_failure
kernel32.dll,0x1800215e0,func_data_0x6442587616,func_data_,Y,0,0,0,0,N,N,0x4b93528cf93e5e59,32,discovery_failure
kernel32.dll,0x180021600,func_data_0x6442587648,func_data_,Y,0,0,0,0,N,N,0xdc25e34a7c772458,32,discovery_failure
kernel32.dll,0x180021620,func_data_0x6442587680,func_data_,Y,0,0,0,0,N,N,0x194444a3c67fa5be,32,discovery_failure
kernel32.dll,0x180021630,func_pdata_0x180021630,func_pdata_,Y,29,c,0,0,N,N,0x94a0d771ee7266ac,32,missing_knowledge
kernel32.dll,0x180021660,func_data_0x6442587744,func_data_,Y,0,0,0,0,N,N,0x789cd032553e7c26,32,discovery_failure
kernel32.dll,0x180021680,func_data_0x6442587776,func_data_,Y,0,0,0,0,N,N,0xdc25e34a7c772458,32,discovery_failure
kernel32.dll,0x1800216a0,func_data_0x6442587808,func_data_,Y,0,0,0,0,N,N,0x6fb753352a55ad47,32,discovery_failure
kernel32.dll,0x1800216c0,func_data_0x6442587840,func_data_,Y,0,0,0,0,N,N,0x0c9f7d835f403ae6,32,discovery_failure
kernel32.dll,0x1800216e0,func_data_0x6442587872,func_data_,Y,0,0,0,0,N,N,0x03a91ec6c0d44e7d,32,discovery_failure
kernel32.dll,0x180021700,func_data_0x6442587904,func_data_,Y,0,0,0,0,N,N,0xb27c1b3b9f1a54c8,32,discovery_failure
kernel32.dll,0x180021720,func_data_0x6442587936,func_data_,Y,0,0,0,0,N,N,0x2d995f8b84d2b55e,32,discovery_failure
kernel32.dll,0x180021730,func_data_0x6442587952,func_data_,Y,0,0,0,0,N,N,0x3a53131d7a2b6684,32,discovery_failure
kernel32.dll,0x180021760,func_data_0x6442588000,func_data_,Y,0,0,0,0,N,N,0xa113ed93461f0cb3,32,discovery_failure
kernel32.dll,0x180021770,func_data_0x6442588016,func_data_,Y,0,0,0,0,N,N,0xbff46c56bf75db75,32,discovery_failure
kernel32.dll,0x180021780,func_data_0x6442588032,func_data_,Y,0,0,0,0,N,N,0x54d0570aac283715,32,discovery_failure
kernel32.dll,0x180021790,func_data_0x6442588048,func_data_,Y,0,0,0,0,N,N,0xa9748ab544da4781,32,discovery_failure
kernel32.dll,0x1800217a0,func_data_0x6442588064,func_data_,Y,0,0,0,0,N,N,0x4b22f681e9bfaa35,32,discovery_failure
kernel32.dll,0x1800217b0,func_data_0x6442588080,func_data_,Y,0,0,0,0,N,N,0xe4173ef3c0d6929f,32,discovery_failure
kernel32.dll,0x1800217e0,func_data_0x6442588128,func_data_,Y,0,0,0,0,N,N,0x5873ffb2dc1f25e3,32,discovery_failure
kernel32.dll,0x1800217e7,func_start_0x1800217e7,func_start_,Y,2,2,0,0,N,N,0xc14f15441f310d1f,32,missing_knowledge
kernel32.dll,0x180021800,func_pdata_0x180021800,func_pdata_,Y,ea,3a,0,0,N,N,0xf608728d135899cf,32,missing_knowledge
kernel32.dll,0x180021900,func_data_0x6442588416,func_data_,Y,0,0,0,0,N,N,0x654c89cdf3682c76,32,discovery_failure
kernel32.dll,0x180021920,func_pdata_0x180021920,func_pdata_,Y,26,c,0,0,N,N,0xcc2cadab09f9e238,32,missing_knowledge
kernel32.dll,0x180021950,func_pdata_0x180021950,func_pdata_,Y,75,21,0,0,N,N,0xe3a9f6779f8acf66,32,missing_knowledge
kernel32.dll,0x1800219d0,func_data_0x6442588624,func_data_,Y,0,0,0,0,N,N,0x0dba378ec7c61ea1,32,discovery_failure
kernel32.dll,0x180021a00,func_pdata_0x180021a00,func_pdata_,Y,1d4,6d,0,0,N,N,0x1c2ab0398d7ff569,32,missing_knowledge
kernel32.dll,0x180021bdc,func_pdata_0x180021bdc,func_pdata_,Y,97,26,6,0,N,N,0x28b5ed8594abfc73,32,missing_knowledge
kernel32.dll,0x180021c80,func_data_0x6442589312,func_data_,Y,0,0,0,0,N,N,0x7d81e3cb57ef0162,32,discovery_failure
kernel32.dll,0x180021ca0,func_pdata_0x180021ca0,func_pdata_,Y,22f,82,0,0,N,N,0x00e447b9e314dc1f,32,missing_knowledge
kernel32.dll,0x180021ee0,func_data_0x6442589920,func_data_,Y,0,0,0,0,N,N,0x909579f99e2a6b09,32,discovery_failure
kernel32.dll,0x180021f00,func_pdata_0x180021f00,func_pdata_,Y,21f,80,0,0,N,N,0xa0bf990fe42ae7f8,32,missing_knowledge
kernel32.dll,0x180022130,func_data_0x6442590512,func_data_,Y,0,0,0,0,N,N,0x944729c13dd8dcf1,32,discovery_failure
kernel32.dll,0x180022150,func_data_0x6442590544,func_data_,Y,0,0,0,0,N,N,0xa1b2aac245e49e27,32,discovery_failure
kernel32.dll,0x180022170,func_data_0x6442590576,func_data_,Y,0,0,0,0,N,N,0xf7dec182181036e6,32,discovery_failure
kernel32.dll,0x180022190,func_pdata_0x180022190,func_pdata_,Y,1f,a,0,0,N,N,0x66f4fbbab18cbb27,32,missing_knowledge
kernel32.dll,0x1800221c0,func_pdata_0x1800221c0,func_pdata_,Y,71,1d,0,0,N,N,0x83c4c6912c60a67a,32,missing_knowledge
kernel32.dll,0x180022240,func_data_0x6442590784,func_data_,Y,0,0,0,0,N,N,0x989aaf85a7938eac,32,discovery_failure
kernel32.dll,0x180022260,func_data_0x6442590816,func_data_,Y,0,0,0,0,N,N,0xcb173799cac2d9e4,32,discovery_failure
kernel32.dll,0x180022280,func_data_0x6442590848,func_data_,Y,0,0,0,0,N,N,0xee64dadc0501aade,32,discovery_failure
kernel32.dll,0x1800222a0,func_data_0x6442590880,func_data_,Y,0,0,0,0,N,N,0x23e245d3b551dc6e,32,discovery_failure
kernel32.dll,0x1800222c0,func_data_0x6442590912,func_data_,Y,0,0,0,0,N,N,0x46e2112cb75e2bc9,32,discovery_failure
kernel32.dll,0x1800222e0,func_pdata_0x1800222e0,func_pdata_,Y,d2,33,0,0,N,N,0xd340f1ed50ed978c,32,missing_knowledge
kernel32.dll,0x1800223c0,func_data_0x6442591168,func_data_,Y,0,0,0,0,N,N,0x48968160d0d9930a,32,discovery_failure
kernel32.dll,0x1800223e0,func_data_0x6442591200,func_data_,Y,0,0,0,0,N,N,0xb0cec78602859730,32,discovery_failure
kernel32.dll,0x180022400,func_pdata_0x180022400,func_pdata_,Y,60,1b,0,0,N,N,0x3cd45e391d77de5e,32,missing_knowledge
kernel32.dll,0x180022470,func_data_0x6442591344,func_data_,Y,0,0,0,0,N,N,0xa7df4c3192175d46,32,discovery_failure
kernel32.dll,0x180022490,func_pdata_0x180022490,func_pdata_,Y,32,d,0,0,N,N,0x925f2f20a12ee9f6,32,missing_knowledge
kernel32.dll,0x1800224d0,func_data_0x6442591440,func_data_,Y,0,0,0,0,N,N,0xf3eb96b90379f9ed,32,discovery_failure
kernel32.dll,0x1800224f0,func_data_0x6442591472,func_data_,Y,0,0,0,0,N,N,0x614f6d7479ee6c9b,32,discovery_failure
kernel32.dll,0x180022510,func_data_0x6442591504,func_data_,Y,0,0,0,0,N,N,0xb09b0eacc95be6e9,32,discovery_failure
kernel32.dll,0x180022530,func_data_0x6442591536,func_data_,Y,0,0,0,0,N,N,0xe94a34293beaf42a,32,discovery_failure
kernel32.dll,0x180022550,func_data_0x6442591568,func_data_,Y,0,0,0,0,N,N,0x5d89948a2e8e808c,32,discovery_failure
kernel32.dll,0x180022570,func_data_0x6442591600,func_data_,Y,0,0,0,0,N,N,0x0c14e4ac045fea19,32,discovery_failure
kernel32.dll,0x180022590,func_data_0x6442591632,func_data_,Y,0,0,0,0,N,N,0xa29c8702e2d0f581,32,discovery_failure
kernel32.dll,0x1800225b0,func_data_0x6442591664,func_data_,Y,0,0,0,0,N,N,0x202b0e7da81b1482,32,discovery_failure
kernel32.dll,0x1800225b3,func_jmp_0x1800225b3,func_jmp_,Y,4,1,0,0,N,N,0x4568dba03e64dad4,32,missing_knowledge
kernel32.dll,0x1800225d0,func_data_0x6442591696,func_data_,Y,0,0,0,0,N,N,0x192b9d52d1aa2a1f,32,discovery_failure
kernel32.dll,0x1800225f0,func_data_0x6442591728,func_data_,Y,0,0,0,0,N,N,0x90ff0a9617e1ae25,32,discovery_failure
kernel32.dll,0x180022610,func_data_0x6442591760,func_data_,Y,0,0,0,0,N,N,0x4fabeef6427f6c35,32,discovery_failure
kernel32.dll,0x180022630,func_pdata_0x180022630,func_pdata_,Y,139,52,0,0,N,N,0x3e7e43d7ed85a96d,32,missing_knowledge
kernel32.dll,0x180022770,func_pdata_0x180022770,func_pdata_,Y,13e,53,1,0,N,N,0xc1dc9e66fda964d8,32,missing_knowledge
kernel32.dll,0x1800228c0,func_pdata_0x1800228c0,func_pdata_,Y,9a,1f,0,0,N,N,0x1bd4594f1ffeda61,32,missing_knowledge
kernel32.dll,0x180022970,func_data_0x6442592624,func_data_,Y,0,0,0,0,N,N,0x260bc9bc57729cf0,32,discovery_failure
kernel32.dll,0x180022990,func_data_0x6442592656,func_data_,Y,0,0,0,0,N,N,0x96eaa427cc09bc00,32,discovery_failure
kernel32.dll,0x1800229b0,func_data_0x6442592688,func_data_,Y,0,0,0,0,N,N,0xa0672f10bc48a663,32,discovery_failure
kernel32.dll,0x1800229d0,func_pdata_0x1800229d0,func_pdata_,Y,11f,4c,1,0,N,N,0xb175dcc48b268f49,32,missing_knowledge
kernel32.dll,0x180022b00,func_pdata_0x180022b00,func_pdata_,Y,52,16,0,0,N,N,0x0b3b1640515b2900,32,missing_knowledge
kernel32.dll,0x180022b60,func_pdata_0x180022b60,func_pdata_,Y,63,19,0,0,N,N,0x6f6f685d1316d4ca,32,missing_knowledge
kernel32.dll,0x180022bd0,func_pdata_0x180022bd0,func_pdata_,Y,23,8,0,0,N,N,0xad6e4c4d23073db9,32,missing_knowledge
kernel32.dll,0x180022c00,func_data_0x6442593280,func_data_,Y,0,0,0,0,N,N,0x41df8be463b55c1e,32,discovery_failure
kernel32.dll,0x180022c14,func_pdata_0x180022c14,func_pdata_,Y,22e,9c,1,0,N,N,0x5af77aa76bb0c24d,32,missing_knowledge
kernel32.dll,0x180022e4c,func_pdata_0x180022e4c,func_pdata_,Y,3eb,118,2,0,N,N,0xdb060b354a023d0c,32,missing_knowledge
kernel32.dll,0x180023240,func_pdata_0x180023240,func_pdata_,Y,14f,60,3,0,N,N,0x1dab00f56b67efc8,32,missing_knowledge
kernel32.dll,0x180023398,func_pdata_0x180023398,func_pdata_,Y,e8,3c,5,0,N,N,0xdfa35f1716c73f88,32,missing_knowledge
kernel32.dll,0x180023488,func_call_0x180023488,func_call_,Y,1c,8,2,0,N,N,0x57df53a87c0682e6,32,missing_knowledge
kernel32.dll,0x1800234c0,func_pdata_0x1800234c0,func_pdata_,Y,93,2b,0,0,N,N,0x26f033b047b15072,32,missing_knowledge
kernel32.dll,0x18002355c,func_pdata_0x18002355c,func_pdata_,Y,101,46,2,0,N,N,0x3137f23a5116e55e,32,missing_knowledge
kernel32.dll,0x180023664,func_pdata_0x180023664,func_pdata_,Y,8b,30,4,0,N,N,0x4cd9ac9256d958c4,32,missing_knowledge
kernel32.dll,0x180023700,func_pdata_0x180023700,func_pdata_,Y,575,142,2,0,N,N,0x729869b2df367fb8,32,missing_knowledge
kernel32.dll,0x180023c7c,func_pdata_0x180023c7c,func_pdata_,Y,1e3,73,1,0,N,N,0x16c8d542aade2a1d,32,missing_knowledge
kernel32.dll,0x180023e68,func_pdata_0x180023e68,func_pdata_,Y,20a,74,1,0,N,N,0x3a605f81a70a9c55,32,missing_knowledge
kernel32.dll,0x180024080,func_data_0x6442598528,func_data_,Y,0,0,0,0,N,N,0x5ce8c1e6d407e504,32,discovery_failure
kernel32.dll,0x1800240a0,func_pdata_0x1800240a0,func_pdata_,Y,3b,10,0,0,N,N,0x771d85ea6bf4a9f6,32,missing_knowledge
kernel32.dll,0x1800240f0,func_pdata_0x1800240f0,func_pdata_,Y,b0,2e,0,0,N,N,0xcafb7664bb0b95f2,32,missing_knowledge
kernel32.dll,0x1800241b0,func_data_0x6442598832,func_data_,Y,0,0,0,0,N,N,0xf7447a684db4bba4,32,discovery_failure
kernel32.dll,0x1800241d0,func_pdata_0x1800241d0,func_pdata_,Y,138,51,0,0,N,N,0x3e7ea3d7ed864c8d,32,missing_knowledge
kernel32.dll,0x180024310,func_pdata_0x180024310,func_pdata_,Y,18d,5f,0,0,N,N,0xe74b58e5247dc465,32,missing_knowledge
kernel32.dll,0x1800244b0,func_pdata_0x1800244b0,func_pdata_,Y,7b,1f,1,0,N,N,0x45f5b08fffbdee63,32,missing_knowledge
kernel32.dll,0x180024540,func_data_0x6442599744,func_data_,Y,0,0,0,0,N,N,0xbe8bace8c5dd6b7b,32,discovery_failure
kernel32.dll,0x180024560,func_data_0x6442599776,func_data_,Y,0,0,0,0,N,N,0x03dc5d387542446d,32,discovery_failure
kernel32.dll,0x180024580,func_data_0x6442599808,func_data_,Y,0,0,0,0,N,N,0x94a6c928fcf18d0f,32,discovery_failure
kernel32.dll,0x1800245a0,func_pdata_0x1800245a0,func_pdata_,Y,22,8,0,0,N,N,0x04397c13e9585496,32,missing_knowledge
kernel32.dll,0x1800245d0,func_data_0x6442599888,func_data_,Y,0,0,0,0,N,N,0x264994d2f6b566e4,32,discovery_failure
kernel32.dll,0x1800245f0,func_data_0x6442599920,func_data_,Y,0,0,0,0,N,N,0x90c8b9e7beb27f19,32,discovery_failure
kernel32.dll,0x180024610,func_data_0x6442599952,func_data_,Y,0,0,0,0,N,N,0xc328fef1628cb8e1,32,discovery_failure
kernel32.dll,0x180024630,func_data_0x6442599984,func_data_,Y,0,0,0,0,N,N,0xae06d186f6d6fcfb,32,discovery_failure
kernel32.dll,0x180024650,func_data_0x6442600016,func_data_,Y,0,0,0,0,N,N,0x3fec85afc1eb071c,32,discovery_failure
kernel32.dll,0x180024670,func_data_0x6442600048,func_data_,Y,0,0,0,0,N,N,0x88388aa8087e7603,32,discovery_failure
kernel32.dll,0x180024690,func_data_0x6442600080,func_data_,Y,0,0,0,0,N,N,0xc8cad368e958cf18,32,discovery_failure
kernel32.dll,0x1800246b0,__security_check_cookie,named,N,1d,8,ff,0,N,N,0x75eda4a1ad8b3eb1,32,named
kernel32.dll,0x1800246d4,func_pdata_0x1800246d4,func_pdata_,Y,17,7,1,0,N,N,0x17363f4640aa8b1f,32,missing_knowledge
kernel32.dll,0x1800246f4,func_pdata_0x1800246f4,func_pdata_,Y,1a,6,1,0,N,N,0x60da23817d1220f0,32,missing_knowledge
kernel32.dll,0x180024720,func_pdata_0x180024720,func_pdata_,Y,147,39,1,0,N,Y,0xf349da5f4a41762a,32,propagation_failure
kernel32.dll,0x180024870,func_pdata_0x180024870,func_pdata_,Y,12,5,2,0,N,N,0xce0496469cb29a98,32,missing_knowledge
kernel32.dll,0x18002488c,func_pdata_0x18002488c,func_pdata_,Y,84,17,1,0,N,N,0x9148764d599aac79,32,missing_knowledge
kernel32.dll,0x180024918,func_pdata_0x180024918,func_pdata_,Y,42,d,1,0,N,N,0xcdb25cca823d18a3,32,missing_knowledge
kernel32.dll,0x180024964,func_pdata_0x180024964,func_pdata_,Y,8b,1f,1,0,N,N,0xd6928c593d9cc057,32,missing_knowledge
kernel32.dll,0x180024a00,RtlCaptureContext,named,N,5,1,2,0,N,N,0xa2f7e211f372e127,32,named
kernel32.dll,0x180024a0c,RtlLookupFunctionEntry,named,N,5,1,1,0,N,N,0x32f594f5d972d6f5,32,named
kernel32.dll,0x180024a18,RtlVirtualUnwind,named,N,5,1,1,0,N,N,0x9f80de0d63f3ffe2,32,named
kernel32.dll,0x180024a30,memmove,named,N,5,1,44,0,N,N,0xa69d903fa4c782b0,32,named
kernel32.dll,0x180024a3c,__C_specific_handler,named,N,5,1,1,0,N,N,0x892c63236c1171c4,32,named
kernel32.dll,0x180024a48,_wcsicmp,named,N,5,1,a,0,N,N,0x71bced7aeaa95fa8,32,named
kernel32.dll,0x180024a54,RtlAllocateHeap,named,N,5,1,9,0,N,N,0x5c7903775bd66f8d,32,named
kernel32.dll,0x180024a60,RtlFreeHeap,named,N,5,1,a,0,N,N,0xebb149e848e576a4,32,named
kernel32.dll,0x180024a6c,NtSetInformationFile,named,N,5,1,1,0,N,N,0xd9cdb1ad04a9da09,32,named
kernel32.dll,0x180024a78,NtQueryInformationFile,named,N,5,1,1,0,N,N,0xd3c28df7dc7a5f15,32,named
kernel32.dll,0x180024a84,NtClose,named,N,5,1,6,0,N,N,0xdee9c33322da18a1,32,named
kernel32.dll,0x180024a90,NtOpenFile,named,N,5,1,2,0,N,N,0x6c7504fe731ac544,32,named
kernel32.dll,0x180024a9c,NtWaitForSingleObject,named,N,5,1,1,0,N,N,0x6f8e01934d599ddd,32,named
kernel32.dll,0x180024aa8,NtOpenKey,named,N,5,1,3,0,N,N,0x834690260acccb70,32,named
kernel32.dll,0x180024ab4,NtQueryValueKey,named,N,5,1,2,0,N,N,0xafe8d3c6b65c0cbc,32,named
kernel32.dll,0x180024ac0,RtlAppendUnicodeToString,named,N,5,1,1,0,N,N,0x23b43e00c92ce5e7,32,named
kernel32.dll,0x180024acc,RtlInitUnicodeStringEx,named,N,5,1,6,0,N,N,0xd5fac9f5bb523aac,32,named
kernel32.dll,0x180024ad8,_wcsnicmp,named,N,5,1,f,0,N,N,0x9f792bafc20a7cc7,32,named
kernel32.dll,0x180024ae4,wcsrchr,named,N,5,1,5,0,N,N,0x98a796ac931b91ab,32,named
kernel32.dll,0x180024af0,RtlCreateEnvironmentEx,named,N,5,1,2,0,N,N,0xf0fd697eba255ffe,32,named
kernel32.dll,0x180024afc,RtlDestroyEnvironment,named,N,5,1,2,0,N,N,0x87eef9dc06d73d9f,32,named
kernel32.dll,0x180024b14,DbgPrintEx,named,N,5,1,3,0,N,N,0xb9102211044d1d76,32,named
kernel32.dll,0x180024b20,RtlpEnsureBufferSize,named,N,5,1,1,0,N,N,0x674574298ce1b299,32,named
kernel32.dll,0x180024b2c,RtlDoesFileExists_U,named,N,5,1,1,0,N,N,0xe00d32a8efcd09c6,32,named
kernel32.dll,0x180024b38,NtCreateSection,named,N,5,1,2,0,N,N,0x737922c2951388c0,32,named
kernel32.dll,0x180024b44,NtMapViewOfSection,named,N,5,1,1,0,N,N,0x2e3cb69f976f0909,32,named
kernel32.dll,0x180024b50,RtlNtStatusToDosErrorNoTeb,named,N,5,1,1,0,N,N,0x86ee6ad3cda92e6c,32,named
kernel32.dll,0x180024b5c,wcsncmp,named,N,5,1,b,0,N,N,0x0a0cf0589f992aa0,32,named
kernel32.dll,0x180024b68,NtTerminateProcess,named,N,5,1,2,0,N,N,0x059afc518ebf45a4,32,named
kernel32.dll,0x180024b74,RtlUnhandledExceptionFilter,named,N,5,1,2,0,N,N,0xef36f9f709a36885,32,named
kernel32.dll,0x180024b80,RtlSizeHeap,named,N,5,1,2,0,N,N,0x2b7ceecb1f39a86c,32,named
kernel32.dll,0x180024e2c,EnterCriticalSection,named,N,5,1,1,0,N,N,0x152cf5cc1226e06d,32,named
kernel32.dll,0x180024e38,LeaveCriticalSection,named,N,5,1,1,0,N,N,0xa49e2876b913823a,32,named
kernel32.dll,0x180024fd0,FindNextFileW,named,N,5,1,1,0,N,N,0x6379a59200064e3e,32,named
kernel32.dll,0x1800255d3,func_jmp_0x1800255d3,func_jmp_,Y,4,1,0,0,N,N,0x9eba4e39003cca2e,32,missing_knowledge
kernel32.dll,0x180025623,func_jmp_0x180025623,func_jmp_,Y,4,1,0,0,N,N,0xc35f67e9fe788a0d,32,missing_knowledge
kernel32.dll,0x180025633,func_jmp_0x180025633,func_jmp_,Y,4,1,0,0,N,N,0xbf3f09fc1207b07d,32,missing_knowledge
kernel32.dll,0x180025643,func_jmp_0x180025643,func_jmp_,Y,4,1,0,0,N,N,0x701fdc95867241ad,32,missing_knowledge
kernel32.dll,0x180025653,func_jmp_0x180025653,func_jmp_,Y,4,1,0,0,N,N,0xcf710cc0508f037d,32,missing_knowledge
kernel32.dll,0x180025663,func_jmp_0x180025663,func_jmp_,Y,4,1,0,0,N,N,0x55bbc05058be6cdd,32,missing_knowledge
kernel32.dll,0x180025673,func_jmp_0x180025673,func_jmp_,Y,4,1,0,0,N,N,0xcb83abdbadc3a79d,32,missing_knowledge
kernel32.dll,0x180025683,func_jmp_0x180025683,func_jmp_,Y,4,1,0,0,N,N,0x0f4f740b6b7db98d,32,missing_knowledge
kernel32.dll,0x180025693,func_jmp_0x180025693,func_jmp_,Y,4,1,0,0,N,N,0x5e53abeae06bdbfd,32,missing_knowledge
kernel32.dll,0x1800256a3,func_jmp_0x1800256a3,func_jmp_,Y,4,1,0,0,N,N,0x1088b1535cab8a95,32,missing_knowledge
kernel32.dll,0x1800256b3,func_jmp_0x1800256b3,func_jmp_,Y,4,1,0,0,N,N,0xc35f87e9fe78c06d,32,missing_knowledge
kernel32.dll,0x1800256c3,func_jmp_0x1800256c3,func_jmp_,Y,4,1,0,0,N,N,0xd518810c86747a7d,32,missing_knowledge
kernel32.dll,0x1800256d3,func_jmp_0x1800256d3,func_jmp_,Y,4,1,0,0,N,N,0x73f5e7573976a84d,32,missing_knowledge
kernel32.dll,0x1800256e3,func_jmp_0x1800256e3,func_jmp_,Y,4,1,0,0,N,N,0x4c1d1860ff73b19d,32,missing_knowledge
kernel32.dll,0x1800256f3,func_jmp_0x1800256f3,func_jmp_,Y,4,1,0,0,N,N,0xb967780e3c693ecd,32,missing_knowledge
kernel32.dll,0x180025703,func_jmp_0x180025703,func_jmp_,Y,4,1,0,0,N,N,0x6b2e6d60a88d599d,32,missing_knowledge
kernel32.dll,0x180025713,func_jmp_0x180025713,func_jmp_,Y,4,1,0,0,N,N,0x7ce7d34527ac4c55,32,missing_knowledge
kernel32.dll,0x180025733,func_jmp_0x180025733,func_jmp_,Y,4,1,0,0,N,N,0xc35f37e9fe78387d,32,missing_knowledge
kernel32.dll,0x180025743,func_jmp_0x180025743,func_jmp_,Y,4,1,0,0,N,N,0xcb834bdbadc3047d,32,missing_knowledge
kernel32.dll,0x180025753,func_jmp_0x180025753,func_jmp_,Y,4,1,0,0,N,N,0x226d26a578a355ad,32,missing_knowledge
kernel32.dll,0x180025763,func_jmp_0x180025763,func_jmp_,Y,4,1,0,0,N,N,0x562778666e2f17dc,32,missing_knowledge
kernel32.dll,0x180025793,func_jmp_0x180025793,func_jmp_,Y,4,1,0,0,N,N,0x5e5393eae06bb335,32,missing_knowledge
kernel32.dll,0x1800257a3,func_jmp_0x1800257a3,func_jmp_,Y,4,1,0,0,N,N,0x07c46cd6eb3ad2fc,32,missing_knowledge
kernel32.dll,0x1800257d3,func_jmp_0x1800257d3,func_jmp_,Y,4,1,0,0,N,N,0xbf37af2ba0b22aa4,32,missing_knowledge
kernel32.dll,0x180025b7c,func_start_0x180025b7c,func_start_,Y,b,2,0,0,N,N,0x17c30b3ef43159ac,32,missing_knowledge
kernel32.dll,0x180025b88,func_pdata_0x180025b88,func_pdata_,Y,76,16,1,0,N,N,0xa7f5b3d908f937ab,32,missing_knowledge
kernel32.dll,0x180025c08,func_pdata_0x180025c08,func_pdata_,Y,4d,18,1,0,N,N,0x00c6e61a8fe5143d,32,missing_knowledge
kernel32.dll,0x180025c6c,func_start_0x180025c6c,func_start_,Y,b,2,0,0,N,N,0x23c12dffb568a363,32,missing_knowledge
kernel32.dll,0x180025c78,func_pdata_0x180025c78,func_pdata_,Y,76,16,a,0,N,N,0xa7f5b3d908f937ab,32,missing_knowledge
kernel32.dll,0x180025cf7,func_start_0x180025cf7,func_start_,Y,b,2,0,0,N,N,0x851d95b32c22f27c,32,missing_knowledge
kernel32.dll,0x180025d09,func_start_0x180025d09,func_start_,Y,b,2,0,0,N,N,0xb4eaffcc57fc2df9,32,missing_knowledge
kernel32.dll,0x180025d1b,func_start_0x180025d1b,func_start_,Y,b,2,0,0,N,N,0xd28d2ccadae8ece9,32,missing_knowledge
kernel32.dll,0x180025d2d,func_start_0x180025d2d,func_start_,Y,b,2,0,0,N,N,0xcaab7e7aa1e63111,32,missing_knowledge
kernel32.dll,0x180025d3f,func_start_0x180025d3f,func_start_,Y,b,2,0,0,N,N,0xb437ed1ea31355d1,32,missing_knowledge
kernel32.dll,0x180025d51,func_start_0x180025d51,func_start_,Y,b,2,0,0,N,N,0xd4eae353dc9ce101,32,missing_knowledge
kernel32.dll,0x180025d63,func_start_0x180025d63,func_start_,Y,b,2,0,0,N,N,0xbd1c31a234ae02a6,32,missing_knowledge
kernel32.dll,0x180025d75,func_start_0x180025d75,func_start_,Y,b,2,0,0,N,N,0xb8abdc0d158a3f05,32,missing_knowledge
kernel32.dll,0x180025d87,func_start_0x180025d87,func_start_,Y,b,2,0,0,N,N,0x6a3443336acd695a,32,missing_knowledge
kernel32.dll,0x180025da0,ApiSetQueryApiSetPresence,named,N,5,1,1,0,N,N,0xfb44576f97e7637a,32,named
kernel32.dll,0x180025db0,func_pdata_0x180025db0,func_pdata_,Y,2d,b,2,0,N,N,0xdd7c47d80de63a15,32,missing_knowledge
kernel32.dll,0x180025df0,func_pdata_0x180025df0,func_pdata_,Y,2d,b,4,0,N,N,0x1d2308d8fe62ac55,32,missing_knowledge
kernel32.dll,0x180025e30,func_pdata_0x180025e30,func_pdata_,Y,2a,a,0,0,N,N,0xa1f54b736166ee23,32,missing_knowledge
kernel32.dll,0x180025e70,func_jmp_0x180025e70,func_jmp_,Y,4,1,0,0,N,N,0xec2d1018b29b0325,32,missing_knowledge
kernel32.dll,0x180025e7c,func_pdata_0x180025e7c,func_pdata_,Y,eb,3e,1,0,N,N,0xcad8686cacae5106,32,missing_knowledge
kernel32.dll,0x180025f70,func_pdata_0x180025f70,func_pdata_,Y,5d,16,1,0,N,N,0xe1d407d6bab28091,32,missing_knowledge
kernel32.dll,0x180025fd4,func_pdata_0x180025fd4,func_pdata_,Y,4d,15,1,0,N,N,0xcc9e5f684dcda729,32,missing_knowledge
kernel32.dll,0x180026028,func_pdata_0x180026028,func_pdata_,Y,1df,75,3,0,N,N,0xeee565d07e34cf9f,32,missing_knowledge
kernel32.dll,0x180026210,func_pdata_0x180026210,func_pdata_,Y,29,c,2,0,N,N,0x3ec56034be5e5c00,32,missing_knowledge
kernel32.dll,0x180026240,func_pdata_0x180026240,func_pdata_,Y,91,26,2,0,N,N,0xd742970d23d2d55a,32,missing_knowledge
kernel32.dll,0x1800262d8,func_pdata_0x1800262d8,func_pdata_,Y,65,1c,2,0,N,N,0xfd9111750f6b25fa,32,missing_knowledge
kernel32.dll,0x180026344,func_pdata_0x180026344,func_pdata_,Y,180,63,2,0,N,N,0x3cd898d7025407b2,32,missing_knowledge
kernel32.dll,0x1800264cc,func_pdata_0x1800264cc,func_pdata_,Y,6e,1e,2,0,N,N,0x3a2a3a0c6b665e54,32,missing_knowledge
kernel32.dll,0x180026544,func_pdata_0x180026544,func_pdata_,Y,1c2,63,1,0,N,N,0x0e8950ebeb4d7331,32,missing_knowledge
kernel32.dll,0x180026707,func_pdata_0x180026707,func_pdata_,Y,21,b,0,0,N,N,0x45410ad006b51edb,32,missing_knowledge
kernel32.dll,0x180026730,func_pdata_0x180026730,func_pdata_,Y,18d,5e,1,0,N,N,0x95c68d3e6784f16d,32,missing_knowledge
kernel32.dll,0x1800268be,func_pdata_0x1800268be,func_pdata_,Y,21,b,0,0,N,N,0x9ff2128480ad2336,32,missing_knowledge
kernel32.dll,0x1800268e8,func_call_0x1800268e8,func_call_,Y,11,6,18,0,N,N,0x09ff1c685ec655b1,32,missing_knowledge
kernel32.dll,0x180026910,func_jmp_0x180026910,func_jmp_,Y,4,1,1,0,N,N,0xd6cb8b0182fd0f4a,32,missing_knowledge
kernel32.dll,0x18002691c,func_pdata_0x18002691c,func_pdata_,Y,f7,4a,1,0,N,N,0x7977318313986d55,32,missing_knowledge
kernel32.dll,0x180026a1c,func_pdata_0x180026a1c,func_pdata_,Y,67,19,1,0,N,N,0x81635f701367112b,32,missing_knowledge
kernel32.dll,0x180026a8c,func_pdata_0x180026a8c,func_pdata_,Y,b5,2c,1,0,N,N,0x7e54d0c06509ff33,32,missing_knowledge
kernel32.dll,0x180026b48,func_pdata_0x180026b48,func_pdata_,Y,df,43,1,0,N,N,0x203432c3f03dc1c8,32,missing_knowledge
kernel32.dll,0x180026c30,func_pdata_0x180026c30,func_pdata_,Y,e5,45,1,0,N,N,0x6b8c574fa5113b49,32,missing_knowledge
kernel32.dll,0x180026d1c,func_pdata_0x180026d1c,func_pdata_,Y,161,6d,1,0,N,N,0xc4b8baad57736fd3,32,missing_knowledge
kernel32.dll,0x180026e84,func_pdata_0x180026e84,func_pdata_,Y,73,1e,1,0,N,N,0x898d9cb34aa2d52d,32,missing_knowledge
kernel32.dll,0x180026f00,func_pdata_0x180026f00,func_pdata_,Y,cb,33,1,0,N,N,0x93843cad377708fc,32,missing_knowledge
kernel32.dll,0x180026fd4,func_pdata_0x180026fd4,func_pdata_,Y,ec,4b,2,0,N,N,0xcc59411576c18b7c,32,missing_knowledge
kernel32.dll,0x1800270c8,func_call_0x1800270c8,func_call_,Y,16,7,1,0,N,N,0x7dc587665c2a762f,32,missing_knowledge
kernel32.dll,0x18002710c,func_pdata_0x18002710c,func_pdata_,Y,173,75,1,0,N,N,0x9429aba751ceeb26,32,missing_knowledge
kernel32.dll,0x180027288,func_pdata_0x180027288,func_pdata_,Y,2f,a,3,0,N,N,0x87df54357adcc122,32,missing_knowledge
kernel32.dll,0x1800272c0,func_pdata_0x1800272c0,func_pdata_,Y,80,26,1,0,N,N,0xa97be1cc030ebfa3,32,missing_knowledge
kernel32.dll,0x180027348,func_call_0x180027348,func_call_,Y,48,19,1,0,N,N,0xb01928f0039b7a7e,32,missing_knowledge
kernel32.dll,0x1800273e8,func_pdata_0x1800273e8,func_pdata_,Y,80,21,3,0,N,N,0x26a93bb1d14e18e2,32,missing_knowledge
kernel32.dll,0x180027470,func_call_0x180027470,func_call_,Y,2d,f,1,0,N,N,0x62ac260a308b6189,32,missing_knowledge
kernel32.dll,0x18002749f,func_start_0x18002749f,func_start_,Y,2,2,2,0,N,N,0x5046db1e87e7fb33,32,missing_knowledge
kernel32.dll,0x1800274ac,func_pdata_0x1800274ac,func_pdata_,Y,2ef,c9,1,0,N,N,0xb9654f1e3034fb8c,32,missing_knowledge
kernel32.dll,0x1800277a4,func_pdata_0x1800277a4,func_pdata_,Y,1ad,89,1,0,N,N,0xe0814f31d49144a9,32,missing_knowledge
kernel32.dll,0x180027958,func_pdata_0x180027958,func_pdata_,Y,fd,48,2,0,N,N,0xc5c1a7adeeb7e8bc,32,missing_knowledge
kernel32.dll,0x180027a5c,func_pdata_0x180027a5c,func_pdata_,Y,aa,2a,1,0,N,N,0x1fa2daeb2e7188a9,32,missing_knowledge
kernel32.dll,0x180027b10,func_pdata_0x180027b10,func_pdata_,Y,1bd,72,1,0,N,N,0xbf78a084d18ee396,32,missing_knowledge
kernel32.dll,0x180027cd4,func_pdata_0x180027cd4,func_pdata_,Y,d6,37,1,0,N,N,0x8626f2311d807b73,32,missing_knowledge
kernel32.dll,0x180027db4,func_pdata_0x180027db4,func_pdata_,Y,262,a2,1,0,N,N,0x60d23b5eaf1f46a6,32,missing_knowledge
kernel32.dll,0x180028020,func_pdata_0x180028020,func_pdata_,Y,2b7,a0,1,0,N,N,0xd74171f00d862978,32,missing_knowledge
kernel32.dll,0x1800282d8,func_pdata_0x1800282d8,func_pdata_,Y,27,d,0,0,N,N,0xc176deec0b37d4f9,32,missing_knowledge
kernel32.dll,0x180028308,func_pdata_0x180028308,func_pdata_,Y,22a,7d,1,0,N,N,0x209e35622211ad55,32,missing_knowledge
kernel32.dll,0x180028533,func_pdata_0x180028533,func_pdata_,Y,27,d,0,0,N,N,0x0d317f7f68aa5071,32,missing_knowledge
kernel32.dll,0x180028564,func_pdata_0x180028564,func_pdata_,Y,1bf,68,1,0,N,N,0xad4f291ce8d285b8,32,missing_knowledge
kernel32.dll,0x180028724,func_pdata_0x180028724,func_pdata_,Y,27,d,0,0,N,N,0xb41e9bcecf8f23a1,32,missing_knowledge
kernel32.dll,0x180028754,func_call_0x180028754,func_call_,Y,2d,12,d,0,N,N,0x92ac2d63c75167e8,32,missing_knowledge
kernel32.dll,0x180028790,func_call_0x180028790,func_call_,Y,3b,16,3,0,N,N,0xea5c0e30d646869c,32,missing_knowledge
kernel32.dll,0x1800287d8,func_call_0x1800287d8,func_call_,Y,12,5,1,0,N,N,0x5ab65c8cb69a2b77,32,missing_knowledge
kernel32.dll,0x180028804,func_pdata_0x180028804,func_pdata_,Y,2dc,c2,1,0,N,N,0xe69a88fb164a15c3,32,missing_knowledge
kernel32.dll,0x180028af0,func_pdata_0x180028af0,func_pdata_,Y,29,b,0,0,N,N,0xfa5d6129e0edb480,32,missing_knowledge
kernel32.dll,0x180028b20,func_pdata_0x180028b20,func_pdata_,Y,96,2c,0,0,N,N,0xddb4e955ceb7f3d5,32,missing_knowledge
kernel32.dll,0x180028bc0,func_pdata_0x180028bc0,func_pdata_,Y,bd,39,2,0,N,N,0xd6d2ec621550afe3,32,missing_knowledge
kernel32.dll,0x180028c84,func_pdata_0x180028c84,func_pdata_,Y,11f,57,2,0,N,N,0x70c51da9f4cd3660,32,missing_knowledge
kernel32.dll,0x180028dac,func_pdata_0x180028dac,func_pdata_,Y,11f,57,2,0,N,N,0x70c51da9f4cd3660,32,missing_knowledge
kernel32.dll,0x180028ee0,_guard_check_icall,named,N,0,0,0,0,N,N,0xad66da998da483f3,32,named
kernel32.dll,0x180028ef8,func_pdata_0x180028ef8,func_pdata_,Y,1c,8,0,0,N,N,0xbb8b53371081a6a5,32,missing_knowledge
kernel32.dll,0x180028f1c,func_pdata_0x180028f1c,func_pdata_,Y,5a,1c,2,0,N,N,0xb79b4d75eea29142,32,missing_knowledge
kernel32.dll,0x180028f80,func_pdata_0x180028f80,func_pdata_,Y,84,28,0,0,N,N,0x35b6210bf8b88548,32,missing_knowledge
kernel32.dll,0x18002900b,_local_unwind,named,N,5,1,7,0,N,N,0xfac0f3490c4e9e94,32,named
kernel32.dll,0x180029017,cos,named,N,5,1,3,0,N,N,0x6965c34236867a98,32,named
kernel32.dll,0x180029023,floor,named,N,5,1,4,0,N,N,0x53c3898e17bb5d7c,32,named
kernel32.dll,0x18002902f,memcmp,named,N,5,1,3,0,N,N,0xba8556311012e280,32,named
kernel32.dll,0x18002903b,memcpy,named,N,5,1,4f,0,N,N,0x02c6d4cefa34c77a,32,named
kernel32.dll,0x180029047,memset,named,N,5,1,7d,0,N,N,0x9d45884f1ecd5622,32,named
kernel32.dll,0x180029053,sin,named,N,5,1,38,0,N,N,0x48cda5bc521e54ff,32,named
kernel32.dll,0x18002905f,wcscmp,named,N,5,1,6,0,N,N,0xf529b055491d8c3a,32,named
kernel32.dll,0x180029080,func_pdata_0x180029080,func_pdata_,Y,6a,18,1,0,N,N,0xd00072690f618a85,32,missing_knowledge
kernel32.dll,0x180029100,_guard_dispatch_icall,named,N,1,1,0,0,N,N,0x47af504401890518,32,named
kernel32.dll,0x180029110,func_pdata_0x180029110,func_pdata_,Y,69f,135,0,0,N,N,0x00a74cd4f142f7cb,32,missing_knowledge
kernel32.dll,0x1800297b0,func_pdata_0x1800297b0,func_pdata_,Y,11f,39,0,0,N,N,0xde783bacc650046c,32,missing_knowledge
kernel32.dll,0x1800298d6,func_pdata_0x1800298d6,func_pdata_,Y,6d,1c,0,0,N,N,0x62352924f09781b8,32,missing_knowledge
kernel32.dll,0x18002994a,func_pdata_0x18002994a,func_pdata_,Y,5d,18,0,0,N,N,0x90afce6f2bccac38,32,missing_knowledge
kernel32.dll,0x1800299ae,func_pdata_0x1800299ae,func_pdata_,Y,23,c,0,0,N,N,0x783f9b4424a6b118,32,missing_knowledge
kernel32.dll,0x1800299d8,func_pdata_0x1800299d8,func_pdata_,Y,27,d,0,0,N,N,0xc7751004b29225e5,32,missing_knowledge
kernel32.dll,0x180029a06,func_pdata_0x180029a06,func_pdata_,Y,15,8,0,0,N,N,0xa2392cee087a0db0,32,missing_knowledge
kernel32.dll,0x180029a22,func_pdata_0x180029a22,func_pdata_,Y,15,8,0,0,N,N,0xb860cb034ee75e61,32,missing_knowledge
kernel32.dll,0x180029a3e,func_pdata_0x180029a3e,func_pdata_,Y,15,8,0,0,N,N,0x283a4cba6ec23885,32,missing_knowledge
kernel32.dll,0x180029a5a,func_pdata_0x180029a5a,func_pdata_,Y,1f,b,0,0,N,N,0x578ded4f669909e6,32,missing_knowledge
kernel32.dll,0x180029a7a,func_pdata_0x180029a7a,func_pdata_,Y,32,f,0,0,N,N,0x067e6b90d8abcdeb,32,missing_knowledge
kernel32.dll,0x180029ab3,func_pdata_0x180029ab3,func_pdata_,Y,1f,b,0,0,N,N,0x578ded4f669909e6,32,missing_knowledge
kernel32.dll,0x180029ad3,func_pdata_0x180029ad3,func_pdata_,Y,32,f,0,0,N,N,0xecccf0e25cf73143,32,missing_knowledge
kernel32.dll,0x180029b0c,func_pdata_0x180029b0c,func_pdata_,Y,30,d,0,0,N,N,0x6f1e0c420666e6cd,32,missing_knowledge
kernel32.dll,0x180029b3d,func_pdata_0x180029b3d,func_pdata_,Y,1f,b,0,0,N,N,0x578ded4f669909e6,32,missing_knowledge
kernel32.dll,0x180029b63,func_pdata_0x180029b63,func_pdata_,Y,27,d,0,0,N,N,0x2a8c805d46739f21,32,missing_knowledge
kernel32.dll,0x180029b8b,func_pdata_0x180029b8b,func_pdata_,Y,1f,b,0,0,N,N,0x578ded4f669909e6,32,missing_knowledge
kernel32.dll,0x180029bb1,func_pdata_0x180029bb1,func_pdata_,Y,1f,b,0,0,N,N,0x578ded4f669909e6,32,missing_knowledge
kernel32.dll,0x180029bd1,func_pdata_0x180029bd1,func_pdata_,Y,21,7,0,0,N,N,0x7bcb9a80b150785a,32,missing_knowledge
kernel32.dll,0x180029bf9,func_pdata_0x180029bf9,func_pdata_,Y,1f,b,0,0,N,N,0x578ded4f669909e6,32,missing_knowledge
kernel32.dll,0x180029c19,func_pdata_0x180029c19,func_pdata_,Y,21,7,0,0,N,N,0xaf9cb6721c4caf01,32,missing_knowledge
kernel32.dll,0x180029c41,func_pdata_0x180029c41,func_pdata_,Y,1f,b,0,0,N,N,0x641ab8e3bbf1be86,32,missing_knowledge
kernel32.dll,0x180029c61,func_pdata_0x180029c61,func_pdata_,Y,23,a,0,0,N,N,0x340b2df652fac561,32,missing_knowledge
kernel32.dll,0x180029c8b,func_pdata_0x180029c8b,func_pdata_,Y,1f,b,0,0,N,N,0x641ab8e3bbf1be86,32,missing_knowledge
kernel32.dll,0x180029cab,func_pdata_0x180029cab,func_pdata_,Y,23,a,0,0,N,N,0x3ea5078dd9801224,32,missing_knowledge
kernel32.dll,0x180029cd5,func_pdata_0x180029cd5,func_pdata_,Y,1f,b,0,0,N,N,0x641ab8e3bbf1be86,32,missing_knowledge
kernel32.dll,0x180029cf5,func_pdata_0x180029cf5,func_pdata_,Y,23,a,0,0,N,N,0x197cde524417240b,32,missing_knowledge
kernel32.dll,0x180029d1f,func_pdata_0x180029d1f,func_pdata_,Y,1a,6,0,0,N,N,0xfc7814d0fc417270,32,missing_knowledge
kernel32.dll,0x180029d40,func_pdata_0x180029d40,func_pdata_,Y,1f,b,0,0,N,N,0x81b78abe348965e1,32,missing_knowledge
kernel32.dll,0x180029d66,func_pdata_0x180029d66,func_pdata_,Y,50,16,0,0,N,N,0xe9e6d0e27e2c37e5,32,missing_knowledge
kernel32.dll,0x180029dbd,func_pdata_0x180029dbd,func_pdata_,Y,1f,b,0,0,N,N,0x81b78abe348965e1,32,missing_knowledge
kernel32.dll,0x180029de3,func_pdata_0x180029de3,func_pdata_,Y,1f,b,0,0,N,N,0x81b78abe348965e1,32,missing_knowledge
kernel32.dll,0x180029e09,func_pdata_0x180029e09,func_pdata_,Y,1f,b,0,0,N,N,0x641ab8e3bbf1be86,32,missing_knowledge
kernel32.dll,0x180029e2f,func_pdata_0x180029e2f,func_pdata_,Y,17,9,0,0,N,N,0xed6715dfedcee8ff,32,missing_knowledge
kernel32.dll,0x180029e4d,func_pdata_0x180029e4d,func_pdata_,Y,2a,d,0,0,N,N,0xf24c76df48ae58cb,32,missing_knowledge
kernel32.dll,0x180029e7e,func_pdata_0x180029e7e,func_pdata_,Y,1f,b,0,0,N,N,0x641ab8e3bbf1be86,32,missing_knowledge
kernel32.dll,0x180029e9e,func_pdata_0x180029e9e,func_pdata_,Y,23,a,0,0,N,N,0x5ae66d8380aa6850,32,missing_knowledge
kernel32.dll,0x180029ec8,func_pdata_0x180029ec8,func_pdata_,Y,17,9,0,0,N,N,0xed6715dfedcee8ff,32,missing_knowledge
kernel32.dll,0x180029ee6,func_pdata_0x180029ee6,func_pdata_,Y,1f,b,0,0,N,N,0x641ab8e3bbf1be86,32,missing_knowledge
kernel32.dll,0x180029f06,func_pdata_0x180029f06,func_pdata_,Y,23,a,0,0,N,N,0x33b88700b5c547ab,32,missing_knowledge
kernel32.dll,0x180029f30,func_pdata_0x180029f30,func_pdata_,Y,47,14,0,0,N,N,0xecef71a164445b18,32,missing_knowledge
kernel32.dll,0x180029f7e,func_pdata_0x180029f7e,func_pdata_,Y,1c,9,0,0,N,N,0x518b936e59ef3cb4,32,missing_knowledge
kernel32.dll,0x180029fa1,func_pdata_0x180029fa1,func_pdata_,Y,1f,b,0,0,N,N,0x81b78abe348965e1,32,missing_knowledge
kernel32.dll,0x180029fc1,func_pdata_0x180029fc1,func_pdata_,Y,1a,6,0,0,N,N,0x3c348daf29c9b205,32,missing_knowledge
kernel32.dll,0x180029fe2,func_pdata_0x180029fe2,func_pdata_,Y,17,9,0,0,N,N,0xed6715dfedcee8ff,32,missing_knowledge
kernel32.dll,0x18002a000,func_pdata_0x18002a000,func_pdata_,Y,1c,7,0,0,N,N,0xe2df09746789da07,32,missing_knowledge
kernel32.dll,0x18002a023,func_pdata_0x18002a023,func_pdata_,Y,47,13,0,0,N,N,0x90afce6f2bccac38,32,missing_knowledge
kernel32.dll,0x18002a071,func_pdata_0x18002a071,func_pdata_,Y,1c,7,0,0,N,N,0xf2ca50138a7d5829,32,missing_knowledge
kernel32.dll,0x18002a08e,func_pdata_0x18002a08e,func_pdata_,Y,9,2,1,0,N,N,0x92c9269be3479193,32,missing_knowledge
kernel32.dll,0x18002a098,func_pdata_0x18002a098,func_pdata_,Y,2f,a,1,0,N,N,0xa9eb4fe793202591,32,missing_knowledge
kernel32.dll,0x18002a0c8,func_pdata_0x18002a0c8,func_pdata_,Y,fad,332,1,0,N,N,0x2853e1425e8057f6,32,missing_knowledge
kernel32.dll,0x18002b076,func_pdata_0x18002b076,func_pdata_,Y,9,2,6,0,N,N,0xce6c0aaacab26754,32,missing_knowledge
kernel32.dll,0x18002b080,func_pdata_0x18002b080,func_pdata_,Y,9,2,1,0,N,N,0x269301ce56ee94fa,32,missing_knowledge
kernel32.dll,0x18002b08a,func_pdata_0x18002b08a,func_pdata_,Y,2204,924,1,0,N,N,0x45e956947c94bcb4,32,missing_knowledge
kernel32.dll,0x18002d28f,func_pdata_0x18002d28f,func_pdata_,Y,1a,5,4,0,N,N,0x99b294527f00c453,32,missing_knowledge
kernel32.dll,0x18002d2aa,func_pdata_0x18002d2aa,func_pdata_,Y,1d,8,1,0,N,N,0xe8bf2c56f0d243c3,32,missing_knowledge
kernel32.dll,0x18002d2c8,func_pdata_0x18002d2c8,func_pdata_,Y,17,5,1,0,N,N,0xcd505de48e08d050,32,missing_knowledge
kernel32.dll,0x18002d2e0,func_pdata_0x18002d2e0,func_pdata_,Y,205e,842,1,0,N,N,0xf3d9d89e0ffe9158,32,missing_knowledge
kernel32.dll,0x18002f340,func_pdata_0x18002f340,func_pdata_,Y,86,21,1,0,N,N,0x7c51aaaea5a7192b,32,missing_knowledge
kernel32.dll,0x18002f3c8,func_pdata_0x18002f3c8,func_pdata_,Y,19d,63,1,0,N,N,0x040e593a0e59f09f,32,missing_knowledge
kernel32.dll,0x18002f566,func_pdata_0x18002f566,func_pdata_,Y,40,d,1,0,N,N,0xc9664a88e2448813,32,missing_knowledge
kernel32.dll,0x18002f5a8,func_pdata_0x18002f5a8,func_pdata_,Y,17,5,1,0,N,N,0x1e491bf14b555470,32,missing_knowledge
kernel32.dll,0x18002f5c0,func_pdata_0x18002f5c0,func_pdata_,Y,83,25,1,0,N,N,0x529856c824df5bf9,32,missing_knowledge
kernel32.dll,0x18002f644,func_pdata_0x18002f644,func_pdata_,Y,4a,13,1,0,N,N,0x275f5790d1e3484a,32,missing_knowledge
kernel32.dll,0x18002f690,func_pdata_0x18002f690,func_pdata_,Y,11,4,1,0,N,N,0xa36aec8bb0b54b2b,32,missing_knowledge
kernel32.dll,0x18002f6a2,func_pdata_0x18002f6a2,func_pdata_,Y,13d,40,1,0,N,N,0x05ccf906ed819bf3,32,missing_knowledge
kernel32.dll,0x18002f7e0,func_pdata_0x18002f7e0,func_pdata_,Y,1c1,8b,1,0,N,N,0xfd7773f52a1f77eb,32,missing_knowledge
kernel32.dll,0x18002f9a2,func_pdata_0x18002f9a2,func_pdata_,Y,44,16,1,0,N,N,0x8e6349361e491c13,32,missing_knowledge
kernel32.dll,0x18002f9e8,func_pdata_0x18002f9e8,func_pdata_,Y,8f,2c,1,0,N,N,0x55d8fd8e5afd9ffc,32,missing_knowledge
kernel32.dll,0x18002fa78,func_pdata_0x18002fa78,func_pdata_,Y,31,c,1,0,N,N,0x664d53bab4e42a29,32,missing_knowledge
kernel32.dll,0x18002faba,func_pdata_0x18002faba,func_pdata_,Y,77,21,1,0,N,N,0x31b40e3ead82e93a,32,missing_knowledge
kernel32.dll,0x18002fb32,func_pdata_0x18002fb32,func_pdata_,Y,16,5,1,0,N,N,0x691c40eebcf4bf55,32,missing_knowledge
kernel32.dll,0x18002fb4a,func_pdata_0x18002fb4a,func_pdata_,Y,11,4,1,0,N,N,0xeb776c8d6288026b,32,missing_knowledge
kernel32.dll,0x18002fb5c,func_pdata_0x18002fb5c,func_pdata_,Y,16b,5c,1,0,N,N,0xb96f68d21517efe2,32,missing_knowledge
kernel32.dll,0x18002fcc8,func_pdata_0x18002fcc8,func_pdata_,Y,7c,22,1,0,N,N,0xe8e67407572c32db,32,missing_knowledge
kernel32.dll,0x18002fd46,func_pdata_0x18002fd46,func_pdata_,Y,9f,29,1,0,N,N,0xaeaaba9ee1fbbf4d,32,missing_knowledge
kernel32.dll,0x18002fde6,func_pdata_0x18002fde6,func_pdata_,Y,16,5,1,0,N,N,0x381bf417e790ec19,32,missing_knowledge
kernel32.dll,0x18002fdfe,func_pdata_0x18002fdfe,func_pdata_,Y,16,5,1,0,N,N,0x84dff4aef17d7fa3,32,missing_knowledge
kernel32.dll,0x18002fe16,func_pdata_0x18002fe16,func_pdata_,Y,16,5,1,0,N,N,0x350e8dc202a2c3cb,32,missing_knowledge
kernel32.dll,0x18002fe2e,func_pdata_0x18002fe2e,func_pdata_,Y,1e,7,1,0,N,N,0xfdb34daf7384162e,32,missing_knowledge
kernel32.dll,0x18002fecc,func_pdata_0x18002fecc,func_pdata_,Y,162,5a,1,0,N,N,0xcb2d752453cba2ce,32,missing_knowledge
kernel32.dll,0x180030030,func_pdata_0x180030030,func_pdata_,Y,ab,29,1,0,N,N,0xad365445f88e9984,32,missing_knowledge
kernel32.dll,0x1800300dc,func_pdata_0x1800300dc,func_pdata_,Y,235,7d,1,0,N,N,0xa07eff9a360aeaea,32,missing_knowledge
kernel32.dll,0x180030312,func_pdata_0x180030312,func_pdata_,Y,12,4,1,0,N,N,0x9c8b30159c2e8253,32,missing_knowledge
kernel32.dll,0x180030326,func_pdata_0x180030326,func_pdata_,Y,48,16,1,0,N,N,0x9b07695a0b9f5ce3,32,missing_knowledge
kernel32.dll,0x180030370,func_pdata_0x180030370,func_pdata_,Y,4c,13,1,0,N,N,0xcb9a837a5d777972,32,missing_knowledge
kernel32.dll,0x1800303be,func_pdata_0x1800303be,func_pdata_,Y,23,a,1,0,N,N,0xaa5791d4e50bd3cc,32,missing_knowledge
kernel32.dll,0x1800303e2,func_pdata_0x1800303e2,func_pdata_,Y,1e,7,1,0,N,N,0x903e6a41fdb29d82,32,missing_knowledge
kernel32.dll,0x180030402,func_pdata_0x180030402,func_pdata_,Y,22,7,1,0,N,N,0xc4aba0350060ced3,32,missing_knowledge
kernel32.dll,0x180030426,func_pdata_0x180030426,func_pdata_,Y,21b,7a,2,0,N,N,0x603e4ab9ca92a17d,32,missing_knowledge
kernel32.dll,0x180030642,func_pdata_0x180030642,func_pdata_,Y,2c,b,1,0,N,N,0x0dbf3cfb4012cf6f,32,missing_knowledge
kernel32.dll,0x180030670,func_pdata_0x180030670,func_pdata_,Y,53,10,1,0,N,N,0x32f9107ab61e8c97,32,missing_knowledge
kernel32.dll,0x1800306c4,func_pdata_0x1800306c4,func_pdata_,Y,5b,15,2,0,N,N,0x313a371f61f4b880,32,missing_knowledge
kernel32.dll,0x180030720,func_pdata_0x180030720,func_pdata_,Y,61,18,1,0,N,N,0xdffb80818cbae751,32,missing_knowledge
kernel32.dll,0x180030782,func_pdata_0x180030782,func_pdata_,Y,12,4,1,0,N,N,0x2f255e2d94a0d4de,32,missing_knowledge
kernel32.dll,0x180030796,func_pdata_0x180030796,func_pdata_,Y,2ac,bf,1,0,N,N,0x378c659b98845f12,32,missing_knowledge
kernel32.dll,0x180030a44,func_pdata_0x180030a44,func_pdata_,Y,4a,10,1,0,N,N,0x0de5e5966922dff4,32,missing_knowledge
kernel32.dll,0x180030b00,func_pdata_0x180030b00,func_pdata_,Y,229,8c,1,0,N,N,0xa2b5526fb1710f96,32,missing_knowledge
kernel32.dll,0x180030d2a,func_pdata_0x180030d2a,func_pdata_,Y,3e9,fe,2,0,N,N,0xfedd4eaa2963f65e,32,missing_knowledge
kernel32.dll,0x180031114,func_pdata_0x180031114,func_pdata_,Y,32,c,1,0,N,N,0x27677c2642dc4acc,32,missing_knowledge
kernel32.dll,0x180031148,func_pdata_0x180031148,func_pdata_,Y,33,f,4,0,N,N,0xf9ee9881e31e795f,32,missing_knowledge
kernel32.dll,0x18003117c,func_pdata_0x18003117c,func_pdata_,Y,10,4,1,0,N,N,0x2a2e250e165c394e,32,missing_knowledge
kernel32.dll,0x18003118e,func_pdata_0x18003118e,func_pdata_,Y,17,5,1,0,N,N,0xcebcb1a3684828ec,32,missing_knowledge
kernel32.dll,0x1800311a6,func_pdata_0x1800311a6,func_pdata_,Y,1e,7,1,0,N,N,0x5864f7f557b587b8,32,missing_knowledge
kernel32.dll,0x1800311da,func_pdata_0x1800311da,func_pdata_,Y,15,5,1,0,N,N,0xb2caf733d8bbaa12,32,missing_knowledge
kernel32.dll,0x1800311f0,func_pdata_0x1800311f0,func_pdata_,Y,5c,15,1,0,N,N,0x85a94961bdf05dc8,32,missing_knowledge
kernel32.dll,0x18003124e,func_pdata_0x18003124e,func_pdata_,Y,1d,7,1,0,N,N,0xc25c07fdd5bb7353,32,missing_knowledge
kernel32.dll,0x18003126c,func_pdata_0x18003126c,func_pdata_,Y,1d3,66,1,0,N,N,0x6be73f6d880d0876,32,missing_knowledge
kernel32.dll,0x180031440,func_pdata_0x180031440,func_pdata_,Y,3a,e,1,0,N,N,0x6782e4325857c13d,32,missing_knowledge
kernel32.dll,0x18003147c,func_pdata_0x18003147c,func_pdata_,Y,17a,5c,1,0,N,N,0x29d8d2d52ce5c305,32,missing_knowledge
kernel32.dll,0x1800315f8,func_pdata_0x1800315f8,func_pdata_,Y,fe,39,1,0,N,N,0x43f9e939b10b5b2a,32,missing_knowledge
kernel32.dll,0x1800316f8,func_pdata_0x1800316f8,func_pdata_,Y,94,23,2,0,N,N,0x1994ffc497489d87,32,missing_knowledge
kernel32.dll,0x180031796,func_pdata_0x180031796,func_pdata_,Y,67,16,1,0,N,N,0xdf212ce71ec54769,32,missing_knowledge
kernel32.dll,0x180031830,func_pdata_0x180031830,func_pdata_,Y,b6,2c,1,0,N,N,0x764176459dd3a076,32,missing_knowledge
kernel32.dll,0x1800318e8,func_pdata_0x1800318e8,func_pdata_,Y,18c,5d,1,0,N,N,0x631adc927a4875e2,32,missing_knowledge
kernel32.dll,0x180031a76,func_pdata_0x180031a76,func_pdata_,Y,300,a7,1,0,N,N,0x91cad50f015e5be0,32,missing_knowledge
kernel32.dll,0x180031d78,func_pdata_0x180031d78,func_pdata_,Y,37,b,1,0,N,N,0x8fa0586e5ce1cae2,32,missing_knowledge
kernel32.dll,0x180031db0,func_pdata_0x180031db0,func_pdata_,Y,64,1b,1,0,N,N,0x27efa80ca31c2db3,32,missing_knowledge
kernel32.dll,0x180031e16,func_pdata_0x180031e16,func_pdata_,Y,14e,48,1,0,N,N,0x2c7979f16f30ca25,32,missing_knowledge
kernel32.dll,0x180031f66,func_pdata_0x180031f66,func_pdata_,Y,2a7,96,1,0,N,N,0xa6ff4cded7c66290,32,missing_knowledge
kernel32.dll,0x18003220e,func_pdata_0x18003220e,func_pdata_,Y,43,11,1,0,N,N,0xfa02b79c9fd854cf,32,missing_knowledge
kernel32.dll,0x180032252,func_pdata_0x180032252,func_pdata_,Y,59,15,1,0,N,N,0x8125cfac16158990,32,missing_knowledge
kernel32.dll,0x1800322ac,func_pdata_0x1800322ac,func_pdata_,Y,159,52,1,0,N,N,0x020eafcd13ee26c8,32,missing_knowledge
kernel32.dll,0x180032406,func_pdata_0x180032406,func_pdata_,Y,bd,27,1,0,N,N,0x34dfd914f72e38c1,32,missing_knowledge
kernel32.dll,0x1800324c4,func_pdata_0x1800324c4,func_pdata_,Y,67,16,1,0,N,N,0xdf077453af0566eb,32,missing_knowledge
kernel32.dll,0x18003252c,func_pdata_0x18003252c,func_pdata_,Y,10,4,1,0,N,N,0x25c15fb8a5613bdd,32,missing_knowledge
kernel32.dll,0x18003254c,func_pdata_0x18003254c,func_pdata_,Y,2c,9,1,0,N,N,0x510a8828e6049e45,32,missing_knowledge
kernel32.dll,0x18003257a,func_pdata_0x18003257a,func_pdata_,Y,93,22,2,0,N,N,0x975839c991673825,32,missing_knowledge
kernel32.dll,0x18003261a,func_pdata_0x18003261a,func_pdata_,Y,9,2,1,0,N,N,0x2064ea358b782fd4,32,missing_knowledge
kernel32.dll,0x180032624,func_pdata_0x180032624,func_pdata_,Y,4d,10,1,0,N,N,0x4a45b84110a81878,32,missing_knowledge
kernel32.dll,0x180032672,func_pdata_0x180032672,func_pdata_,Y,63,14,1,0,N,N,0x954389124d47811b,32,missing_knowledge
kernel32.dll,0x1800326d6,func_pdata_0x1800326d6,func_pdata_,Y,31,9,1,0,N,N,0x4d5b81d081d86448,32,missing_knowledge
kernel32.dll,0x180032708,func_pdata_0x180032708,func_pdata_,Y,5d,16,1,0,N,N,0xf07d9c817f468eee,32,missing_knowledge
kernel32.dll,0x180032766,func_pdata_0x180032766,func_pdata_,Y,68,15,1,0,N,N,0x125a9a5d5d60e6a6,32,missing_knowledge
kernel32.dll,0x1800327d0,func_pdata_0x1800327d0,func_pdata_,Y,73,1b,1,0,N,N,0x7d6e816537eb00ca,32,missing_knowledge
kernel32.dll,0x180032844,func_pdata_0x180032844,func_pdata_,Y,63,14,1,0,N,N,0x322bd1cc52b7ce66,32,missing_knowledge
kernel32.dll,0x1800328a8,func_pdata_0x1800328a8,func_pdata_,Y,3d,e,1,0,N,N,0x5c2dbe9be304b8cf,32,missing_knowledge
kernel32.dll,0x1800328e6,func_pdata_0x1800328e6,func_pdata_,Y,41,e,1,0,N,N,0xae18d015a368e93e,32,missing_knowledge
kernel32.dll,0x180032928,func_pdata_0x180032928,func_pdata_,Y,e4,32,1,0,N,N,0x2336f680d49de5cb,32,missing_knowledge
kernel32.dll,0x180032a0e,func_pdata_0x180032a0e,func_pdata_,Y,11,4,1,0,N,N,0x35b4d6ce168ae75a,32,missing_knowledge
kernel32.dll,0x180032a20,func_pdata_0x180032a20,func_pdata_,Y,36,b,1,0,N,N,0xb48f184b260989b2,32,missing_knowledge
kernel32.dll,0x180032a58,func_pdata_0x180032a58,func_pdata_,Y,f7,36,1,0,N,N,0x9a75440bce28d94e,32,missing_knowledge
kernel32.dll,0x180032b50,func_pdata_0x180032b50,func_pdata_,Y,60,12,1,0,N,N,0xdac81a74d2abd8ba,32,missing_knowledge
kernel32.dll,0x180032bb2,func_pdata_0x180032bb2,func_pdata_,Y,54,11,1,1,N,N,0x6d140a36f1b22e80,32,missing_knowledge
kernel32.dll,0x180032c08,func_pdata_0x180032c08,func_pdata_,Y,63,14,1,0,N,N,0xe5b53537a2999491,32,missing_knowledge
kernel32.dll,0x180032c6c,func_pdata_0x180032c6c,func_pdata_,Y,28,8,1,0,N,N,0xb497cd3724bb1524,32,missing_knowledge
kernel32.dll,0x180032c96,func_pdata_0x180032c96,func_pdata_,Y,34,b,1,1,N,N,0x5c8aa1bb8980e87a,32,missing_knowledge
kernel32.dll,0x180032ccc,func_pdata_0x180032ccc,func_pdata_,Y,27,8,1,0,N,N,0xe82b71c730eee6e0,32,missing_knowledge
kernel32.dll,0x180032cf4,func_pdata_0x180032cf4,func_pdata_,Y,41,d,1,0,N,N,0xa3328954fb359ea0,32,missing_knowledge
kernel32.dll,0x180032d36,func_pdata_0x180032d36,func_pdata_,Y,28,8,1,0,N,N,0x3788b4b368846132,32,missing_knowledge
kernel32.dll,0x180032d60,func_pdata_0x180032d60,func_pdata_,Y,35,b,1,1,N,N,0xa9f1ad07798947ea,32,missing_knowledge
kernel32.dll,0x180032d96,func_pdata_0x180032d96,func_pdata_,Y,13,4,1,0,N,N,0x4329ce7914d686c5,32,missing_knowledge
kernel32.dll,0x180032daa,func_pdata_0x180032daa,func_pdata_,Y,32,a,1,0,N,N,0x651768b1852d3a20,32,missing_knowledge
kernel32.dll,0x180032dde,func_pdata_0x180032dde,func_pdata_,Y,4c,f,1,0,N,N,0x625f324d590473d6,32,missing_knowledge
kernel32.dll,0x180032e2c,func_pdata_0x180032e2c,func_pdata_,Y,24,7,1,0,N,N,0x31e96ee5c3500909,32,missing_knowledge
kernel32.dll,0x180032e52,func_pdata_0x180032e52,func_pdata_,Y,23,7,1,0,N,N,0xc3bbc46aa31d31e3,32,missing_knowledge
kernel32.dll,0x180032e76,func_pdata_0x180032e76,func_pdata_,Y,23,7,1,0,N,N,0x46ed06972daa2267,32,missing_knowledge
kernel32.dll,0x180032e9a,func_pdata_0x180032e9a,func_pdata_,Y,ae,23,1,0,N,N,0xe2cb5353d53af1c0,32,missing_knowledge
kernel32.dll,0x180032f4a,func_pdata_0x180032f4a,func_pdata_,Y,51,10,1,0,N,N,0xaa0db91b1e80d5fd,32,missing_knowledge
kernel32.dll,0x180032f9c,func_pdata_0x180032f9c,func_pdata_,Y,73,15,1,0,N,N,0x4318a5ad7c0fd917,32,missing_knowledge
kernel32.dll,0x180033010,func_pdata_0x180033010,func_pdata_,Y,3f,e,1,0,N,N,0xf125bd94d5395169,32,missing_knowledge
kernel32.dll,0x180033050,func_pdata_0x180033050,func_pdata_,Y,24,7,1,0,N,N,0x63d381d69b025fc1,32,missing_knowledge
kernel32.dll,0x180033076,func_pdata_0x180033076,func_pdata_,Y,c2,27,1,0,N,N,0xc4ba36e5cbbc41dc,32,missing_knowledge
kernel32.dll,0x18003313a,func_pdata_0x18003313a,func_pdata_,Y,24,7,1,0,N,N,0x84c289cfe9820464,32,missing_knowledge
kernel32.dll,0x180033160,func_pdata_0x180033160,func_pdata_,Y,37,10,1,0,N,N,0xe87167b1cd24d449,32,missing_knowledge
kernel32.dll,0x180033198,func_pdata_0x180033198,func_pdata_,Y,15,5,1,0,N,N,0x45d5dcbb64f43571,32,missing_knowledge
kernel32.dll,0x1800331ae,func_pdata_0x1800331ae,func_pdata_,Y,b8,23,1,0,N,N,0xdefa43bcc251fc18,32,missing_knowledge
kernel32.dll,0x180033268,func_pdata_0x180033268,func_pdata_,Y,54,12,1,0,N,N,0xb369361ebe6c6b51,32,missing_knowledge
kernel32.dll,0x1800332be,func_pdata_0x1800332be,func_pdata_,Y,3d,d,1,0,N,N,0xa9983150206bf2b1,32,missing_knowledge
kernel32.dll,0x1800332fc,func_pdata_0x1800332fc,func_pdata_,Y,65,17,1,0,N,N,0xdf861a13e21dfc79,32,missing_knowledge
kernel32.dll,0x180033362,func_pdata_0x180033362,func_pdata_,Y,9e,1f,1,0,N,N,0x8c0c009a7f484dbb,32,missing_knowledge
kernel32.dll,0x180033402,func_pdata_0x180033402,func_pdata_,Y,538,111,1,0,N,N,0xb06b41c723943650,32,missing_knowledge
kernel32.dll,0x18003393c,func_pdata_0x18003393c,func_pdata_,Y,5a,1a,1,0,N,N,0x975069a25623fd3a,32,missing_knowledge
kernel32.dll,0x180033998,func_pdata_0x180033998,func_pdata_,Y,32,b,1,0,N,N,0xa3154991c0a416ff,32,missing_knowledge
kernel32.dll,0x1800339cc,func_pdata_0x1800339cc,func_pdata_,Y,a7,28,1,0,N,N,0x2d0bf69abe376b97,32,missing_knowledge
kernel32.dll,0x180033a74,func_pdata_0x180033a74,func_pdata_,Y,32,c,1,0,N,N,0x29b9fdedcbfea943,32,missing_knowledge
kernel32.dll,0x180033aa8,func_pdata_0x180033aa8,func_pdata_,Y,1d,6,1,0,N,N,0xb4a9bd82fffe5f0c,32,missing_knowledge
kernel32.dll,0x180033ac6,func_pdata_0x180033ac6,func_pdata_,Y,16,5,1,0,N,N,0x7d82ee8c6db3f6b9,32,missing_knowledge
kernel32.dll,0x180033ade,func_pdata_0x180033ade,func_pdata_,Y,32,c,1,0,N,N,0x7d26efd51b26de09,32,missing_knowledge
kernel32.dll,0x180033b12,func_pdata_0x180033b12,func_pdata_,Y,3f,e,2,0,N,N,0x3814a66550630c1c,32,missing_knowledge
kernel32.dll,0x180033b52,func_pdata_0x180033b52,func_pdata_,Y,16,5,1,0,N,N,0xf96c93b99fe41de3,32,missing_knowledge
kernel32.dll,0x180033b6a,func_pdata_0x180033b6a,func_pdata_,Y,67,1b,1,0,N,N,0xd7e5e0702b843675,32,missing_knowledge
kernel32.dll,0x180033c0e,func_pdata_0x180033c0e,func_pdata_,Y,16,5,1,0,N,N,0x70fdd18c0969e1c5,32,missing_knowledge
kernel32.dll,0x180033c26,func_pdata_0x180033c26,func_pdata_,Y,91c,21b,1,0,N,N,0xce2b722dcb6d76dc,32,missing_knowledge
kernel32.dll,0x180034544,func_pdata_0x180034544,func_pdata_,Y,20,7,1,0,N,N,0x15c130da8754342a,32,missing_knowledge
kernel32.dll,0x180034566,func_pdata_0x180034566,func_pdata_,Y,79,1e,2,0,N,N,0x9ca7eb9623327115,32,missing_knowledge
kernel32.dll,0x1800345e0,func_pdata_0x1800345e0,func_pdata_,Y,29,a,2,1,Y,N,0x019a76d6c0fe186b,32,propagation_failure
kernel32.dll,0x18003460a,func_pdata_0x18003460a,func_pdata_,Y,40,e,1,0,N,N,0x539730d8a92f948f,32,missing_knowledge
kernel32.dll,0x18003464c,func_pdata_0x18003464c,func_pdata_,Y,1d,5,1,0,N,N,0x7dfb011e8fb8864a,32,missing_knowledge
kernel32.dll,0x18003467c,func_pdata_0x18003467c,func_pdata_,Y,dc,41,2,0,N,N,0x0850366967ee589d,32,missing_knowledge
kernel32.dll,0x18003475a,func_pdata_0x18003475a,func_pdata_,Y,3b,f,1,0,N,N,0x66949dc712d0dd75,32,missing_knowledge
kernel32.dll,0x180034796,func_pdata_0x180034796,func_pdata_,Y,16,5,2,0,N,N,0xfac2fbfddeb8a7b9,32,missing_knowledge
kernel32.dll,0x1800347ae,func_pdata_0x1800347ae,func_pdata_,Y,41,c,1,0,N,N,0x92eddf7c774872d8,32,missing_knowledge
kernel32.dll,0x1800347f0,func_pdata_0x1800347f0,func_pdata_,Y,65,16,3,0,N,N,0xdf500191c42ad268,32,missing_knowledge
kernel32.dll,0x180034856,func_pdata_0x180034856,func_pdata_,Y,82,1f,1,0,N,N,0x1b38ccd606ce4052,32,missing_knowledge
kernel32.dll,0x1800348da,func_pdata_0x1800348da,func_pdata_,Y,17,5,1,0,N,N,0x257659797dd71f08,32,missing_knowledge
kernel32.dll,0x1800348f2,func_pdata_0x1800348f2,func_pdata_,Y,23,8,1,0,N,N,0xf9850fe06e318977,32,missing_knowledge
kernel32.dll,0x180034916,func_pdata_0x180034916,func_pdata_,Y,40,d,1,0,N,N,0x7a6fefb6a4aeaedb,32,missing_knowledge
kernel32.dll,0x180034958,func_pdata_0x180034958,func_pdata_,Y,9,2,2,0,N,N,0x6f1e3c19940cebb2,32,missing_knowledge
kernel32.dll,0x180034962,func_pdata_0x180034962,func_pdata_,Y,14,5,1,0,N,N,0x5d8de915cd5f13cf,32,missing_knowledge
kernel32.dll,0x180034978,func_pdata_0x180034978,func_pdata_,Y,126,53,2,0,N,N,0x2e82d30eaf4a1fda,32,missing_knowledge
kernel32.dll,0x180034aa0,func_pdata_0x180034aa0,func_pdata_,Y,55,14,1,0,N,N,0x885b25679cd81ebc,32,missing_knowledge
kernel32.dll,0x180034af6,func_pdata_0x180034af6,func_pdata_,Y,9,2,2,0,N,N,0x13451cef9ed1c240,32,missing_knowledge
kernel32.dll,0x180034b00,func_pdata_0x180034b00,func_pdata_,Y,5d,16,1,0,N,N,0x1b332be8f01915c6,32,missing_knowledge
kernel32.dll,0x180034b5e,func_pdata_0x180034b5e,func_pdata_,Y,24,8,1,0,N,N,0xc482a3ae2f5ec67e,32,missing_knowledge
kernel32.dll,0x180034b84,func_pdata_0x180034b84,func_pdata_,Y,1a,6,1,0,N,N,0x261eff6ec1efa87a,32,missing_knowledge
kernel32.dll,0x180034ba0,func_pdata_0x180034ba0,func_pdata_,Y,20,7,1,0,N,N,0x8b63a0aab41002ef,32,missing_knowledge
kernel32.dll,0x180034bc2,func_pdata_0x180034bc2,func_pdata_,Y,6c,17,1,0,N,N,0x5eb65e125449bab1,32,missing_knowledge
kernel32.dll,0x180034c30,func_pdata_0x180034c30,func_pdata_,Y,1d8,62,1,0,N,N,0xc89fc3642494257c,32,missing_knowledge
kernel32.dll,0x180034e0a,func_pdata_0x180034e0a,func_pdata_,Y,11,4,1,0,N,N,0xb65cfadf70b663ad,32,missing_knowledge
kernel32.dll,0x180034e1c,func_pdata_0x180034e1c,func_pdata_,Y,10,4,1,0,N,N,0x2d62501644a88b75,32,missing_knowledge
kernel32.dll,0x180034e2e,func_pdata_0x180034e2e,func_pdata_,Y,19,6,1,0,N,N,0x7203aaeda91859fa,32,missing_knowledge
kernel32.dll,0x180034e48,func_pdata_0x180034e48,func_pdata_,Y,2d,9,1,0,N,N,0x57485de528fdd81e,32,missing_knowledge
kernel32.dll,0x180034e76,func_pdata_0x180034e76,func_pdata_,Y,41d,e1,1,0,N,N,0xea99b875c8e21748,32,missing_knowledge
kernel32.dll,0x180035294,func_pdata_0x180035294,func_pdata_,Y,27,a,1,0,N,N,0x45e457e8fed3aefd,32,missing_knowledge
kernel32.dll,0x1800352bc,func_pdata_0x1800352bc,func_pdata_,Y,bc,34,2,0,N,N,0x62e6521d873c0c0c,32,missing_knowledge
kernel32.dll,0x180035390,func_pdata_0x180035390,func_pdata_,Y,24,9,1,0,N,N,0xb502d7170b00ca72,32,missing_knowledge
kernel32.dll,0x1800353b6,func_pdata_0x1800353b6,func_pdata_,Y,17,5,1,0,N,N,0x03af2106101fc32d,32,missing_knowledge
kernel32.dll,0x1800353ce,func_pdata_0x1800353ce,func_pdata_,Y,e,4,1,0,N,N,0xb76b98d738266d51,32,missing_knowledge
kernel32.dll,0x1800353de,func_pdata_0x1800353de,func_pdata_,Y,27,9,1,0,N,N,0x716b77fdf22d1d17,32,missing_knowledge
kernel32.dll,0x180035406,func_pdata_0x180035406,func_pdata_,Y,87,25,1,0,N,N,0x132ee43896dc9066,32,missing_knowledge
kernel32.dll,0x18003548e,func_pdata_0x18003548e,func_pdata_,Y,7c,20,1,0,N,N,0x41d705fb56baf64e,32,missing_knowledge
kernel32.dll,0x18003550c,func_pdata_0x18003550c,func_pdata_,Y,16,6,1,0,N,N,0x0b508b9e08e16a85,32,missing_knowledge
kernel32.dll,0x180035524,func_pdata_0x180035524,func_pdata_,Y,19,7,1,1,N,N,0x85980398ff890688,32,missing_knowledge
kernel32.dll,0x18003553e,func_pdata_0x18003553e,func_pdata_,Y,81,19,1,0,N,N,0x059f9baab9fc8e6c,32,missing_knowledge
kernel32.dll,0x1800355c0,func_pdata_0x1800355c0,func_pdata_,Y,148,4d,1,0,N,N,0xf269fe6ab5dc7da0,32,missing_knowledge
kernel32.dll,0x18003570a,func_pdata_0x18003570a,func_pdata_,Y,ec,35,1,0,N,N,0xd936da7e6c6a976f,32,missing_knowledge
kernel32.dll,0x180035824,func_pdata_0x180035824,func_pdata_,Y,69,1a,1,0,N,N,0x040fc20e68a3ea9a,32,missing_knowledge
kernel32.dll,0x18003588e,func_pdata_0x18003588e,func_pdata_,Y,c8,31,1,0,N,N,0x635f726a0339717f,32,missing_knowledge
kernel32.dll,0x180035958,func_pdata_0x180035958,func_pdata_,Y,98,28,1,0,N,N,0xbbee87ef93c2dc8a,32,missing_knowledge
kernel32.dll,0x1800359f2,func_pdata_0x1800359f2,func_pdata_,Y,38,c,3,0,N,N,0xfdec26c025aa8009,32,missing_knowledge
kernel32.dll,0x180035a2c,func_pdata_0x180035a2c,func_pdata_,Y,14,6,1,0,N,N,0xf055affafa46a72c,32,missing_knowledge
kernel32.dll,0x180035a42,func_pdata_0x180035a42,func_pdata_,Y,380,c4,1,0,N,N,0x5abe94df2abe990d,32,missing_knowledge
kernel32.dll,0x180035dc4,func_pdata_0x180035dc4,func_pdata_,Y,b8,2a,1,0,N,N,0x483e9728791e2032,32,missing_knowledge
kernel32.dll,0x180035e7e,func_pdata_0x180035e7e,func_pdata_,Y,d,4,2,0,N,N,0xd011abdf821ec82d,32,missing_knowledge
kernel32.dll,0x180035e8c,func_pdata_0x180035e8c,func_pdata_,Y,b0,2e,1,0,N,N,0x90bad9d8997d9dc8,32,missing_knowledge
kernel32.dll,0x180035f3e,func_pdata_0x180035f3e,func_pdata_,Y,9,2,1,0,N,N,0xe6aa4de3daecb8df,32,missing_knowledge
kernel32.dll,0x180035f48,func_pdata_0x180035f48,func_pdata_,Y,141,4f,1,0,N,N,0xec2ed6ebdd31eb67,32,missing_knowledge
kernel32.dll,0x18003608a,func_pdata_0x18003608a,func_pdata_,Y,7f,1e,1,0,N,N,0x0e5cd16e8d4c8181,32,missing_knowledge
kernel32.dll,0x18003610a,func_pdata_0x18003610a,func_pdata_,Y,186,55,1,0,N,N,0x6dd55930d2d22b74,32,missing_knowledge
kernel32.dll,0x180036292,func_pdata_0x180036292,func_pdata_,Y,52,14,1,0,N,N,0x5db8b0e7012dcd62,32,missing_knowledge
kernel32.dll,0x1800362e6,func_pdata_0x1800362e6,func_pdata_,Y,17,5,1,0,N,N,0xfff505e74729db68,32,missing_knowledge
kernel32.dll,0x1800362fe,func_pdata_0x1800362fe,func_pdata_,Y,64,17,1,0,N,N,0x9eb4a79d1ef0db56,32,missing_knowledge
kernel32.dll,0x180036364,func_pdata_0x180036364,func_pdata_,Y,64,19,1,0,N,N,0x22dfca3a4a8d2908,32,missing_knowledge
kernel32.dll,0x1800363ca,func_pdata_0x1800363ca,func_pdata_,Y,17,5,1,0,N,N,0xae9bcf0483aac219,32,missing_knowledge
kernel32.dll,0x1800363e2,func_pdata_0x1800363e2,func_pdata_,Y,14,6,1,0,N,N,0x12be5a527b2a37f6,32,missing_knowledge
kernel32.dll,0x1800363f8,func_pdata_0x1800363f8,func_pdata_,Y,13,4,1,0,N,N,0x38d09988f5ad2101,32,missing_knowledge
kernel32.dll,0x18003640c,func_pdata_0x18003640c,func_pdata_,Y,10,4,1,0,N,N,0x588c78515c8b9e30,32,missing_knowledge
kernel32.dll,0x18003641e,func_pdata_0x18003641e,func_pdata_,Y,9,2,1,0,N,N,0xcad635a68b708271,32,missing_knowledge
kernel32.dll,0x180036428,func_pdata_0x180036428,func_pdata_,Y,f,2,1,0,N,N,0x5ff5b50f22bd280c,32,missing_knowledge
kernel32.dll,0x180036438,func_pdata_0x180036438,func_pdata_,Y,1f,7,1,0,N,N,0xbe8737d7fd7d2e82,32,missing_knowledge
kernel32.dll,0x180036458,func_pdata_0x180036458,func_pdata_,Y,14,5,1,0,N,N,0x8906633236a79376,32,missing_knowledge
kernel32.dll,0x18003646e,func_pdata_0x18003646e,func_pdata_,Y,23,8,1,0,N,N,0xeb2293ed6b366ebd,32,missing_knowledge
kernel32.dll,0x180036492,func_pdata_0x180036492,func_pdata_,Y,26,9,1,0,N,N,0x1bf5d1dfa2b9ed75,32,missing_knowledge
kernel32.dll,0x1800364ba,func_pdata_0x1800364ba,func_pdata_,Y,4a,12,1,0,N,N,0x24e8336f5ed808cd,32,missing_knowledge
kernel32.dll,0x180036506,func_pdata_0x180036506,func_pdata_,Y,f,4,1,0,N,N,0xb1a3a5eb6de43780,32,missing_knowledge
kernel32.dll,0x180036516,func_pdata_0x180036516,func_pdata_,Y,27,a,1,0,N,N,0x731c7fca9fb05a27,32,missing_knowledge
kernel32.dll,0x18003653e,func_pdata_0x18003653e,func_pdata_,Y,af,2c,1,0,N,N,0x97b3f4b89dbd22b5,32,missing_knowledge
kernel32.dll,0x1800365ee,func_pdata_0x1800365ee,func_pdata_,Y,4a,12,1,0,N,N,0xef62fd65bfb41a95,32,missing_knowledge
kernel32.dll,0x18003663a,func_pdata_0x18003663a,func_pdata_,Y,6b,1f,1,0,N,N,0x7f86f07a0ecbf3f3,32,missing_knowledge
kernel32.dll,0x1800366a6,func_pdata_0x1800366a6,func_pdata_,Y,f,4,1,0,N,N,0xbd4aeebf10beab37,32,missing_knowledge
kernel32.dll,0x1800366b6,func_pdata_0x1800366b6,func_pdata_,Y,13,5,1,0,N,N,0xd374d993793e4c46,32,missing_knowledge
kernel32.dll,0x1800366ca,func_pdata_0x1800366ca,func_pdata_,Y,9,2,1,0,N,N,0x36e8434106602d1d,32,missing_knowledge
kernel32.dll,0x1800366d4,func_pdata_0x1800366d4,func_pdata_,Y,12,4,1,0,N,N,0x2b5ec9096d147702,32,missing_knowledge
kernel32.dll,0x1800366e8,func_pdata_0x1800366e8,func_pdata_,Y,54,12,1,0,N,N,0x3c516c778367151c,32,missing_knowledge
kernel32.dll,0x18003673e,func_pdata_0x18003673e,func_pdata_,Y,5e,13,1,0,N,N,0xfc384fc9e934b1dc,32,missing_knowledge
kernel32.dll,0x18003679e,func_pdata_0x18003679e,func_pdata_,Y,29,8,1,0,N,N,0x6ed3bc83af61bd1d,32,missing_knowledge
kernel32.dll,0x1800367c8,func_pdata_0x1800367c8,func_pdata_,Y,64,14,1,0,N,N,0xd6616ec1ac59e693,32,missing_knowledge
kernel32.dll,0x18003682e,func_pdata_0x18003682e,func_pdata_,Y,28,8,1,0,N,N,0x3dec61894041ccd4,32,missing_knowledge
kernel32.dll,0x180036858,func_pdata_0x180036858,func_pdata_,Y,11,4,1,0,N,N,0xeb8afe879255276a,32,missing_knowledge
kernel32.dll,0x18003686a,func_pdata_0x18003686a,func_pdata_,Y,d4,2e,1,0,N,N,0xa68fdef57657f106,32,missing_knowledge
kernel32.dll,0x180036940,func_pdata_0x180036940,func_pdata_,Y,35,d,1,0,N,N,0x73ab10816ffc7901,32,missing_knowledge
kernel32.dll,0x180036976,func_pdata_0x180036976,func_pdata_,Y,43,11,1,0,N,N,0x6750a15d55fac699,32,missing_knowledge
kernel32.dll,0x1800369ba,func_pdata_0x1800369ba,func_pdata_,Y,15,5,1,0,N,N,0x711983e74550848b,32,missing_knowledge
kernel32.dll,0x1800369d0,func_pdata_0x1800369d0,func_pdata_,Y,16,5,1,0,N,N,0xcf675e6190285a74,32,missing_knowledge
kernel32.dll,0x1800369e8,func_pdata_0x1800369e8,func_pdata_,Y,3e,e,1,0,N,N,0xfceee2a1c6946a6e,32,missing_knowledge
kernel32.dll,0x180036a28,func_pdata_0x180036a28,func_pdata_,Y,9,2,1,0,N,N,0x473983e48e060dcb,32,missing_knowledge
kernel32.dll,0x180036a32,func_pdata_0x180036a32,func_pdata_,Y,d1,30,1,0,N,N,0x03baf955719ee674,32,missing_knowledge
kernel32.dll,0x180036b04,func_pdata_0x180036b04,func_pdata_,Y,27,b,1,0,N,N,0x95eccd03cc225079,32,missing_knowledge
kernel32.dll,0x180036b2c,func_pdata_0x180036b2c,func_pdata_,Y,32,9,1,0,N,N,0x80eaa5ea50944620,32,missing_knowledge
kernel32.dll,0x180036b60,func_pdata_0x180036b60,func_pdata_,Y,3d,10,1,0,N,N,0xce164941994531cc,32,missing_knowledge
kernel32.dll,0x180036b9e,func_pdata_0x180036b9e,func_pdata_,Y,c3,29,1,0,N,N,0x7d063bb14a8cfa24,32,missing_knowledge
kernel32.dll,0x180036c62,func_pdata_0x180036c62,func_pdata_,Y,20,8,1,0,N,N,0x02a24bd6eb2cdb8e,32,missing_knowledge
kernel32.dll,0x180036c84,func_pdata_0x180036c84,func_pdata_,Y,d1,2f,1,0,N,N,0xc3848dbc636cb412,32,missing_knowledge
kernel32.dll,0x180036d56,func_pdata_0x180036d56,func_pdata_,Y,14,5,1,0,N,N,0x0466692995a7aa9e,32,missing_knowledge
kernel32.dll,0x180036d6c,func_pdata_0x180036d6c,func_pdata_,Y,c8,2b,1,0,N,N,0xbeade52f59f384f3,32,missing_knowledge
kernel32.dll,0x180036e36,func_pdata_0x180036e36,func_pdata_,Y,2a,b,1,0,N,N,0xb9b8196ff5471040,32,missing_knowledge
kernel32.dll,0x180036e62,func_pdata_0x180036e62,func_pdata_,Y,75,1b,1,0,N,N,0xf8863dec14974fea,32,missing_knowledge
kernel32.dll,0x180036ed8,func_pdata_0x180036ed8,func_pdata_,Y,11,4,1,0,N,N,0xc2b35accff6a1358,32,missing_knowledge
kernel32.dll,0x180036eea,func_pdata_0x180036eea,func_pdata_,Y,25,8,1,0,N,N,0x2a26b7602f3a52f4,32,missing_knowledge
kernel32.dll,0x180036f10,func_pdata_0x180036f10,func_pdata_,Y,d1,3b,1,0,N,N,0x7f77ce9bbedbb23d,32,missing_knowledge
kernel32.dll,0x180036fe2,func_pdata_0x180036fe2,func_pdata_,Y,22,8,1,0,N,N,0x33f4367371efe5f7,32,missing_knowledge
kernel32.dll,0x180037006,func_pdata_0x180037006,func_pdata_,Y,10e,48,1,0,N,N,0x266ba1889da5be68,32,missing_knowledge
kernel32.dll,0x180037116,func_pdata_0x180037116,func_pdata_,Y,dc,34,1,0,N,N,0x531c22190899f9b0,32,missing_knowledge
kernel32.dll,0x1800371f4,func_pdata_0x1800371f4,func_pdata_,Y,22,8,1,0,N,N,0x2e4982118cfafeac,32,missing_knowledge
kernel32.dll,0x180037218,func_pdata_0x180037218,func_pdata_,Y,10,4,1,0,N,N,0x9e5943033ee3d422,32,missing_knowledge
kernel32.dll,0x18003722a,func_pdata_0x18003722a,func_pdata_,Y,10,4,1,0,N,N,0x734d9ea31c15e451,32,missing_knowledge
kernel32.dll,0x18003723c,func_pdata_0x18003723c,func_pdata_,Y,d,4,1,0,N,N,0x6f3affc8acbcde21,32,missing_knowledge
kernel32.dll,0x18003724a,func_pdata_0x18003724a,func_pdata_,Y,e,5,1,0,N,N,0xea62c743a74555fd,32,missing_knowledge
kernel32.dll,0x18003725a,func_pdata_0x18003725a,func_pdata_,Y,99,1f,1,0,N,N,0xf73d83211256c33a,32,missing_knowledge
kernel32.dll,0x1800372f4,func_pdata_0x1800372f4,func_pdata_,Y,13,5,1,0,N,N,0xf2e02ac9e109faf8,32,missing_knowledge
kernel32.dll,0x180037308,func_pdata_0x180037308,func_pdata_,Y,13,5,1,0,N,N,0xd7dee83e787ffcbe,32,missing_knowledge
kernel32.dll,0x18003731c,func_pdata_0x18003731c,func_pdata_,Y,56,12,1,0,N,N,0xb32fdf30fcdd9054,32,missing_knowledge
kernel32.dll,0x180037374,func_pdata_0x180037374,func_pdata_,Y,d,4,1,0,N,N,0xfe2e322f2b409bfc,32,missing_knowledge
kernel32.dll,0x180037382,func_pdata_0x180037382,func_pdata_,Y,13,5,1,0,N,N,0x0ca5117d80c8da98,32,missing_knowledge
kernel32.dll,0x180037396,func_pdata_0x180037396,func_pdata_,Y,5b,18,1,0,N,N,0xa71d9bdde5603819,32,missing_knowledge
kernel32.dll,0x1800373f2,func_pdata_0x1800373f2,func_pdata_,Y,66,15,1,0,N,N,0x02cad3123cef3a93,32,missing_knowledge
kernel32.dll,0x18003745a,func_pdata_0x18003745a,func_pdata_,Y,e,5,1,0,N,N,0xd9de44b4bb76cf1f,32,missing_knowledge
kernel32.dll,0x18003746a,func_pdata_0x18003746a,func_pdata_,Y,13,5,1,0,N,N,0xad6d90a0e7ca8636,32,missing_knowledge
kernel32.dll,0x18003747e,func_pdata_0x18003747e,func_pdata_,Y,13,5,1,0,N,N,0xc933fe7c9c77700e,32,missing_knowledge
kernel32.dll,0x180037492,func_pdata_0x180037492,func_pdata_,Y,12,4,1,0,N,N,0x12d43323b622af9f,32,missing_knowledge
kernel32.dll,0x1800374a6,func_pdata_0x1800374a6,func_pdata_,Y,13,5,1,0,N,N,0xbce57db71570efbd,32,missing_knowledge
kernel32.dll,0x1800374ba,func_pdata_0x1800374ba,func_pdata_,Y,10,4,2,0,N,N,0x92f1607f0ce001b7,32,missing_knowledge
kernel32.dll,0x1800374cc,func_pdata_0x1800374cc,func_pdata_,Y,9,2,1,0,N,N,0x7ce711c1f7f37062,32,missing_knowledge
kernel32.dll,0x1800374d6,func_pdata_0x1800374d6,func_pdata_,Y,6d,16,1,0,N,N,0xd146e8b470cc00f7,32,missing_knowledge
kernel32.dll,0x180037544,func_pdata_0x180037544,func_pdata_,Y,30,a,1,0,N,N,0x1e8dca248d98aaf9,32,missing_knowledge
kernel32.dll,0x180037576,func_pdata_0x180037576,func_pdata_,Y,cb,29,1,0,N,N,0x61ebd8d391dc8bdd,32,missing_knowledge
kernel32.dll,0x180037642,func_pdata_0x180037642,func_pdata_,Y,1a7,60,1,0,N,N,0xf8d249025a138701,32,missing_knowledge
kernel32.dll,0x1800377ea,func_pdata_0x1800377ea,func_pdata_,Y,1c,7,1,0,N,N,0x4c378af0794d3354,32,missing_knowledge
kernel32.dll,0x180037808,func_pdata_0x180037808,func_pdata_,Y,39,e,1,0,N,N,0x762e6d75e1a2c4bd,32,missing_knowledge
kernel32.dll,0x180037842,func_pdata_0x180037842,func_pdata_,Y,144,47,1,0,N,N,0x7e4a4602b535c6bc,32,missing_knowledge
kernel32.dll,0x180037988,func_pdata_0x180037988,func_pdata_,Y,14,6,1,0,N,N,0x6e12bfbb19234cda,32,missing_knowledge
kernel32.dll,0x18003799e,func_pdata_0x18003799e,func_pdata_,Y,3c,10,1,0,N,N,0xea690f802b0156e8,32,missing_knowledge
kernel32.dll,0x1800379dc,func_pdata_0x1800379dc,func_pdata_,Y,20,8,1,0,N,N,0x82b07624ec81f674,32,missing_knowledge
kernel32.dll,0x1800379fe,func_pdata_0x1800379fe,func_pdata_,Y,d6,42,1,0,N,N,0xbd41171658a41a1b,32,missing_knowledge
kernel32.dll,0x180037ad6,func_pdata_0x180037ad6,func_pdata_,Y,4d,11,2,0,N,N,0xd64567b943f7f7b3,32,missing_knowledge
kernel32.dll,0x180037b24,func_pdata_0x180037b24,func_pdata_,Y,11,4,1,0,N,N,0xd31c4ba45dbf0098,32,missing_knowledge
kernel32.dll,0x180037b36,func_pdata_0x180037b36,func_pdata_,Y,8c,1f,2,0,N,N,0xd084fa7bc58ab8b7,32,missing_knowledge
kernel32.dll,0x180037bc4,func_pdata_0x180037bc4,func_pdata_,Y,3e,10,1,0,N,N,0x5d12facf68ee5f09,32,missing_knowledge
kernel32.dll,0x180037c04,func_pdata_0x180037c04,func_pdata_,Y,cb,32,1,0,N,N,0xf3b2fc6a80c353be,32,missing_knowledge
kernel32.dll,0x180037cd0,func_pdata_0x180037cd0,func_pdata_,Y,d9c,3f7,1,0,N,N,0xf8e80167969ffb1a,32,missing_knowledge
kernel32.dll,0x180038a6e,func_pdata_0x180038a6e,func_pdata_,Y,20,8,1,0,N,N,0x79e62f2fcc4a0675,32,missing_knowledge
kernel32.dll,0x180038a90,func_pdata_0x180038a90,func_pdata_,Y,35,b,1,0,N,N,0xe5ed19f5c43c4789,32,missing_knowledge
kernel32.dll,0x180038ac6,func_pdata_0x180038ac6,func_pdata_,Y,27,a,1,0,N,N,0x750ecd1927ee3feb,32,missing_knowledge
kernel32.dll,0x180038aee,func_pdata_0x180038aee,func_pdata_,Y,1d,7,1,0,N,N,0xc5d607501dd97f9c,32,missing_knowledge
kernel32.dll,0x180038b0c,func_pdata_0x180038b0c,func_pdata_,Y,144,47,1,0,N,N,0xf7dd2f9d69783dd9,32,missing_knowledge
kernel32.dll,0x180038c52,func_pdata_0x180038c52,func_pdata_,Y,1d,7,1,0,N,N,0xc503a20f9d6402ce,32,missing_knowledge
kernel32.dll,0x180038c70,func_pdata_0x180038c70,func_pdata_,Y,d,4,1,0,N,N,0xdbacd5b8e84f683c,32,missing_knowledge
kernel32.dll,0x180038c90,func_pdata_0x180038c90,func_pdata_,Y,1b,9,0,0,N,N,0x8989e2bc38793ed4,32,missing_knowledge
kernel32.dll,0x180038cac,func_pdata_0x180038cac,func_pdata_,Y,1f,b,0,0,N,N,0x578ded4f669909e6,32,missing_knowledge
kernel32.dll,0x180038ce0,func_data_0x6442683616,func_data_,Y,0,0,0,0,N,N,0x609f578ca4cc250c,32,discovery_failure
kernel32.dll,0x180038cf8,func_start_0x180038cf8,func_start_,Y,2,2,0,0,N,N,0x2f1badc606e9d4a6,32,missing_knowledge
kernel32.dll,0x180038d10,func_data_0x6442683664,func_data_,Y,0,0,0,0,N,N,0xe4aafe8a19591795,32,discovery_failure
kernel32.dll,0x180038d40,func_data_0x6442683712,func_data_,Y,0,0,0,0,N,N,0x18e2ed2023d6471a,32,discovery_failure
kernel32.dll,0x180038d60,func_call_0x180038d60,func_call_,Y,19,9,1,0,N,N,0x26245958f7269ee6,32,missing_knowledge
kernel32.dll,0x180038d90,func_data_0x6442683792,func_data_,Y,0,0,0,0,N,N,0x7939eab8ebc2cabe,32,discovery_failure
kernel32.dll,0x180038db4,func_pdata_0x180038db4,func_pdata_,Y,1e1,77,1,0,N,N,0x87b1076133193625,32,missing_knowledge
kernel32.dll,0x180038fa0,func_pdata_0x180038fa0,func_pdata_,Y,8e,20,0,0,N,N,0x5fe232bf65782198,32,missing_knowledge
kernel32.dll,0x180039040,func_pdata_0x180039040,func_pdata_,Y,10b,45,0,0,N,N,0xd8e4a643470f01d8,32,missing_knowledge
kernel32.dll,0x180039160,func_jmp_0x180039160,func_jmp_,Y,4,1,0,0,N,N,0xf8ff5e0f6fcfe3eb,32,missing_knowledge
kernel32.dll,0x180039170,func_pdata_0x180039170,func_pdata_,Y,f4,47,1,0,N,N,0xceb62e390aeb521c,32,missing_knowledge
kernel32.dll,0x180039270,_guard_check_icall,named,N,0,0,0,0,N,N,0x29966dd9debe0061,32,named
kernel32.dll,0x180039280,func_pdata_0x180039280,func_pdata_,Y,b5,31,0,0,N,N,0xa6c6b9d89aacad1a,32,missing_knowledge
kernel32.dll,0x180039336,func_pdata_0x180039336,func_pdata_,Y,1c,7,0,0,N,N,0x2f0a79a5495ac84d,32,missing_knowledge
kernel32.dll,0x180039360,func_pdata_0x180039360,func_pdata_,Y,40,13,0,0,N,N,0x1e56a1fdc65830f1,32,missing_knowledge
kernel32.dll,0x1800393b0,func_pdata_0x1800393b0,func_pdata_,Y,29,c,0,0,N,N,0xe14158d2df509759,32,missing_knowledge
kernel32.dll,0x1800393e0,func_pdata_0x1800393e0,func_pdata_,Y,68,1f,0,0,N,N,0xbd82d81d2f502de5,32,missing_knowledge
kernel32.dll,0x180039450,func_pdata_0x180039450,func_pdata_,Y,63,1b,0,0,N,N,0x3228a68de22412d2,32,missing_knowledge
kernel32.dll,0x1800394c0,func_pdata_0x1800394c0,func_pdata_,Y,a3,2e,0,0,N,N,0x3a5f76231cff1a69,32,missing_knowledge
kernel32.dll,0x180039570,func_pdata_0x180039570,func_pdata_,Y,42,13,0,0,N,N,0xa778d8539d51f374,32,missing_knowledge
kernel32.dll,0x1800395c0,func_pdata_0x1800395c0,func_pdata_,Y,ba,30,0,0,N,N,0x0bcb23db4cd01a28,32,missing_knowledge
kernel32.dll,0x18003967b,func_pdata_0x18003967b,func_pdata_,Y,1c,7,0,0,N,N,0x63e7cb6683348ddb,32,missing_knowledge
kernel32.dll,0x1800396a0,func_pdata_0x1800396a0,func_pdata_,Y,cc,34,0,0,N,N,0xad8a5d1f830887d0,32,missing_knowledge
kernel32.dll,0x18003976d,func_pdata_0x18003976d,func_pdata_,Y,1c,7,0,0,N,N,0x02d284899d505084,32,missing_knowledge
kernel32.dll,0x180039790,func_pdata_0x180039790,func_pdata_,Y,ba,30,0,0,N,N,0x2ec6a2ef0678e8e0,32,missing_knowledge
kernel32.dll,0x18003984b,func_pdata_0x18003984b,func_pdata_,Y,1c,7,0,0,N,N,0x8129ee5b86679ba5,32,missing_knowledge
kernel32.dll,0x180039870,func_pdata_0x180039870,func_pdata_,Y,a9,30,0,0,N,N,0x673df1566b97c599,32,missing_knowledge
kernel32.dll,0x180039920,func_pdata_0x180039920,func_pdata_,Y,130,5e,0,0,N,N,0xe26fe7ce665570b1,32,missing_knowledge
kernel32.dll,0x180039a60,func_pdata_0x180039a60,func_pdata_,Y,3f,12,0,0,N,N,0xe184a7c0bee218e7,32,missing_knowledge
kernel32.dll,0x180039ab0,func_pdata_0x180039ab0,func_pdata_,Y,13e,55,1,0,N,N,0x946a2f5cc0264558,32,missing_knowledge
kernel32.dll,0x180039c00,func_pdata_0x180039c00,func_pdata_,Y,e5,3c,0,0,N,N,0x1e04c66dd0d63478,32,missing_knowledge
kernel32.dll,0x180039ce6,func_pdata_0x180039ce6,func_pdata_,Y,25,c,0,0,N,N,0xeee107309652cb57,32,missing_knowledge
kernel32.dll,0x180039d14,func_pdata_0x180039d14,func_pdata_,Y,230,8e,2,0,N,N,0x4fb157e71e438b7d,32,missing_knowledge
kernel32.dll,0x180039f50,func_pdata_0x180039f50,func_pdata_,Y,f7,3d,0,0,N,N,0xc047532ad3763a03,32,missing_knowledge
kernel32.dll,0x18003a050,func_pdata_0x18003a050,func_pdata_,Y,f4,42,3,0,N,N,0x9cb1f257e625eb5e,32,missing_knowledge
kernel32.dll,0x18003a150,func_pdata_0x18003a150,func_pdata_,Y,29,c,0,0,N,N,0x48cb9feafbeba0dd,32,missing_knowledge
kernel32.dll,0x18003a180,func_data_0x6442688896,func_data_,Y,0,0,0,0,N,N,0x89807cd40233743f,32,discovery_failure
kernel32.dll,0x18003a1a0,func_data_0x6442688928,func_data_,Y,0,0,0,0,N,N,0x89807cd40233743f,32,discovery_failure
kernel32.dll,0x18003a1c0,func_data_0x6442688960,func_data_,Y,0,0,0,0,N,N,0xbd55210887a226db,32,discovery_failure
kernel32.dll,0x18003a1e0,func_pdata_0x18003a1e0,func_pdata_,Y,14,6,0,0,N,N,0xb855797fa9cb2991,32,missing_knowledge
kernel32.dll,0x18003a200,func_jmp_0x18003a200,func_jmp_,Y,4,1,0,0,N,N,0x0c8467a078526cdd,32,missing_knowledge
kernel32.dll,0x18003a210,func_pdata_0x18003a210,func_pdata_,Y,14,6,0,0,N,N,0xf385b2eab8dd038e,32,missing_knowledge
kernel32.dll,0x18003a230,func_jmp_0x18003a230,func_jmp_,Y,4,1,0,0,N,N,0x8c96ab8ae1e878d8,32,missing_knowledge
kernel32.dll,0x18003a240,func_data_0x6442689088,func_data_,Y,0,0,0,0,N,N,0x1d7f51e5a7e0356a,32,discovery_failure
kernel32.dll,0x18003a250,func_pdata_0x18003a250,func_pdata_,Y,18,6,0,0,N,N,0x0a39382a3280169a,32,missing_knowledge
kernel32.dll,0x18003a270,func_pdata_0x18003a270,func_pdata_,Y,a9,24,0,0,N,N,0x411e2c837cd7a624,32,missing_knowledge
kernel32.dll,0x18003a31a,func_pdata_0x18003a31a,func_pdata_,Y,1f,b,0,0,N,N,0x641ab8e3bbf1be86,32,missing_knowledge
kernel32.dll,0x18003a33a,func_pdata_0x18003a33a,func_pdata_,Y,23,a,0,0,N,N,0x72942dcd95e04363,32,missing_knowledge
kernel32.dll,0x18003a370,func_pdata_0x18003a370,func_pdata_,Y,1c,7,0,0,N,N,0x4034b1201d630f10,32,missing_knowledge
kernel32.dll,0x18003a3a0,func_pdata_0x18003a3a0,func_pdata_,Y,2e,a,0,0,N,N,0xefa0ddf5d88595f6,32,missing_knowledge
kernel32.dll,0x18003a3e0,func_pdata_0x18003a3e0,func_pdata_,Y,2e,a,0,0,N,N,0xefa0ddf5d88595f6,32,missing_knowledge
kernel32.dll,0x18003a420,func_pdata_0x18003a420,func_pdata_,Y,24,8,0,0,N,N,0x1c7da93c3d82106e,32,missing_knowledge
kernel32.dll,0x18003a450,func_pdata_0x18003a450,func_pdata_,Y,20,8,0,0,N,N,0xbd8ec38e0a8e689e,32,missing_knowledge
kernel32.dll,0x18003a480,func_pdata_0x18003a480,func_pdata_,Y,20,8,0,0,N,N,0x02b74827dc71bb4e,32,missing_knowledge
kernel32.dll,0x18003a4b0,func_pdata_0x18003a4b0,func_pdata_,Y,1ad,69,0,0,N,N,0xc96c84c689326050,32,missing_knowledge
kernel32.dll,0x18003a670,func_pdata_0x18003a670,func_pdata_,Y,29,c,1,0,N,N,0x0ff9dd4faed93dbb,32,missing_knowledge
kernel32.dll,0x18003a6a0,func_pdata_0x18003a6a0,func_pdata_,Y,86,22,0,0,N,N,0xa05cd73ab6d0863d,32,missing_knowledge
kernel32.dll,0x18003a730,func_pdata_0x18003a730,func_pdata_,Y,4c,14,0,0,N,N,0xca2446e799e3fe00,32,missing_knowledge
kernel32.dll,0x18003a790,func_pdata_0x18003a790,func_pdata_,Y,34,b,0,0,N,N,0xe0d4e404320d912e,32,missing_knowledge
kernel32.dll,0x18003a7d0,func_pdata_0x18003a7d0,func_pdata_,Y,1fd,87,0,0,N,N,0x0a9e0a3a6bcc12bf,32,missing_knowledge
kernel32.dll,0x18003a9e0,func_data_0x6442691040,func_data_,Y,0,0,0,0,N,N,0xd672aafa4953478e,32,discovery_failure
kernel32.dll,0x18003a9e5,func_jmp_0x18003a9e5,func_jmp_,Y,4,1,0,0,N,N,0x222b753bc2019896,32,missing_knowledge
kernel32.dll,0x18003a9f0,func_pdata_0x18003a9f0,func_pdata_,Y,4f,15,0,0,N,N,0xd736c8c0f98463d6,32,missing_knowledge
kernel32.dll,0x18003aa50,func_pdata_0x18003aa50,func_pdata_,Y,63,1a,0,0,N,N,0x58b7ff5164981e92,32,missing_knowledge
kernel32.dll,0x18003aac0,func_pdata_0x18003aac0,func_pdata_,Y,2a,d,0,0,N,N,0x457317593d302ce5,32,missing_knowledge
kernel32.dll,0x18003ab00,func_pdata_0x18003ab00,func_pdata_,Y,a5,2e,0,0,N,N,0xe788d4d57c5e0d58,32,missing_knowledge
kernel32.dll,0x18003abb0,func_pdata_0x18003abb0,func_pdata_,Y,133,52,1,0,N,N,0x317c1bb09f6efe24,32,missing_knowledge
kernel32.dll,0x18003acf0,func_pdata_0x18003acf0,func_pdata_,Y,15,6,0,0,N,N,0x53b6557233f12968,32,missing_knowledge
kernel32.dll,0x18003ad10,func_pdata_0x18003ad10,func_pdata_,Y,18,6,0,0,N,N,0xe6560dc6fc7affeb,32,missing_knowledge
kernel32.dll,0x18003ad30,func_pdata_0x18003ad30,func_pdata_,Y,49,18,0,0,N,N,0xfed9f6be77520337,32,missing_knowledge
kernel32.dll,0x18003ad80,func_data_0x6442691968,func_data_,Y,0,0,0,0,N,N,0x293c0b13b5dcd5a1,32,discovery_failure
kernel32.dll,0x18003ada0,func_pdata_0x18003ada0,func_pdata_,Y,771,1c5,0,0,N,N,0xe40b24c530a735bd,32,missing_knowledge
kernel32.dll,0x18003b518,func_pdata_0x18003b518,func_pdata_,Y,1c6,6f,0,0,N,N,0xd32a76b3de6fbaab,32,missing_knowledge
kernel32.dll,0x18003b6f0,func_pdata_0x18003b6f0,func_pdata_,Y,45,14,0,0,N,N,0xf562d75e8341cea9,32,missing_knowledge
kernel32.dll,0x18003b740,func_data_0x6442694464,func_data_,Y,0,0,0,0,N,N,0x3340cbc3a48b36a4,32,discovery_failure
kernel32.dll,0x18003b780,func_pdata_0x18003b780,func_pdata_,Y,7d,24,0,0,N,N,0xbc1679f32cc43088,32,missing_knowledge
kernel32.dll,0x18003b810,func_data_0x6442694672,func_data_,Y,0,0,0,0,N,N,0xa604dffc5e40e1b3,32,discovery_failure
kernel32.dll,0x18003b820,func_jmp_0x18003b820,func_jmp_,Y,4,1,0,0,N,N,0xb7090969a5f123eb,32,missing_knowledge
kernel32.dll,0x18003b830,func_jmp_0x18003b830,func_jmp_,Y,4,1,0,0,N,N,0x1f40706c549014dd,32,missing_knowledge
kernel32.dll,0x18003b840,func_pdata_0x18003b840,func_pdata_,Y,49,18,0,0,N,N,0x4195b2029c643d56,32,missing_knowledge
kernel32.dll,0x18003b890,func_pdata_0x18003b890,func_pdata_,Y,4d,18,0,0,N,N,0xc95c0dc41f0e56f5,32,missing_knowledge
kernel32.dll,0x18003b8f0,func_pdata_0x18003b8f0,func_pdata_,Y,207,74,0,0,N,N,0x311e951b2566177c,32,missing_knowledge
kernel32.dll,0x18003bb00,func_pdata_0x18003bb00,func_pdata_,Y,116,3c,1,0,N,N,0x0080acd0037c288f,32,missing_knowledge
kernel32.dll,0x18003bc20,func_pdata_0x18003bc20,func_pdata_,Y,7d,2c,7,0,N,N,0x47caa14f9e6aa0de,32,missing_knowledge
kernel32.dll,0x18003bcb0,func_pdata_0x18003bcb0,func_pdata_,Y,6d,1c,0,0,N,N,0xd6ebfda4ff7c7c9f,32,missing_knowledge
kernel32.dll,0x18003bd30,func_data_0x6442695984,func_data_,Y,0,0,0,0,N,N,0xe2d5f870107b8c87,32,discovery_failure
kernel32.dll,0x18003bd50,func_data_0x6442696016,func_data_,Y,0,0,0,0,N,N,0x6762313e8f50143e,32,discovery_failure
kernel32.dll,0x18003bd70,func_data_0x6442696048,func_data_,Y,0,0,0,0,N,N,0x3d0647ee01c2cff5,32,discovery_failure
kernel32.dll,0x18003bd90,func_data_0x6442696080,func_data_,Y,0,0,0,0,N,N,0xe818c59d8d673ca5,32,discovery_failure
kernel32.dll,0x18003bdb0,func_pdata_0x18003bdb0,func_pdata_,Y,54,10,0,0,N,N,0xfcc3404c55a2664b,32,missing_knowledge
kernel32.dll,0x18003be10,func_data_0x6442696208,func_data_,Y,0,0,0,0,N,N,0x16c2f09ec8b5289a,32,discovery_failure
kernel32.dll,0x18003be30,func_data_0x6442696240,func_data_,Y,0,0,0,0,N,N,0x3dabab05b32877da,32,discovery_failure
kernel32.dll,0x18003be50,func_data_0x6442696272,func_data_,Y,0,0,0,0,N,N,0xd5afc6a5cf515c8a,32,discovery_failure
kernel32.dll,0x18003be70,func_data_0x6442696304,func_data_,Y,0,0,0,0,N,N,0x9f7a7f731470db02,32,discovery_failure
kernel32.dll,0x18003be90,func_data_0x6442696336,func_data_,Y,0,0,0,0,N,N,0x0ccf89fb0d59ba2a,32,discovery_failure
kernel32.dll,0x18003beb0,func_data_0x6442696368,func_data_,Y,0,0,0,0,N,N,0x2a4cd86cf15d2912,32,discovery_failure
kernel32.dll,0x18003bed0,func_data_0x6442696400,func_data_,Y,0,0,0,0,N,N,0x0ccf89fb0d59ba2a,32,discovery_failure
kernel32.dll,0x18003bef0,func_pdata_0x18003bef0,func_pdata_,Y,35,10,0,0,N,N,0x87d9d69f8a038ab0,32,missing_knowledge
kernel32.dll,0x18003bf30,func_data_0x6442696496,func_data_,Y,0,0,0,0,N,N,0x6733d5c07eb5050b,32,discovery_failure
kernel32.dll,0x18003bf50,func_data_0x6442696528,func_data_,Y,0,0,0,0,N,N,0x40bf0dca1175cb64,32,discovery_failure
kernel32.dll,0x18003bf70,func_data_0x6442696560,func_data_,Y,0,0,0,0,N,N,0x21eab18605301fb0,32,discovery_failure
kernel32.dll,0x18003bf90,func_data_0x6442696592,func_data_,Y,0,0,0,0,N,N,0x9a7826ffef333058,32,discovery_failure
kernel32.dll,0x18003bfb0,func_data_0x6442696624,func_data_,Y,0,0,0,0,N,N,0x9605cb9ec3f1cbc1,32,discovery_failure
kernel32.dll,0x18003bfd0,func_data_0x6442696656,func_data_,Y,0,0,0,0,N,N,0x6bb7b989c2e83361,32,discovery_failure
kernel32.dll,0x18003bff0,func_data_0x6442696688,func_data_,Y,0,0,0,0,N,N,0xbb4ddd19c3c4cc83,32,discovery_failure
kernel32.dll,0x18003c010,func_data_0x6442696720,func_data_,Y,0,0,0,0,N,N,0x02575d9cdb43f34c,32,discovery_failure
kernel32.dll,0x18003c030,func_data_0x6442696752,func_data_,Y,0,0,0,0,N,N,0x1bb5f494e48f194d,32,discovery_failure
kernel32.dll,0x18003c050,func_data_0x6442696784,func_data_,Y,0,0,0,0,N,N,0x380d6d9db804ef9e,32,discovery_failure
kernel32.dll,0x18003c070,func_data_0x6442696816,func_data_,Y,0,0,0,0,N,N,0xf5179e586255af14,32,discovery_failure
kernel32.dll,0x18003c090,func_data_0x6442696848,func_data_,Y,0,0,0,0,N,N,0xa3808f59ae2b975c,32,discovery_failure
kernel32.dll,0x18003c0b0,func_pdata_0x18003c0b0,func_pdata_,Y,6a,14,0,0,N,N,0xf24972785026dfdb,32,missing_knowledge
kernel32.dll,0x18003c130,func_pdata_0x18003c130,func_pdata_,Y,76,16,0,0,N,N,0xe9e9c7f44db6831b,32,missing_knowledge
kernel32.dll,0x18003c1b0,func_pdata_0x18003c1b0,func_pdata_,Y,76,16,0,0,N,N,0xe9e9c7f44db6831b,32,missing_knowledge
kernel32.dll,0x18003c230,func_pdata_0x18003c230,func_pdata_,Y,42,e,0,0,N,N,0xc92c92307974bbee,32,missing_knowledge
kernel32.dll,0x18003c280,func_data_0x6442697344,func_data_,Y,0,0,0,0,N,N,0x79e4198ff45adc36,32,discovery_failure
kernel32.dll,0x18003c2a0,func_data_0x6442697376,func_data_,Y,0,0,0,0,N,N,0xbb7ccdf32113ef4a,32,discovery_failure
kernel32.dll,0x18003c2c0,func_data_0x6442697408,func_data_,Y,0,0,0,0,N,N,0xd5afc6a5cf515c8a,32,discovery_failure
kernel32.dll,0x18003c2e0,func_data_0x6442697440,func_data_,Y,0,0,0,0,N,N,0x559ef5019c316eb2,32,discovery_failure
kernel32.dll,0x18003c300,func_data_0x6442697472,func_data_,Y,0,0,0,0,N,N,0x95ffe1f87f248dd9,32,discovery_failure
kernel32.dll,0x18003c320,func_data_0x6442697504,func_data_,Y,0,0,0,0,N,N,0xc5f74b0aa6725431,32,discovery_failure
kernel32.dll,0x18003c340,func_data_0x6442697536,func_data_,Y,0,0,0,0,N,N,0x27bd514eb6e246a8,32,discovery_failure
kernel32.dll,0x18003c360,func_data_0x6442697568,func_data_,Y,0,0,0,0,N,N,0xf80ecdf9c629b62a,32,discovery_failure
kernel32.dll,0x18003c380,func_data_0x6442697600,func_data_,Y,0,0,0,0,N,N,0x6979bd86c5155cd2,32,discovery_failure
kernel32.dll,0x18003c3a0,func_data_0x6442697632,func_data_,Y,0,0,0,0,N,N,0x30f32d58beb1148d,32,discovery_failure
kernel32.dll,0x18003c3c0,func_data_0x6442697664,func_data_,Y,0,0,0,0,N,N,0xd6631f464b1abf65,32,discovery_failure
kernel32.dll,0x18003c3c3,func_jmp_0x18003c3c3,func_jmp_,Y,4,1,0,0,N,N,0x2bba8fcf1b8152f5,32,missing_knowledge
kernel32.dll,0x18003c3e0,func_data_0x6442697696,func_data_,Y,0,0,0,0,N,N,0x1a173a6e1640806d,32,discovery_failure
kernel32.dll,0x18003c400,func_data_0x6442697728,func_data_,Y,0,0,0,0,N,N,0x495feffbab5a7ed2,32,discovery_failure
kernel32.dll,0x18003c420,func_data_0x6442697760,func_data_,Y,0,0,0,0,N,N,0x69118ad68fd7a63c,32,discovery_failure
kernel32.dll,0x18003c440,func_data_0x6442697792,func_data_,Y,0,0,0,0,N,N,0x07f92b6bab34081d,32,discovery_failure
kernel32.dll,0x18003c460,func_data_0x6442697824,func_data_,Y,0,0,0,0,N,N,0x3f0a3cee151fd365,32,discovery_failure
kernel32.dll,0x18003c480,func_data_0x6442697856,func_data_,Y,0,0,0,0,N,N,0x9e9bfa36e8d2c02d,32,discovery_failure
kernel32.dll,0x18003c4a0,func_data_0x6442697888,func_data_,Y,0,0,0,0,N,N,0x81dfa38697b5fecd,32,discovery_failure
kernel32.dll,0x18003c4c0,func_data_0x6442697920,func_data_,Y,0,0,0,0,N,N,0x9a6e99278fb6338d,32,discovery_failure
kernel32.dll,0x18003c4e0,func_data_0x6442697952,func_data_,Y,0,0,0,0,N,N,0x876ad0eda740811c,32,discovery_failure
kernel32.dll,0x18003c500,func_data_0x6442697984,func_data_,Y,0,0,0,0,N,N,0x4739d949c5a8aabd,32,discovery_failure
kernel32.dll,0x18003c520,func_data_0x6442698016,func_data_,Y,0,0,0,0,N,N,0x0414563530c5fbff,32,discovery_failure
kernel32.dll,0x18003c540,func_data_0x6442698048,func_data_,Y,0,0,0,0,N,N,0xf8ba17ad2fd7c2c5,32,discovery_failure
kernel32.dll,0x18003c560,func_data_0x6442698080,func_data_,Y,0,0,0,0,N,N,0x27b386677452ff7f,32,discovery_failure
kernel32.dll,0x18003c580,func_data_0x6442698112,func_data_,Y,0,0,0,0,N,N,0x440aabd34c96eb67,32,discovery_failure
kernel32.dll,0x18003c5a0,func_data_0x6442698144,func_data_,Y,0,0,0,0,N,N,0xe998a41293c26132,32,discovery_failure
kernel32.dll,0x18003c5c0,func_data_0x6442698176,func_data_,Y,0,0,0,0,N,N,0x398f90090c71ad82,32,discovery_failure
kernel32.dll,0x18003c5e0,func_data_0x6442698208,func_data_,Y,0,0,0,0,N,N,0x913f64f8f5088a6a,32,discovery_failure
kernel32.dll,0x18003c600,func_data_0x6442698240,func_data_,Y,0,0,0,0,N,N,0xe8bd4fbb5f63e5b6,32,discovery_failure
kernel32.dll,0x18003c620,func_data_0x6442698272,func_data_,Y,0,0,0,0,N,N,0x8946120eff4d35e8,32,discovery_failure
kernel32.dll,0x18003c640,func_data_0x6442698304,func_data_,Y,0,0,0,0,N,N,0xbef5f11bfa2a7434,32,discovery_failure
kernel32.dll,0x18003c660,func_data_0x6442698336,func_data_,Y,0,0,0,0,N,N,0x1beac50fdd5d2f74,32,discovery_failure
kernel32.dll,0x18003c680,func_data_0x6442698368,func_data_,Y,0,0,0,0,N,N,0x36241d38762cf2b4,32,discovery_failure
kernel32.dll,0x18003c6a0,func_data_0x6442698400,func_data_,Y,0,0,0,0,N,N,0xc991dbc8fe2cae59,32,discovery_failure
kernel32.dll,0x18003c6c0,func_data_0x6442698432,func_data_,Y,0,0,0,0,N,N,0x797dfb920182af90,32,discovery_failure
kernel32.dll,0x18003c6e0,func_data_0x6442698464,func_data_,Y,0,0,0,0,N,N,0x33bb796e91f02e03,32,discovery_failure
kernel32.dll,0x18003c700,func_data_0x6442698496,func_data_,Y,0,0,0,0,N,N,0x527319bf3785010b,32,discovery_failure
kernel32.dll,0x18003c720,func_data_0x6442698528,func_data_,Y,0,0,0,0,N,N,0x8e87da456845b198,32,discovery_failure
kernel32.dll,0x18003c740,func_data_0x6442698560,func_data_,Y,0,0,0,0,N,N,0x65081e1e800dfda9,32,discovery_failure
kernel32.dll,0x18003c760,func_data_0x6442698592,func_data_,Y,0,0,0,0,N,N,0x7869cd625478549d,32,discovery_failure
kernel32.dll,0x18003c780,func_data_0x6442698624,func_data_,Y,0,0,0,0,N,N,0x119a3da01bc744a5,32,discovery_failure
kernel32.dll,0x18003c7a0,func_data_0x6442698656,func_data_,Y,0,0,0,0,N,N,0xed29d527e539d6c9,32,discovery_failure
kernel32.dll,0x18003c7c0,func_jmp_0x18003c7c0,func_jmp_,Y,4,1,0,0,N,N,0x589e439db262cce8,32,missing_knowledge
kernel32.dll,0x18003c7d0,func_data_0x6442698704,func_data_,Y,0,0,0,0,N,N,0x988afbc01c954b40,32,discovery_failure
kernel32.dll,0x18003c7f0,func_data_0x6442698736,func_data_,Y,0,0,0,0,N,N,0x855b8f44d9182f70,32,discovery_failure
kernel32.dll,0x18003c810,func_data_0x6442698768,func_data_,Y,0,0,0,0,N,N,0x0601a66b4d35ddf8,32,discovery_failure
kernel32.dll,0x18003c830,func_data_0x6442698800,func_data_,Y,0,0,0,0,N,N,0xa6968fb32da7de53,32,discovery_failure
kernel32.dll,0x18003c850,func_data_0x6442698832,func_data_,Y,0,0,0,0,N,N,0xe04e2066a44d87af,32,discovery_failure
kernel32.dll,0x18003c870,func_data_0x6442698864,func_data_,Y,0,0,0,0,N,N,0x571107f0911aba80,32,discovery_failure
kernel32.dll,0x18003c890,func_data_0x6442698896,func_data_,Y,0,0,0,0,N,N,0x8d772d0fb7c2ac66,32,discovery_failure
kernel32.dll,0x18003c8b0,func_data_0x6442698928,func_data_,Y,0,0,0,0,N,N,0x4cce299eff34f39e,32,discovery_failure
kernel32.dll,0x18003c8d0,func_data_0x6442698960,func_data_,Y,0,0,0,0,N,N,0xd00e991b0af4d083,32,discovery_failure
kernel32.dll,0x18003c8f0,func_data_0x6442698992,func_data_,Y,0,0,0,0,N,N,0x78ef6ced625e8e11,32,discovery_failure
kernel32.dll,0x18003c910,func_data_0x6442699024,func_data_,Y,0,0,0,0,N,N,0x9f851731d4f1097e,32,discovery_failure
kernel32.dll,0x18003c930,func_data_0x6442699056,func_data_,Y,0,0,0,0,N,N,0x4cce299eff34f39e,32,discovery_failure
kernel32.dll,0x18003c950,func_data_0x6442699088,func_data_,Y,0,0,0,0,N,N,0xe567346784e1724c,32,discovery_failure
kernel32.dll,0x18003c970,func_data_0x6442699120,func_data_,Y,0,0,0,0,N,N,0xb4b06bce0f7b3cf4,32,discovery_failure
kernel32.dll,0x18003c990,func_data_0x6442699152,func_data_,Y,0,0,0,0,N,N,0xd358099c463738a5,32,discovery_failure
kernel32.dll,0x18003c9b0,func_data_0x6442699184,func_data_,Y,0,0,0,0,N,N,0xf11aae47144536ac,32,discovery_failure
kernel32.dll,0x18003c9d0,func_data_0x6442699216,func_data_,Y,0,0,0,0,N,N,0x552ef0febffc303c,32,discovery_failure
kernel32.dll,0x18003c9f0,func_data_0x6442699248,func_data_,Y,0,0,0,0,N,N,0x07b7d0fd46e52e1d,32,discovery_failure
kernel32.dll,0x18003ca10,func_data_0x6442699280,func_data_,Y,0,0,0,0,N,N,0x1d3b58c9dac63085,32,discovery_failure
kernel32.dll,0x18003ca30,func_data_0x6442699312,func_data_,Y,0,0,0,0,N,N,0x97f6561961753a48,32,discovery_failure
kernel32.dll,0x18003ca50,func_data_0x6442699344,func_data_,Y,0,0,0,0,N,N,0x0221ecdfed46f6bf,32,discovery_failure
kernel32.dll,0x18003ca70,func_data_0x6442699376,func_data_,Y,0,0,0,0,N,N,0x41c23e731315d869,32,discovery_failure
kernel32.dll,0x18003ca90,func_data_0x6442699408,func_data_,Y,0,0,0,0,N,N,0xc655d006b646a529,32,discovery_failure
kernel32.dll,0x18003cab0,func_data_0x6442699440,func_data_,Y,0,0,0,0,N,N,0xf60c6c18194fc1a8,32,discovery_failure
kernel32.dll,0x18003cad0,func_jmp_0x18003cad0,func_jmp_,Y,4,1,0,0,N,N,0xeae6d9552398f139,32,missing_knowledge
kernel32.dll,0x18003cae0,func_data_0x6442699488,func_data_,Y,0,0,0,0,N,N,0x2da1acd4d797aae2,32,discovery_failure
kernel32.dll,0x18003cb00,func_data_0x6442699520,func_data_,Y,0,0,0,0,N,N,0x8aaf15b929a55e0c,32,discovery_failure
kernel32.dll,0x18003cb20,func_data_0x6442699552,func_data_,Y,0,0,0,0,N,N,0x551ba8c5c3177d5f,32,discovery_failure
kernel32.dll,0x18003cb40,func_data_0x6442699584,func_data_,Y,0,0,0,0,N,N,0x37847eb022d71edf,32,discovery_failure
kernel32.dll,0x18003cb60,func_data_0x6442699616,func_data_,Y,0,0,0,0,N,N,0xe8bd4fbb5f63e5b6,32,discovery_failure
kernel32.dll,0x18003cb80,func_data_0x6442699648,func_data_,Y,0,0,0,0,N,N,0x3421ffc34d534e95,32,discovery_failure
kernel32.dll,0x18003cba0,func_data_0x6442699680,func_data_,Y,0,0,0,0,N,N,0x5c4f31c56ae00165,32,discovery_failure
kernel32.dll,0x18003cbc0,func_data_0x6442699712,func_data_,Y,0,0,0,0,N,N,0x96425a89137233fc,32,discovery_failure
kernel32.dll,0x18003cbe0,func_data_0x6442699744,func_data_,Y,0,0,0,0,N,N,0xfda0f5f49d4908cc,32,discovery_failure
kernel32.dll,0x18003cc00,func_data_0x6442699776,func_data_,Y,0,0,0,0,N,N,0x22c3c2aedba71adf,32,discovery_failure
kernel32.dll,0x18003cc20,func_data_0x6442699808,func_data_,Y,0,0,0,0,N,N,0x2d615aa568d789e9,32,discovery_failure
kernel32.dll,0x18003cc40,func_data_0x6442699840,func_data_,Y,0,0,0,0,N,N,0x81450f9d7cc1c7c1,32,discovery_failure
kernel32.dll,0x18003cc60,func_data_0x6442699872,func_data_,Y,0,0,0,0,N,N,0x5c1fe08b67bcbc49,32,discovery_failure
kernel32.dll,0x18003cc80,func_data_0x6442699904,func_data_,Y,0,0,0,0,N,N,0x713b67f1425a96ab,32,discovery_failure
kernel32.dll,0x18003cca0,func_data_0x6442699936,func_data_,Y,0,0,0,0,N,N,0xa21830ce9330de41,32,discovery_failure
kernel32.dll,0x18003ccc0,func_data_0x6442699968,func_data_,Y,0,0,0,0,N,N,0x34a5e20be928cc58,32,discovery_failure
kernel32.dll,0x18003cce0,func_data_0x6442700000,func_data_,Y,0,0,0,0,N,N,0x583550fd6723c3d3,32,discovery_failure
kernel32.dll,0x18003cd00,func_data_0x6442700032,func_data_,Y,0,0,0,0,N,N,0x6c4bcaee72a1c547,32,discovery_failure
kernel32.dll,0x18003cd20,func_data_0x6442700064,func_data_,Y,0,0,0,0,N,N,0x100b05ca16f422e6,32,discovery_failure
kernel32.dll,0x18003cd40,func_data_0x6442700096,func_data_,Y,0,0,0,0,N,N,0x7b4f2eaa147f6126,32,discovery_failure
kernel32.dll,0x18003cd60,func_data_0x6442700128,func_data_,Y,0,0,0,0,N,N,0x28eaef046bf873da,32,discovery_failure
kernel32.dll,0x18003cd80,func_data_0x6442700160,func_data_,Y,0,0,0,0,N,N,0xe81f24cb28315b67,32,discovery_failure
kernel32.dll,0x18003cda0,func_data_0x6442700192,func_data_,Y,0,0,0,0,N,N,0xf1d06322bcb592de,32,discovery_failure
kernel32.dll,0x18003cdc0,func_data_0x6442700224,func_data_,Y,0,0,0,0,N,N,0x2a56041e8c1cf8ca,32,discovery_failure
kernel32.dll,0x18003cde0,func_data_0x6442700256,func_data_,Y,0,0,0,0,N,N,0xd3537115a0f7fdae,32,discovery_failure
kernel32.dll,0x18003ce00,func_data_0x6442700288,func_data_,Y,0,0,0,0,N,N,0x2eb69c04698a51f6,32,discovery_failure
kernel32.dll,0x18003ce20,func_data_0x6442700320,func_data_,Y,0,0,0,0,N,N,0x95df9622b8c10f11,32,discovery_failure
kernel32.dll,0x18003ce40,func_data_0x6442700352,func_data_,Y,0,0,0,0,N,N,0xfabfb0f174e3ce19,32,discovery_failure
kernel32.dll,0x18003ce60,func_data_0x6442700384,func_data_,Y,0,0,0,0,N,N,0x7c8697470c24d581,32,discovery_failure
kernel32.dll,0x18003ce80,func_data_0x6442700416,func_data_,Y,0,0,0,0,N,N,0x99d31a2c390c6ce1,32,discovery_failure
kernel32.dll,0x18003cea0,func_data_0x6442700448,func_data_,Y,0,0,0,0,N,N,0x6117dfc652d92109,32,discovery_failure
kernel32.dll,0x18003cec0,func_data_0x6442700480,func_data_,Y,0,0,0,0,N,N,0xfabfb0f174e3ce19,32,discovery_failure
kernel32.dll,0x18003cee0,func_data_0x6442700512,func_data_,Y,0,0,0,0,N,N,0x8f9da0ad7973d889,32,discovery_failure
kernel32.dll,0x18003cf00,func_data_0x6442700544,func_data_,Y,0,0,0,0,N,N,0xa2ff73948fe2b790,32,discovery_failure
kernel32.dll,0x18003cf20,func_data_0x6442700576,func_data_,Y,0,0,0,0,N,N,0x58d439ba551d41e9,32,discovery_failure
kernel32.dll,0x18003cf40,func_data_0x6442700608,func_data_,Y,0,0,0,0,N,N,0x9484862afcee6f18,32,discovery_failure
kernel32.dll,0x18003cf60,func_data_0x6442700640,func_data_,Y,0,0,0,0,N,N,0x68cf381e97456b50,32,discovery_failure
kernel32.dll,0x18003cf80,func_data_0x6442700672,func_data_,Y,0,0,0,0,N,N,0x45f2c93074701c4b,32,discovery_failure
kernel32.dll,0x18003cfa0,func_data_0x6442700704,func_data_,Y,0,0,0,0,N,N,0xf717951e6d54a2b8,32,discovery_failure
kernel32.dll,0x18003cfc0,func_data_0x6442700736,func_data_,Y,0,0,0,0,N,N,0x640f53a5487178f3,32,discovery_failure
kernel32.dll,0x18003cfe0,func_data_0x6442700768,func_data_,Y,0,0,0,0,N,N,0xa189ed24f2bf1913,32,discovery_failure
kernel32.dll,0x18003d000,func_data_0x6442700800,func_data_,Y,0,0,0,0,N,N,0xb6f6494a007b7cbb,32,discovery_failure
kernel32.dll,0x18003d020,func_data_0x6442700832,func_data_,Y,0,0,0,0,N,N,0xf6e6fd4f0be03540,32,discovery_failure
kernel32.dll,0x18003d040,func_data_0x6442700864,func_data_,Y,0,0,0,0,N,N,0x0c29bed001a9ce1b,32,discovery_failure
kernel32.dll,0x18003d060,func_data_0x6442700896,func_data_,Y,0,0,0,0,N,N,0xe31fe83e1362d7ab,32,discovery_failure
kernel32.dll,0x18003d080,func_data_0x6442700928,func_data_,Y,0,0,0,0,N,N,0xa5348298c4da5133,32,discovery_failure
kernel32.dll,0x18003d0a0,func_data_0x6442700960,func_data_,Y,0,0,0,0,N,N,0x24de6957f81a972b,32,discovery_failure
kernel32.dll,0x18003d0c0,func_data_0x6442700992,func_data_,Y,0,0,0,0,N,N,0x9e2106d807e13fc3,32,discovery_failure
kernel32.dll,0x18003d0e0,func_data_0x6442701024,func_data_,Y,0,0,0,0,N,N,0xc2322914f5b5c63b,32,discovery_failure
kernel32.dll,0x18003d100,func_data_0x6442701056,func_data_,Y,0,0,0,0,N,N,0x04b5067cab86cb82,32,discovery_failure
kernel32.dll,0x18003d120,func_data_0x6442701088,func_data_,Y,0,0,0,0,N,N,0x238e05e2baa6d7c3,32,discovery_failure
kernel32.dll,0x18003d140,func_data_0x6442701120,func_data_,Y,0,0,0,0,N,N,0x787424536ddecbcb,32,discovery_failure
kernel32.dll,0x18003d160,func_data_0x6442701152,func_data_,Y,0,0,0,0,N,N,0xe9d732ca677d6d36,32,discovery_failure
kernel32.dll,0x18003d180,func_data_0x6442701184,func_data_,Y,0,0,0,0,N,N,0x284c3ea4f7bf5126,32,discovery_failure
kernel32.dll,0x18003d1a0,func_data_0x6442701216,func_data_,Y,0,0,0,0,N,N,0xe207f4998ac20ec5,32,discovery_failure
kernel32.dll,0x18003d1c0,func_data_0x6442701248,func_data_,Y,0,0,0,0,N,N,0xc43075c2565a0b81,32,discovery_failure
kernel32.dll,0x18003d1e0,func_data_0x6442701280,func_data_,Y,0,0,0,0,N,N,0xc0b61cb5b8fd060e,32,discovery_failure
kernel32.dll,0x18003d200,func_data_0x6442701312,func_data_,Y,0,0,0,0,N,N,0x596992c4caf979b6,32,discovery_failure
kernel32.dll,0x18003d220,func_data_0x6442701344,func_data_,Y,0,0,0,0,N,N,0x6e2a4ec612297db6,32,discovery_failure
kernel32.dll,0x18003d240,func_data_0x6442701376,func_data_,Y,0,0,0,0,N,N,0x0ff66c07fa6bf75e,32,discovery_failure
kernel32.dll,0x18003d260,func_data_0x6442701408,func_data_,Y,0,0,0,0,N,N,0x0f806cf2bc13d219,32,discovery_failure
kernel32.dll,0x18003d280,func_data_0x6442701440,func_data_,Y,0,0,0,0,N,N,0x06b602df3c45692b,32,discovery_failure
kernel32.dll,0x18003d2a0,func_jmp_0x18003d2a0,func_jmp_,Y,4,1,0,0,N,N,0x0dab646bf39994ff,32,missing_knowledge
kernel32.dll,0x18003d2b0,func_data_0x6442701488,func_data_,Y,0,0,0,0,N,N,0x06911f2403e596de,32,discovery_failure
kernel32.dll,0x18003d2d0,func_data_0x6442701520,func_data_,Y,0,0,0,0,N,N,0x4790fa4b44c74b30,32,discovery_failure
kernel32.dll,0x18003d2f0,func_data_0x6442701552,func_data_,Y,0,0,0,0,N,N,0xfbe06d956c17dabe,32,discovery_failure
kernel32.dll,0x18003d310,func_data_0x6442701584,func_data_,Y,0,0,0,0,N,N,0x37ee52c00dd60fb9,32,discovery_failure
kernel32.dll,0x18003d330,func_data_0x6442701616,func_data_,Y,0,0,0,0,N,N,0x2efa70fb771c9b01,32,discovery_failure
kernel32.dll,0x18003d350,func_data_0x6442701648,func_data_,Y,0,0,0,0,N,N,0x515b6ca9a3e3cc89,32,discovery_failure
kernel32.dll,0x18003d370,func_data_0x6442701680,func_data_,Y,0,0,0,0,N,N,0x2f66ec984b3dd761,32,discovery_failure
kernel32.dll,0x18003d390,func_data_0x6442701712,func_data_,Y,0,0,0,0,N,N,0x4d1b4ffce5a0b269,32,discovery_failure
kernel32.dll,0x18003d3b0,func_data_0x6442701744,func_data_,Y,0,0,0,0,N,N,0x2f66ec984b3dd761,32,discovery_failure
kernel32.dll,0x18003d3d0,func_data_0x6442701776,func_data_,Y,0,0,0,0,N,N,0x408a4bfff3acbc31,32,discovery_failure
kernel32.dll,0x18003d3f0,func_data_0x6442701808,func_data_,Y,0,0,0,0,N,N,0xdbaae0bba0138909,32,discovery_failure
kernel32.dll,0x18003d410,func_data_0x6442701840,func_data_,Y,0,0,0,0,N,N,0x855b8f44d9182f70,32,discovery_failure
kernel32.dll,0x18003d430,func_data_0x6442701872,func_data_,Y,0,0,0,0,N,N,0x559ef5019c316eb2,32,discovery_failure
kernel32.dll,0x18003d450,func_data_0x6442701904,func_data_,Y,0,0,0,0,N,N,0x68c3051136b6521f,32,discovery_failure
kernel32.dll,0x18003d470,func_data_0x6442701936,func_data_,Y,0,0,0,0,N,N,0x0034546a5bc83244,32,discovery_failure
kernel32.dll,0x18003d490,func_data_0x6442701968,func_data_,Y,0,0,0,0,N,N,0x3f00bb059d26df3a,32,discovery_failure
kernel32.dll,0x18003d4b0,func_data_0x6442702000,func_data_,Y,0,0,0,0,N,N,0x515b6ca9a3e3cc89,32,discovery_failure
kernel32.dll,0x18003d4d0,func_pdata_0x18003d4d0,func_pdata_,Y,35,10,0,0,N,N,0x5cd5de80ce541dd5,32,missing_knowledge
kernel32.dll,0x18003d510,func_data_0x6442702096,func_data_,Y,0,0,0,0,N,N,0x274a130ff5dfa648,32,discovery_failure
kernel32.dll,0x18003d530,func_data_0x6442702128,func_data_,Y,0,0,0,0,N,N,0x772ad57baad59880,32,discovery_failure
kernel32.dll,0x18003d550,func_data_0x6442702160,func_data_,Y,0,0,0,0,N,N,0xc88f3cf2e0644bf7,32,discovery_failure
kernel32.dll,0x18003d570,func_data_0x6442702192,func_data_,Y,0,0,0,0,N,N,0xfb9397b927feca07,32,discovery_failure
kernel32.dll,0x18003d590,func_data_0x6442702224,func_data_,Y,0,0,0,0,N,N,0xfb9397b927feca07,32,discovery_failure
kernel32.dll,0x18003d5b0,func_data_0x6442702256,func_data_,Y,0,0,0,0,N,N,0xfad476dd2093b0d7,32,discovery_failure
kernel32.dll,0x18003d5d0,func_data_0x6442702288,func_data_,Y,0,0,0,0,N,N,0x74d331163539fd9f,32,discovery_failure
kernel32.dll,0x18003d5f0,func_data_0x6442702320,func_data_,Y,0,0,0,0,N,N,0xbaa1799becb573ce,32,discovery_failure
kernel32.dll,0x18003d610,func_data_0x6442702352,func_data_,Y,0,0,0,0,N,N,0x51cdb6a7861f5926,32,discovery_failure
kernel32.dll,0x18003d630,func_data_0x6442702384,func_data_,Y,0,0,0,0,N,N,0x0ff66c07fa6bf75e,32,discovery_failure
kernel32.dll,0x18003d650,func_data_0x6442702416,func_data_,Y,0,0,0,0,N,N,0xb061f08ff5514a76,32,discovery_failure
kernel32.dll,0x18003d670,func_data_0x6442702448,func_data_,Y,0,0,0,0,N,N,0x5ada2db2d51d562e,32,discovery_failure
kernel32.dll,0x18003d690,func_pdata_0x18003d690,func_pdata_,Y,42,e,0,0,N,N,0x60640a764f15783b,32,missing_knowledge
kernel32.dll,0x18003d6e0,func_pdata_0x18003d6e0,func_pdata_,Y,42,e,0,0,N,N,0x60640a764f15783b,32,missing_knowledge
kernel32.dll,0x18003d730,func_pdata_0x18003d730,func_pdata_,Y,42,e,0,0,N,N,0x60640a764f15783b,32,missing_knowledge
kernel32.dll,0x18003d780,func_pdata_0x18003d780,func_pdata_,Y,42,e,0,0,N,N,0x60640a764f15783b,32,missing_knowledge
kernel32.dll,0x18003d7d0,func_data_0x6442702800,func_data_,Y,0,0,0,0,N,N,0x38dc1dacf54c50d9,32,discovery_failure
kernel32.dll,0x18003d7f0,func_data_0x6442702832,func_data_,Y,0,0,0,0,N,N,0xdbaae0bba0138909,32,discovery_failure
kernel32.dll,0x18003d810,func_data_0x6442702864,func_data_,Y,0,0,0,0,N,N,0xa21830ce9330de41,32,discovery_failure
kernel32.dll,0x18003d830,func_data_0x6442702896,func_data_,Y,0,0,0,0,N,N,0xd8acb949235a5151,32,discovery_failure
kernel32.dll,0x18003d850,func_data_0x6442702928,func_data_,Y,0,0,0,0,N,N,0xa965a6d15fe42429,32,discovery_failure
kernel32.dll,0x18003d870,func_data_0x6442702960,func_data_,Y,0,0,0,0,N,N,0xbadb0354a3ef8f91,32,discovery_failure
kernel32.dll,0x18003d890,func_data_0x6442702992,func_data_,Y,0,0,0,0,N,N,0x38dc1dacf54c50d9,32,discovery_failure
kernel32.dll,0x18003d8b0,func_data_0x6442703024,func_data_,Y,0,0,0,0,N,N,0xa21830ce9330de41,32,discovery_failure
kernel32.dll,0x18003d8d0,func_data_0x6442703056,func_data_,Y,0,0,0,0,N,N,0x855b8f44d9182f70,32,discovery_failure
kernel32.dll,0x18003d8f0,func_pdata_0x18003d8f0,func_pdata_,Y,78,16,0,0,N,N,0xe9e9c7f44db6831b,32,missing_knowledge
kernel32.dll,0x18003d970,func_pdata_0x18003d970,func_pdata_,Y,78,16,0,0,N,N,0xe9e9c7f44db6831b,32,missing_knowledge
kernel32.dll,0x18003d9f0,func_data_0x6442703344,func_data_,Y,0,0,0,0,N,N,0x238e05e2baa6d7c3,32,discovery_failure
kernel32.dll,0x18003da10,func_data_0x6442703376,func_data_,Y,0,0,0,0,N,N,0x3ac109fc05af94eb,32,discovery_failure
kernel32.dll,0x18003da30,func_data_0x6442703408,func_data_,Y,0,0,0,0,N,N,0x9d891860b68b2b02,32,discovery_failure
kernel32.dll,0x18003da50,func_data_0x6442703440,func_data_,Y,0,0,0,0,N,N,0xde3d95893a9b49fb,32,discovery_failure
kernel32.dll,0x18003da70,func_data_0x6442703472,func_data_,Y,0,0,0,0,N,N,0x526c6706fa587bda,32,discovery_failure
kernel32.dll,0x18003da90,func_data_0x6442703504,func_data_,Y,0,0,0,0,N,N,0x7db2eede2620000a,32,discovery_failure
kernel32.dll,0x18003da93,func_jmp_0x18003da93,func_jmp_,Y,4,1,0,0,N,N,0x6994adcc0f98ad7c,32,missing_knowledge
kernel32.dll,0x18003dab0,func_data_0x6442703536,func_data_,Y,0,0,0,0,N,N,0x795a692011742772,32,discovery_failure
kernel32.dll,0x18003dad0,func_data_0x6442703568,func_data_,Y,0,0,0,0,N,N,0x9ffdfcc69a99127a,32,discovery_failure
kernel32.dll,0x18003daf0,func_data_0x6442703600,func_data_,Y,0,0,0,0,N,N,0xd81eaccd3f649d92,32,discovery_failure
kernel32.dll,0x18003db10,func_data_0x6442703632,func_data_,Y,0,0,0,0,N,N,0x360fcee86e4e574a,32,discovery_failure
kernel32.dll,0x18003db30,func_data_0x6442703664,func_data_,Y,0,0,0,0,N,N,0xb269ba8bc3c24222,32,discovery_failure
kernel32.dll,0x18003db50,func_data_0x6442703696,func_data_,Y,0,0,0,0,N,N,0x9d2576a107ef9e83,32,discovery_failure
kernel32.dll,0x18003db70,func_data_0x6442703728,func_data_,Y,0,0,0,0,N,N,0x42f4284419f954e6,32,discovery_failure
kernel32.dll,0x18003db90,func_data_0x6442703760,func_data_,Y,0,0,0,0,N,N,0x9aaefdbfc7fa0381,32,discovery_failure
kernel32.dll,0x18003dbb0,func_data_0x6442703792,func_data_,Y,0,0,0,0,N,N,0x9f15d28acb781762,32,discovery_failure
kernel32.dll,0x18003dbd0,func_pdata_0x18003dbd0,func_pdata_,Y,17,8,0,0,N,N,0x02fe589aeef970bc,32,missing_knowledge
kernel32.dll,0x18003dbf0,func_data_0x6442703856,func_data_,Y,0,0,0,0,N,N,0x913f64f8f5088a6a,32,discovery_failure
kernel32.dll,0x18003dc10,func_pdata_0x18003dc10,func_pdata_,Y,1f,b,0,0,N,N,0x7524517b8a52ee12,32,missing_knowledge
kernel32.dll,0x18003dc40,func_data_0x6442703936,func_data_,Y,0,0,0,0,N,N,0x946a92dccf959625,32,discovery_failure
kernel32.dll,0x18003dc60,func_data_0x6442703968,func_data_,Y,0,0,0,0,N,N,0xb8e1ac8a312fdffd,32,discovery_failure
kernel32.dll,0x18003dc80,func_data_0x6442704000,func_data_,Y,0,0,0,0,N,N,0xb13bcc23feac8705,32,discovery_failure
kernel32.dll,0x18003dca0,func_data_0x6442704032,func_data_,Y,0,0,0,0,N,N,0xb244d6d08b626fd5,32,discovery_failure
kernel32.dll,0x18003dcc0,func_data_0x6442704064,func_data_,Y,0,0,0,0,N,N,0x7b9ad28ac632ca40,32,discovery_failure
kernel32.dll,0x18003dce0,func_data_0x6442704096,func_data_,Y,0,0,0,0,N,N,0x570d0fd820fd2d5f,32,discovery_failure
kernel32.dll,0x18003dd00,func_data_0x6442704128,func_data_,Y,0,0,0,0,N,N,0x88bdf50ebe8fb25f,32,discovery_failure
kernel32.dll,0x18003dd03,func_jmp_0x18003dd03,func_jmp_,Y,4,1,0,0,N,N,0x22c04891422e952b,32,missing_knowledge
kernel32.dll,0x18003dd20,func_data_0x6442704160,func_data_,Y,0,0,0,0,N,N,0x1289570eaeafa248,32,discovery_failure
kernel32.dll,0x18003dd40,func_data_0x6442704192,func_data_,Y,0,0,0,0,N,N,0x332a2fe7ce67cf9b,32,discovery_failure
kernel32.dll,0x18003dd43,func_jmp_0x18003dd43,func_jmp_,Y,4,1,0,0,N,N,0x388a878111c22177,32,missing_knowledge
kernel32.dll,0x18003dd60,func_data_0x6442704224,func_data_,Y,0,0,0,0,N,N,0x471a083564fa270b,32,discovery_failure
kernel32.dll,0x18003dd80,func_data_0x6442704256,func_data_,Y,0,0,0,0,N,N,0x018806738229098b,32,discovery_failure
kernel32.dll,0x18003dda0,func_data_0x6442704288,func_data_,Y,0,0,0,0,N,N,0x238e05e2baa6d7c3,32,discovery_failure
kernel32.dll,0x18003ddc0,func_data_0x6442704320,func_data_,Y,0,0,0,0,N,N,0x24ced407c541a982,32,discovery_failure
kernel32.dll,0x18003dde0,func_data_0x6442704352,func_data_,Y,0,0,0,0,N,N,0xf9d94f6e77d8d9d3,32,discovery_failure
kernel32.dll,0x18003de00,func_data_0x6442704384,func_data_,Y,0,0,0,0,N,N,0x24ced407c541a982,32,discovery_failure
kernel32.dll,0x18003de20,func_data_0x6442704416,func_data_,Y,0,0,0,0,N,N,0xfe596013daf26532,32,discovery_failure
kernel32.dll,0x18003de40,func_data_0x6442704448,func_data_,Y,0,0,0,0,N,N,0x72f99820291c7b05,32,discovery_failure
kernel32.dll,0x18003de60,func_data_0x6442704480,func_data_,Y,0,0,0,0,N,N,0xafabc5af83817d2a,32,discovery_failure
kernel32.dll,0x18003de80,func_data_0x6442704512,func_data_,Y,0,0,0,0,N,N,0x2c63f61edcad7eaa,32,discovery_failure
kernel32.dll,0x18003dea0,func_data_0x6442704544,func_data_,Y,0,0,0,0,N,N,0xc0b61cb5b8fd060e,32,discovery_failure
kernel32.dll,0x18003dec0,func_data_0x6442704576,func_data_,Y,0,0,0,0,N,N,0x97abc6c8a08985b6,32,discovery_failure
kernel32.dll,0x18003dee0,func_data_0x6442704608,func_data_,Y,0,0,0,0,N,N,0x6b3838b93603fae7,32,discovery_failure
kernel32.dll,0x18003df00,func_data_0x6442704640,func_data_,Y,0,0,0,0,N,N,0xdc11b376a631802d,32,discovery_failure
kernel32.dll,0x18003df20,func_data_0x6442704672,func_data_,Y,0,0,0,0,N,N,0x42ca52ebe441bd47,32,discovery_failure
kernel32.dll,0x18003df40,func_data_0x6442704704,func_data_,Y,0,0,0,0,N,N,0xf105ade9a1cf7a1d,32,discovery_failure
kernel32.dll,0x18003df60,func_data_0x6442704736,func_data_,Y,0,0,0,0,N,N,0xd71016d51a365abb,32,discovery_failure
kernel32.dll,0x18003df80,func_data_0x6442704768,func_data_,Y,0,0,0,0,N,N,0xdce92639217658d3,32,discovery_failure
kernel32.dll,0x18003dfa0,func_pdata_0x18003dfa0,func_pdata_,Y,35,10,0,0,N,N,0x0ea7badc9f3d3d28,32,missing_knowledge
kernel32.dll,0x18003dfe0,func_data_0x6442704864,func_data_,Y,0,0,0,0,N,N,0x946a92dccf959625,32,discovery_failure
kernel32.dll,0x18003e000,func_jmp_0x18003e000,func_jmp_,Y,4,1,0,0,N,N,0x36bdfd04cc227ff4,32,missing_knowledge
kernel32.dll,0x18003e010,func_data_0x6442704912,func_data_,Y,0,0,0,0,N,N,0xba287d0bc0784b23,32,discovery_failure
kernel32.dll,0x18003e030,func_data_0x6442704944,func_data_,Y,0,0,0,0,N,N,0x569d440043fb8027,32,discovery_failure
kernel32.dll,0x18003e033,func_jmp_0x18003e033,func_jmp_,Y,4,1,0,0,N,N,0xf69c1ba2293b6513,32,missing_knowledge
kernel32.dll,0x18003e050,func_data_0x6442704976,func_data_,Y,0,0,0,0,N,N,0x79309f386feec375,32,discovery_failure
kernel32.dll,0x18003e070,func_data_0x6442705008,func_data_,Y,0,0,0,0,N,N,0x284c3ea4f7bf5126,32,discovery_failure
kernel32.dll,0x18003e090,func_data_0x6442705040,func_data_,Y,0,0,0,0,N,N,0xe29662fe73fddded,32,discovery_failure
kernel32.dll,0x18003e0b0,func_data_0x6442705072,func_data_,Y,0,0,0,0,N,N,0xb5d8d101e5da05a8,32,discovery_failure
kernel32.dll,0x18003e0d0,func_data_0x6442705104,func_data_,Y,0,0,0,0,N,N,0xd0e6ac98df7fd752,32,discovery_failure
kernel32.dll,0x18003e0f0,func_data_0x6442705136,func_data_,Y,0,0,0,0,N,N,0x3977e40a88cbff5e,32,discovery_failure
kernel32.dll,0x18003e110,func_data_0x6442705168,func_data_,Y,0,0,0,0,N,N,0x015e3c8be0a3a58e,32,discovery_failure
kernel32.dll,0x18003e130,func_data_0x6442705200,func_data_,Y,0,0,0,0,N,N,0xa69e86c1bf82b4b0,32,discovery_failure
kernel32.dll,0x18003e150,func_data_0x6442705232,func_data_,Y,0,0,0,0,N,N,0x77a5c64489e7b7a0,32,discovery_failure
kernel32.dll,0x18003e170,func_data_0x6442705264,func_data_,Y,0,0,0,0,N,N,0x4316c2b2f4f4e910,32,discovery_failure
kernel32.dll,0x18003e190,func_data_0x6442705296,func_data_,Y,0,0,0,0,N,N,0xc97cd987f36b45fb,32,discovery_failure
kernel32.dll,0x18003e1b0,func_data_0x6442705328,func_data_,Y,0,0,0,0,N,N,0x2399d7fa5740aa69,32,discovery_failure
kernel32.dll,0x18003e1d0,func_data_0x6442705360,func_data_,Y,0,0,0,0,N,N,0x893d8cb9233584f4,32,discovery_failure
kernel32.dll,0x18003e1f0,func_data_0x6442705392,func_data_,Y,0,0,0,0,N,N,0x7da3886120f15e4c,32,discovery_failure
kernel32.dll,0x18003e210,func_data_0x6442705424,func_data_,Y,0,0,0,0,N,N,0x86fc9e83e7834854,32,discovery_failure
kernel32.dll,0x18003e230,func_data_0x6442705456,func_data_,Y,0,0,0,0,N,N,0x02fb8e1b3811289c,32,discovery_failure
kernel32.dll,0x18003e250,func_data_0x6442705488,func_data_,Y,0,0,0,0,N,N,0x1261b1f5e4790ccc,32,discovery_failure
kernel32.dll,0x18003e270,func_data_0x6442705520,func_data_,Y,0,0,0,0,N,N,0x2743d699afe80974,32,discovery_failure
kernel32.dll,0x18003e290,func_data_0x6442705552,func_data_,Y,0,0,0,0,N,N,0x32d44c504296035c,32,discovery_failure
kernel32.dll,0x18003e2b0,func_data_0x6442705584,func_data_,Y,0,0,0,0,N,N,0x425e11b053a71e97,32,discovery_failure
kernel32.dll,0x18003e2d0,func_data_0x6442705616,func_data_,Y,0,0,0,0,N,N,0x176ab125091c40df,32,discovery_failure
kernel32.dll,0x18003e2f0,func_data_0x6442705648,func_data_,Y,0,0,0,0,N,N,0xf258ffb77823fa4f,32,discovery_failure
kernel32.dll,0x18003e310,func_data_0x6442705680,func_data_,Y,0,0,0,0,N,N,0x846b5b4ef6c01b14,32,discovery_failure
kernel32.dll,0x18003e330,func_data_0x6442705712,func_data_,Y,0,0,0,0,N,N,0x85b32e468d18d31f,32,discovery_failure
kernel32.dll,0x18003e350,func_data_0x6442705744,func_data_,Y,0,0,0,0,N,N,0x922fd5e85fbdbaff,32,discovery_failure
kernel32.dll,0x18003e370,func_data_0x6442705776,func_data_,Y,0,0,0,0,N,N,0x33598121d18b14b7,32,discovery_failure
kernel32.dll,0x18003e390,func_data_0x6442705808,func_data_,Y,0,0,0,0,N,N,0xe98d0a731f2987fa,32,discovery_failure
kernel32.dll,0x18003e3b0,func_data_0x6442705840,func_data_,Y,0,0,0,0,N,N,0xa4de7051f7ace79a,32,discovery_failure
kernel32.dll,0x18003e3d0,func_data_0x6442705872,func_data_,Y,0,0,0,0,N,N,0xd85e7f49f5d83f70,32,discovery_failure
kernel32.dll,0x18003e3f0,func_pdata_0x18003e3f0,func_pdata_,Y,29,c,0,0,N,N,0xa2d0a5653b82b5f8,32,missing_knowledge
kernel32.dll,0x18003e420,func_pdata_0x18003e420,func_pdata_,Y,4c,16,0,0,N,N,0x3afc50dde87b6e8a,32,missing_knowledge
kernel32.dll,0x18003e480,func_pdata_0x18003e480,func_pdata_,Y,83,23,0,0,N,N,0x9c0dfe29342929e1,32,missing_knowledge
kernel32.dll,0x18003e50c,func_call_0x18003e50c,func_call_,Y,18,9,7,0,N,N,0xc4bbe2808bc725e0,32,missing_knowledge
kernel32.dll,0x18003e52c,func_pdata_0x18003e52c,func_pdata_,Y,74,1f,3,0,N,N,0xa5a432658961f006,32,missing_knowledge
kernel32.dll,0x18003e5b0,func_pdata_0x18003e5b0,func_pdata_,Y,e5,3e,1,0,N,N,0xc51d0e116a27c8d0,32,missing_knowledge
kernel32.dll,0x18003e6a0,func_pdata_0x18003e6a0,func_pdata_,Y,120,4b,0,0,N,N,0x7126ee5bd941bdca,32,missing_knowledge
kernel32.dll,0x18003e7d0,func_pdata_0x18003e7d0,func_pdata_,Y,aa,2a,0,0,N,N,0x98b93a4adfbb9c4c,32,missing_knowledge
kernel32.dll,0x18003e890,func_pdata_0x18003e890,func_pdata_,Y,ba,2c,0,0,N,N,0x45898de207c34d9c,32,missing_knowledge
kernel32.dll,0x18003e960,func_pdata_0x18003e960,func_pdata_,Y,138,4f,0,0,N,N,0x3d3ccb2ce49fef42,32,missing_knowledge
kernel32.dll,0x18003eaa0,func_pdata_0x18003eaa0,func_pdata_,Y,1a4,73,2,0,N,N,0xeb1717f30c1ecf37,32,missing_knowledge
kernel32.dll,0x18003ec50,func_pdata_0x18003ec50,func_pdata_,Y,da,3f,1,0,N,N,0xf8488b48dea0817f,32,missing_knowledge
kernel32.dll,0x18003ed40,func_pdata_0x18003ed40,func_pdata_,Y,ac,26,0,0,N,N,0x29a07992e499b893,32,missing_knowledge
kernel32.dll,0x18003ee00,func_pdata_0x18003ee00,func_pdata_,Y,265,b8,0,0,N,N,0x235d53cbed4cb3d3,32,missing_knowledge
kernel32.dll,0x18003f070,func_pdata_0x18003f070,func_pdata_,Y,b2,36,0,0,N,N,0x4be0babcf8c4a0bd,32,missing_knowledge
kernel32.dll,0x18003f12c,func_call_0x18003f12c,func_call_,Y,65,1f,6,0,N,N,0x305b5a579c9aef25,32,missing_knowledge
kernel32.dll,0x18003f1b0,func_pdata_0x18003f1b0,func_pdata_,Y,80,23,0,0,N,N,0xf26db01f49b35e28,32,missing_knowledge
kernel32.dll,0x18003f231,func_pdata_0x18003f231,func_pdata_,Y,20,a,0,0,N,N,0x3656848b8bf75959,32,missing_knowledge
kernel32.dll,0x18003f260,func_pdata_0x18003f260,func_pdata_,Y,143,57,1,0,N,N,0xb9908858735192f7,32,missing_knowledge
kernel32.dll,0x18003f3a4,func_pdata_0x18003f3a4,func_pdata_,Y,60,1b,0,0,N,N,0x7539067639a96778,32,missing_knowledge
kernel32.dll,0x18003f410,func_pdata_0x18003f410,func_pdata_,Y,a5,2b,0,0,N,N,0x2fd741acce5dc34a,32,missing_knowledge
kernel32.dll,0x18003f4c0,func_pdata_0x18003f4c0,func_pdata_,Y,80,23,0,0,N,N,0xc0ceb9a5dd8d345d,32,missing_knowledge
kernel32.dll,0x18003f541,func_pdata_0x18003f541,func_pdata_,Y,20,a,0,0,N,N,0x7bcca4837b03e130,32,missing_knowledge
kernel32.dll,0x18003f570,func_pdata_0x18003f570,func_pdata_,Y,12d,51,1,0,N,N,0xb9908858735192f7,32,missing_knowledge
kernel32.dll,0x18003f69e,func_pdata_0x18003f69e,func_pdata_,Y,60,1b,0,0,N,N,0x7539067639a96778,32,missing_knowledge
kernel32.dll,0x18003f710,func_pdata_0x18003f710,func_pdata_,Y,6b,1a,0,0,N,N,0x33f40a0729d00444,32,missing_knowledge
kernel32.dll,0x18003f784,func_pdata_0x18003f784,func_pdata_,Y,480,f1,3,0,N,N,0x67409c8f3c550be6,32,missing_knowledge
kernel32.dll,0x18003fc05,func_pdata_0x18003fc05,func_pdata_,Y,2f,d,0,0,N,N,0xd83accbf1c038e40,32,missing_knowledge
kernel32.dll,0x18003fc35,func_pdata_0x18003fc35,func_pdata_,Y,23,a,0,0,N,N,0xac29ae781c974fc1,32,missing_knowledge
kernel32.dll,0x18003fc60,func_pdata_0x18003fc60,func_pdata_,Y,80,23,0,0,N,N,0x1a45b436f87fa9da,32,missing_knowledge
kernel32.dll,0x18003fce1,func_pdata_0x18003fce1,func_pdata_,Y,20,a,0,0,N,N,0x1a61987eb2bb2238,32,missing_knowledge
kernel32.dll,0x18003fd10,func_pdata_0x18003fd10,func_pdata_,Y,143,57,1,0,N,N,0x4127383edb4c270f,32,missing_knowledge
kernel32.dll,0x18003fe54,func_pdata_0x18003fe54,func_pdata_,Y,60,1b,0,0,N,N,0x7539067639a96778,32,missing_knowledge
kernel32.dll,0x18003febc,func_pdata_0x18003febc,func_pdata_,Y,b1,27,1,0,N,N,0x0e5ce531d3cd6abe,32,missing_knowledge
kernel32.dll,0x18003ff74,func_pdata_0x18003ff74,func_pdata_,Y,1d7,7c,1,0,N,N,0xa730b1d0af04a5c7,32,missing_knowledge
kernel32.dll,0x180040154,func_pdata_0x180040154,func_pdata_,Y,1448,463,2,0,N,N,0xa1c8a013237b9004,32,missing_knowledge
kernel32.dll,0x18004159d,func_pdata_0x18004159d,func_pdata_,Y,183,54,0,0,N,N,0x8a8239e0dd9ff0a8,32,missing_knowledge
kernel32.dll,0x180041728,func_pdata_0x180041728,func_pdata_,Y,58c,17c,1,0,N,N,0x1d017c5715a91e18,32,missing_knowledge
kernel32.dll,0x180041cb5,func_pdata_0x180041cb5,func_pdata_,Y,76,1f,0,0,N,N,0x39c0843b6dfbe070,32,missing_knowledge
kernel32.dll,0x180041d40,func_pdata_0x180041d40,func_pdata_,Y,3c,10,0,0,N,N,0x44e60d944022da0b,32,missing_knowledge
kernel32.dll,0x180041d84,func_pdata_0x180041d84,func_pdata_,Y,8b,27,1,0,N,N,0xe71cf5a92a938887,32,missing_knowledge
kernel32.dll,0x180041e18,func_pdata_0x180041e18,func_pdata_,Y,13a,48,1,0,N,N,0x40151d92017b13f4,32,missing_knowledge
kernel32.dll,0x180041f5c,func_pdata_0x180041f5c,func_pdata_,Y,e8,39,1,0,N,N,0x00a41f704189f166,32,missing_knowledge
kernel32.dll,0x18004204c,func_pdata_0x18004204c,func_pdata_,Y,42,11,3,0,N,N,0x2786dec6341ef0fd,32,missing_knowledge
kernel32.dll,0x1800420a0,func_pdata_0x1800420a0,func_pdata_,Y,f7,44,0,0,N,N,0xb2ffde42b5316afb,32,missing_knowledge
kernel32.dll,0x1800421a0,func_pdata_0x1800421a0,func_pdata_,Y,199,5d,1,0,N,N,0x220796c179d0330c,32,missing_knowledge
kernel32.dll,0x180042340,func_pdata_0x180042340,func_pdata_,Y,95,23,0,0,N,N,0xc08db6249186ae74,32,missing_knowledge
kernel32.dll,0x1800423e0,func_pdata_0x1800423e0,func_pdata_,Y,a7,2d,0,0,N,N,0x7df89b9849c00908,32,missing_knowledge
kernel32.dll,0x180042488,func_pdata_0x180042488,func_pdata_,Y,1c,7,0,0,N,N,0x1cdb93daab2076b0,32,missing_knowledge
kernel32.dll,0x1800424b0,func_pdata_0x1800424b0,func_pdata_,Y,952,1ec,0,0,N,N,0x8f974dbb6d2fb3f8,32,missing_knowledge
kernel32.dll,0x180042e03,func_pdata_0x180042e03,func_pdata_,Y,1f,b,0,0,N,N,0x578ded4f669909e6,32,missing_knowledge
kernel32.dll,0x180042e23,func_pdata_0x180042e23,func_pdata_,Y,20,a,0,0,N,N,0x7558ed16e7d9be4f,32,missing_knowledge
kernel32.dll,0x180042e44,func_pdata_0x180042e44,func_pdata_,Y,1f,b,0,0,N,N,0x578ded4f669909e6,32,missing_knowledge
kernel32.dll,0x180042e70,func_pdata_0x180042e70,func_pdata_,Y,16c,55,0,0,N,N,0x2f0e3ff371f521d7,32,missing_knowledge
kernel32.dll,0x180042fdd,func_pdata_0x180042fdd,func_pdata_,Y,1f,b,0,0,N,N,0x578ded4f669909e6,32,missing_knowledge
kernel32.dll,0x180042ffd,func_pdata_0x180042ffd,func_pdata_,Y,25,c,0,0,N,N,0x4da74b8312b90220,32,missing_knowledge
kernel32.dll,0x18004302c,func_pdata_0x18004302c,func_pdata_,Y,2b2,b7,2,0,N,N,0xf546dd2b7c33a628,32,missing_knowledge
kernel32.dll,0x1800432e8,func_pdata_0x1800432e8,func_pdata_,Y,109,41,1,0,N,N,0xf581d6e44e633364,32,missing_knowledge
kernel32.dll,0x180043400,func_pdata_0x180043400,func_pdata_,Y,5d,12,0,0,N,N,0xd0532d6935ddacbb,32,missing_knowledge
kernel32.dll,0x180043470,func_pdata_0x180043470,func_pdata_,Y,129,45,0,0,N,N,0x70060b8609503018,32,missing_knowledge
kernel32.dll,0x18004359a,func_pdata_0x18004359a,func_pdata_,Y,27,d,0,0,N,N,0x503f85a85c33f194,32,missing_knowledge
kernel32.dll,0x1800435c2,func_pdata_0x1800435c2,func_pdata_,Y,1f,b,0,0,N,N,0x578ded4f669909e6,32,missing_knowledge
kernel32.dll,0x1800435e8,func_pdata_0x1800435e8,func_pdata_,Y,14f,59,6,0,N,N,0x129c90a67bc50f8c,32,missing_knowledge
kernel32.dll,0x180043740,func_data_0x6442727232,func_data_,Y,0,0,0,0,N,N,0x48d4d116e299d569,32,discovery_failure
kernel32.dll,0x180043758,func_call_0x180043758,func_call_,Y,1f,9,3,0,N,N,0x3d78967f59c3f344,32,missing_knowledge
kernel32.dll,0x180043798,func_call_0x180043798,func_call_,Y,1f,9,4,0,N,N,0x2535d5980382bf96,32,missing_knowledge
kernel32.dll,0x1800437c4,func_pdata_0x1800437c4,func_pdata_,Y,9a,25,4,0,N,N,0xb0959c6c2104f892,32,missing_knowledge
kernel32.dll,0x180043870,func_pdata_0x180043870,func_pdata_,Y,30,d,0,0,N,N,0x897079fcd73f7f0f,32,missing_knowledge
kernel32.dll,0x1800438b0,func_pdata_0x1800438b0,func_pdata_,Y,30,d,0,0,N,N,0x814d0876a10136d8,32,missing_knowledge
kernel32.dll,0x1800438f0,func_pdata_0x1800438f0,func_pdata_,Y,30,d,0,0,N,N,0x9d7006a92c98187f,32,missing_knowledge
kernel32.dll,0x180043930,func_pdata_0x180043930,func_pdata_,Y,30,d,0,0,N,N,0x65ab80a30c66264f,32,missing_knowledge
kernel32.dll,0x180043970,func_pdata_0x180043970,func_pdata_,Y,55,18,0,0,N,N,0x19b804da4c8b98a5,32,missing_knowledge
kernel32.dll,0x1800439d0,func_pdata_0x1800439d0,func_pdata_,Y,a5,26,0,0,N,N,0x1f112cf9239b75f1,32,missing_knowledge
kernel32.dll,0x180043a80,func_pdata_0x180043a80,func_pdata_,Y,30,d,0,0,N,N,0xcec8f4a7667bec5b,32,missing_knowledge
kernel32.dll,0x180043ac0,func_pdata_0x180043ac0,func_pdata_,Y,35,e,0,0,N,N,0x0d623ed3d60935dc,32,missing_knowledge
kernel32.dll,0x180043b00,func_pdata_0x180043b00,func_pdata_,Y,35,e,0,0,N,N,0x0f9a7fde017a4b3d,32,missing_knowledge
kernel32.dll,0x180043b40,func_pdata_0x180043b40,func_pdata_,Y,30,d,0,0,N,N,0x360bc64d4b983c0b,32,missing_knowledge
kernel32.dll,0x180043b80,func_pdata_0x180043b80,func_pdata_,Y,6c,1c,0,0,N,N,0xd46958d1f2be390b,32,missing_knowledge
kernel32.dll,0x180043c00,func_pdata_0x180043c00,func_pdata_,Y,3a,f,0,0,N,N,0xf497c4625105e93e,32,missing_knowledge
kernel32.dll,0x180043c50,func_pdata_0x180043c50,func_pdata_,Y,30,d,0,0,N,N,0x440b4b11dc032417,32,missing_knowledge
kernel32.dll,0x180043c90,func_pdata_0x180043c90,func_pdata_,Y,30,d,0,0,N,N,0xc6c2d3899b07344f,32,missing_knowledge
kernel32.dll,0x180043cd4,func_call_0x180043cd4,func_call_,Y,8,3,d,0,N,N,0xcaa57ef1a75a7d5d,32,missing_knowledge
kernel32.dll,0x180043cf0,func_pdata_0x180043cf0,func_pdata_,Y,4b,13,1,0,N,N,0x5aba9bf17d72a362,32,missing_knowledge
kernel32.dll,0x180043d50,func_pdata_0x180043d50,func_pdata_,Y,2a,c,1,0,N,N,0xe761211b0245b80d,32,missing_knowledge
kernel32.dll,0x180043d90,func_pdata_0x180043d90,func_pdata_,Y,7c,21,0,0,N,N,0x40f639a72c19faa9,32,missing_knowledge
kernel32.dll,0x180043e20,func_pdata_0x180043e20,func_pdata_,Y,6d,1d,0,0,N,N,0xe3d654ffa65ac672,32,missing_knowledge
kernel32.dll,0x180043e94,func_pdata_0x180043e94,func_pdata_,Y,79c,1db,2,0,N,N,0x818ccd9fd5691663,32,missing_knowledge
kernel32.dll,0x180044638,func_call_0x180044638,func_call_,Y,63,1c,2,0,N,N,0x2df434df74219476,32,missing_knowledge
kernel32.dll,0x180044718,func_call_0x180044718,func_call_,Y,a,5,2,0,N,N,0x8b5861f4cc035e99,32,missing_knowledge
kernel32.dll,0x180044734,func_pdata_0x180044734,func_pdata_,Y,f9,43,1,0,N,N,0x14c7a8d17eb2e3a9,32,missing_knowledge
kernel32.dll,0x180044834,func_pdata_0x180044834,func_pdata_,Y,57,1f,2,0,N,N,0xc652add9fed2f6d2,32,missing_knowledge
kernel32.dll,0x180044894,func_pdata_0x180044894,func_pdata_,Y,133,52,1,0,N,N,0xdf332a85385d3281,32,missing_knowledge
kernel32.dll,0x1800449d0,func_call_0x1800449d0,func_call_,Y,c,6,2,0,N,N,0x4f24dbcac1c28f07,32,missing_knowledge
kernel32.dll,0x180044a00,func_pdata_0x180044a00,func_pdata_,Y,84,1f,0,0,N,N,0x0c760b920dfac18a,32,missing_knowledge
kernel32.dll,0x180044a8c,func_pdata_0x180044a8c,func_pdata_,Y,1c2,7c,1f,0,N,N,0xf1fdc5fa5056a8d4,32,missing_knowledge
kernel32.dll,0x180044c60,func_pdata_0x180044c60,func_pdata_,Y,52,13,0,0,N,N,0xfb61915d7299b7a7,32,missing_knowledge
kernel32.dll,0x180044cc0,func_pdata_0x180044cc0,func_pdata_,Y,30,c,0,0,N,N,0xba0d33833e64fdbb,32,missing_knowledge
kernel32.dll,0x180044d00,func_pdata_0x180044d00,func_pdata_,Y,7e,27,0,0,N,N,0xd6e9fd7528f66a1d,32,missing_knowledge
kernel32.dll,0x180044d90,func_pdata_0x180044d90,func_pdata_,Y,24,9,0,0,N,N,0x670125c6bcf3da9e,32,missing_knowledge
kernel32.dll,0x180044dc0,func_pdata_0x180044dc0,func_pdata_,Y,30,c,0,0,N,N,0x7dc9598ef52acd2f,32,missing_knowledge
kernel32.dll,0x180044e00,func_pdata_0x180044e00,func_pdata_,Y,41,12,0,0,N,N,0x0aae4a3ec1cc01e9,32,missing_knowledge
kernel32.dll,0x180044e50,func_pdata_0x180044e50,func_pdata_,Y,68,17,0,0,N,N,0xd5422876a3231b01,32,missing_knowledge
kernel32.dll,0x180044ec0,func_pdata_0x180044ec0,func_pdata_,Y,52,13,0,0,N,N,0xd9a1a66f6c7995e1,32,missing_knowledge
kernel32.dll,0x180044f20,func_pdata_0x180044f20,func_pdata_,Y,a6,2f,0,0,N,N,0xa28c47ea8d7aac65,32,missing_knowledge
kernel32.dll,0x180044fd0,func_pdata_0x180044fd0,func_pdata_,Y,231,8e,0,0,N,N,0x5691ef2a1e8f147a,32,missing_knowledge
kernel32.dll,0x180045208,func_pdata_0x180045208,func_pdata_,Y,242,95,1,0,N,N,0x4d95d7faddb013e3,32,missing_knowledge
kernel32.dll,0x180045460,func_pdata_0x180045460,func_pdata_,Y,29,c,0,0,N,N,0x4d0f0ec284d1f48d,32,missing_knowledge
kernel32.dll,0x180045490,func_pdata_0x180045490,func_pdata_,Y,42,12,0,0,N,N,0x8e4c6a00ed4eca9c,32,missing_knowledge
kernel32.dll,0x1800454e0,func_pdata_0x1800454e0,func_pdata_,Y,4b,14,0,0,N,N,0xe20980abf75198a2,32,missing_knowledge
kernel32.dll,0x180045540,func_jmp_0x180045540,func_jmp_,Y,4,1,0,0,N,N,0x75a2eca32e822314,32,missing_knowledge
kernel32.dll,0x180045550,func_jmp_0x180045550,func_jmp_,Y,4,1,0,0,N,N,0x1a0426a0ff0eda33,32,missing_knowledge
kernel32.dll,0x180045560,func_pdata_0x180045560,func_pdata_,Y,ac,33,0,0,N,N,0x7065e57e8f5d0db9,32,missing_knowledge
kernel32.dll,0x180045620,func_jmp_0x180045620,func_jmp_,Y,4,1,0,0,N,N,0x885240b65cbd3b27,32,missing_knowledge
kernel32.dll,0x180045630,func_data_0x6442735152,func_data_,Y,0,0,0,0,N,N,0xad326c778fc7f69c,32,discovery_failure
kernel32.dll,0x180045650,func_jmp_0x180045650,func_jmp_,Y,4,1,0,0,N,N,0xe54b0100e6035fdd,32,missing_knowledge
kernel32.dll,0x180045660,func_jmp_0x180045660,func_jmp_,Y,4,1,0,0,N,N,0x7420a221871029de,32,missing_knowledge
kernel32.dll,0x180045670,func_jmp_0x180045670,func_jmp_,Y,4,1,0,0,N,N,0x9f2feb35608ebbb5,32,missing_knowledge
kernel32.dll,0x180045680,func_jmp_0x180045680,func_jmp_,Y,4,1,0,0,N,N,0xe199130a16ba8aa0,32,missing_knowledge
kernel32.dll,0x180045690,func_jmp_0x180045690,func_jmp_,Y,4,1,0,0,N,N,0xbbf804595afa2c4c,32,missing_knowledge
kernel32.dll,0x1800456a0,func_jmp_0x1800456a0,func_jmp_,Y,4,1,0,0,N,N,0x7427e04c31bc0ffe,32,missing_knowledge
kernel32.dll,0x1800456b0,func_jmp_0x1800456b0,func_jmp_,Y,4,1,0,0,N,N,0xcfab7c80ce5dd762,32,missing_knowledge
kernel32.dll,0x1800456c0,func_pdata_0x1800456c0,func_pdata_,Y,10,5,0,0,N,N,0xaf39c91be281f286,32,missing_knowledge
kernel32.dll,0x1800456e0,func_pdata_0x1800456e0,func_pdata_,Y,1a,6,0,0,N,N,0x7c4037cda7f074a3,32,missing_knowledge
kernel32.dll,0x180045710,func_pdata_0x180045710,func_pdata_,Y,29,c,0,0,N,N,0x28350b070e881164,32,missing_knowledge
kernel32.dll,0x180045740,func_data_0x6442735424,func_data_,Y,0,0,0,0,N,N,0x5a2979b47340f97e,32,discovery_failure
kernel32.dll,0x180045760,func_pdata_0x180045760,func_pdata_,Y,31,d,0,0,N,N,0xfef8e34db8cd1577,32,missing_knowledge
kernel32.dll,0x1800457a0,func_pdata_0x1800457a0,func_pdata_,Y,4d,13,0,0,N,N,0x3d64ea1bf7942e4b,32,missing_knowledge
kernel32.dll,0x180045800,func_pdata_0x180045800,func_pdata_,Y,2a,e,0,0,N,N,0xdeed5a370411d7b3,32,missing_knowledge
kernel32.dll,0x180045840,func_pdata_0x180045840,func_pdata_,Y,2d,b,0,0,N,N,0x7993d9d44678edb8,32,missing_knowledge
kernel32.dll,0x180045880,func_pdata_0x180045880,func_pdata_,Y,2d,b,0,0,N,N,0x15f3d977e7dbc5a8,32,missing_knowledge
kernel32.dll,0x1800458c0,func_pdata_0x1800458c0,func_pdata_,Y,2d,b,0,0,N,N,0xec58b63981a9d300,32,missing_knowledge
kernel32.dll,0x180045900,func_pdata_0x180045900,func_pdata_,Y,2d,b,0,0,N,N,0x5d4d12ee24794014,32,missing_knowledge
kernel32.dll,0x180045934,func_pdata_0x180045934,func_pdata_,Y,1781,66e,1,0,N,N,0xa1826634f14a2e8d,32,missing_knowledge
kernel32.dll,0x1800470bc,func_pdata_0x1800470bc,func_pdata_,Y,17b0,679,1,0,N,N,0x17edccf712404635,32,missing_knowledge
kernel32.dll,0x180048874,func_pdata_0x180048874,func_pdata_,Y,265,a0,1,0,N,N,0xbd50e7c017cc7ca0,32,missing_knowledge
kernel32.dll,0x180048ae0,func_pdata_0x180048ae0,func_pdata_,Y,265,a0,1,0,N,N,0xbd50e7c017cc7ca0,32,missing_knowledge
kernel32.dll,0x180048d4c,func_pdata_0x180048d4c,func_pdata_,Y,1cf,87,1,0,N,N,0x79ffa11ecaf3a837,32,missing_knowledge
kernel32.dll,0x180048f24,func_pdata_0x180048f24,func_pdata_,Y,1cc,87,1,0,N,N,0x8c716fdf8dacacb9,32,missing_knowledge
kernel32.dll,0x1800490f8,func_pdata_0x1800490f8,func_pdata_,Y,657,196,2,0,N,N,0x468f3c4a6e4af39c,32,missing_knowledge
kernel32.dll,0x180049758,func_pdata_0x180049758,func_pdata_,Y,1fc,82,4,0,N,N,0xa46a974a91dce163,32,missing_knowledge
kernel32.dll,0x18004995c,func_call_0x18004995c,func_call_,Y,36,11,8,0,N,N,0xc31f1fe0165e9c08,32,missing_knowledge
kernel32.dll,0x18004999c,func_pdata_0x18004999c,func_pdata_,Y,1cc,84,1,0,N,N,0xe1d544cde6bed465,32,missing_knowledge
kernel32.dll,0x180049b70,func_pdata_0x180049b70,func_pdata_,Y,246,95,0,0,N,N,0x810bfbaafd25e5cc,32,missing_knowledge
kernel32.dll,0x180049dc0,func_pdata_0x180049dc0,func_pdata_,Y,35,b,0,0,N,N,0x85dea590be9248f4,32,missing_knowledge
kernel32.dll,0x180049e00,func_pdata_0x180049e00,func_pdata_,Y,33,b,0,0,N,N,0x3f6f0b60dc3b345b,32,missing_knowledge
kernel32.dll,0x180049e3c,func_call_0x180049e3c,func_call_,Y,38,15,e,0,N,N,0xdae725962c7ab339,32,missing_knowledge
kernel32.dll,0x180049e84,func_pdata_0x180049e84,func_pdata_,Y,12d,51,2,0,N,N,0xac5500385ed6d949,32,missing_knowledge
kernel32.dll,0x180049fb8,func_pdata_0x180049fb8,func_pdata_,Y,a3,23,5,0,N,N,0x76b9989d046ebf9a,32,missing_knowledge
kernel32.dll,0x18004a064,func_pdata_0x18004a064,func_pdata_,Y,71,1d,2,0,N,N,0xd9bdb392ed08c6c9,32,missing_knowledge
kernel32.dll,0x18004a0dc,func_pdata_0x18004a0dc,func_pdata_,Y,1bc,79,1,0,N,N,0x52d3ea1a424b56bc,32,missing_knowledge
kernel32.dll,0x18004a2a0,func_pdata_0x18004a2a0,func_pdata_,Y,327,e7,1,0,N,N,0x9b091052c54b0411,32,missing_knowledge
kernel32.dll,0x18004a5d0,func_pdata_0x18004a5d0,func_pdata_,Y,192,75,1,0,N,N,0xbdf40dd2af71d364,32,missing_knowledge
kernel32.dll,0x18004a76c,func_pdata_0x18004a76c,func_pdata_,Y,ef,44,8,0,N,N,0x1885954f24e07dd1,32,missing_knowledge
kernel32.dll,0x18004a864,func_pdata_0x18004a864,func_pdata_,Y,de,3e,1,0,N,N,0x5e9b9cc762845a11,32,missing_knowledge
kernel32.dll,0x18004a94c,func_pdata_0x18004a94c,func_pdata_,Y,220,95,2,0,N,N,0x255dc263a94e2570,32,missing_knowledge
kernel32.dll,0x18004ab74,func_pdata_0x18004ab74,func_pdata_,Y,11b,56,1,0,N,N,0x604a2095d351b2ce,32,missing_knowledge
kernel32.dll,0x18004ac98,func_pdata_0x18004ac98,func_pdata_,Y,332,ec,1,0,N,N,0x090bbdf0de881f4e,32,missing_knowledge
kernel32.dll,0x18004afd4,func_pdata_0x18004afd4,func_pdata_,Y,190,67,2,0,N,N,0x3b553d94dc309eb4,32,missing_knowledge
kernel32.dll,0x18004b16c,func_pdata_0x18004b16c,func_pdata_,Y,1ca,8c,6,0,N,N,0x3652fdde1c8985ee,32,missing_knowledge
kernel32.dll,0x18004b340,func_pdata_0x18004b340,func_pdata_,Y,5c,1a,0,0,N,N,0x78ef4752870feccd,32,missing_knowledge
kernel32.dll,0x18004b3b0,func_pdata_0x18004b3b0,func_pdata_,Y,244,9b,1,0,N,N,0x234588cbed387c01,32,missing_knowledge
kernel32.dll,0x18004b600,func_jmp_0x18004b600,func_jmp_,Y,4,1,0,0,N,N,0x73e434bce9287f49,32,missing_knowledge
kernel32.dll,0x18004b610,func_pdata_0x18004b610,func_pdata_,Y,282,a8,1,0,N,N,0x00430a448332771f,32,missing_knowledge
kernel32.dll,0x18004b89c,func_call_0x18004b89c,func_call_,Y,41,15,6,0,N,N,0xeba3b1a941749615,32,missing_knowledge
kernel32.dll,0x18004b8e8,func_call_0x18004b8e8,func_call_,Y,49,19,2,0,N,N,0x2443531adb23adc8,32,missing_knowledge
kernel32.dll,0x18004b950,func_pdata_0x18004b950,func_pdata_,Y,172,5d,0,0,N,N,0x5f7a2fde2a8198e4,32,missing_knowledge
kernel32.dll,0x18004bac3,func_pdata_0x18004bac3,func_pdata_,Y,30,d,0,0,N,N,0x8f38cd90d74f3304,32,missing_knowledge
kernel32.dll,0x18004bb00,func_pdata_0x18004bb00,func_pdata_,Y,248,97,1,0,N,N,0xabdec62ae538d2df,32,missing_knowledge
kernel32.dll,0x18004bd50,func_pdata_0x18004bd50,func_pdata_,Y,a2,36,0,0,N,N,0xaae7c5c971411fad,32,missing_knowledge
kernel32.dll,0x18004be00,func_pdata_0x18004be00,func_pdata_,Y,eb,48,0,0,N,N,0x186240d25fdf1c9f,32,missing_knowledge
kernel32.dll,0x18004bf00,func_pdata_0x18004bf00,func_pdata_,Y,30,f,0,0,N,N,0x96ba3bd639d6ecc8,32,missing_knowledge
kernel32.dll,0x18004bf40,func_pdata_0x18004bf40,func_pdata_,Y,88,24,0,0,N,N,0xd27a132aebe180e7,32,missing_knowledge
kernel32.dll,0x18004bfd0,func_pdata_0x18004bfd0,func_pdata_,Y,f0,46,3,0,N,N,0x506f000de944fa6f,32,missing_knowledge
kernel32.dll,0x18004c0c8,func_pdata_0x18004c0c8,func_pdata_,Y,151,65,1,0,N,N,0x6308dd8e53706ccf,32,missing_knowledge
kernel32.dll,0x18004c220,func_pdata_0x18004c220,func_pdata_,Y,14e,61,0,0,N,N,0x73c3996e017f784e,32,missing_knowledge
kernel32.dll,0x18004c380,func_pdata_0x18004c380,func_pdata_,Y,c6,3c,0,0,N,N,0x4dc567c6f6789245,32,missing_knowledge
kernel32.dll,0x18004c450,func_pdata_0x18004c450,func_pdata_,Y,db,43,0,0,N,N,0xecf6d49c99308fb3,32,missing_knowledge
kernel32.dll,0x18004c534,func_pdata_0x18004c534,func_pdata_,Y,93,31,1,0,N,N,0x22eba80286aa98f1,32,missing_knowledge
kernel32.dll,0x18004c5d0,func_pdata_0x18004c5d0,func_pdata_,Y,78,28,1,0,N,N,0x71ed2621e94a326f,32,missing_knowledge
kernel32.dll,0x18004c650,func_pdata_0x18004c650,func_pdata_,Y,ed,51,2,0,N,N,0xbb3944eb9ee133e2,32,missing_knowledge
kernel32.dll,0x18004c750,func_pdata_0x18004c750,func_pdata_,Y,d9,47,0,0,N,N,0xd13442c207f80e41,32,missing_knowledge
kernel32.dll,0x18004c830,func_pdata_0x18004c830,func_pdata_,Y,e5,4a,0,0,N,N,0xba4bea89bdbcd1b1,32,missing_knowledge
kernel32.dll,0x18004c920,func_pdata_0x18004c920,func_pdata_,Y,c4,40,0,0,N,N,0x5e28ab44843d1d16,32,missing_knowledge
kernel32.dll,0x18004c9f0,func_pdata_0x18004c9f0,func_pdata_,Y,91,28,0,0,N,N,0xb86406bd02f6a73f,32,missing_knowledge
kernel32.dll,0x18004ca90,func_pdata_0x18004ca90,func_pdata_,Y,95,28,0,0,N,N,0xb86406bd02f6a73f,32,missing_knowledge
kernel32.dll,0x18004cb30,func_pdata_0x18004cb30,func_pdata_,Y,59,18,0,0,N,N,0xecb96828d9b534e3,32,missing_knowledge
kernel32.dll,0x18004cb90,func_pdata_0x18004cb90,func_pdata_,Y,5d,17,0,0,N,N,0xec4d6928d95a17b6,32,missing_knowledge
kernel32.dll,0x18004cc00,func_pdata_0x18004cc00,func_pdata_,Y,1a,6,0,0,N,N,0x0266325b6a9185ff,32,missing_knowledge
kernel32.dll,0x18004cc30,func_data_0x6442765360,func_data_,Y,0,0,0,0,N,N,0xbe4f4f3a67ff00bb,32,discovery_failure
kernel32.dll,0x18004cc50,func_data_0x6442765392,func_data_,Y,0,0,0,0,N,N,0x0f25cec89aa0e5aa,32,discovery_failure
kernel32.dll,0x18004cc70,func_pdata_0x18004cc70,func_pdata_,Y,6f,1d,0,0,N,N,0xaad52aa35c458329,32,missing_knowledge
kernel32.dll,0x18004ccf0,func_data_0x6442765552,func_data_,Y,0,0,0,0,N,N,0x5b0cb78d6a8f9835,32,discovery_failure
kernel32.dll,0x18004cd10,func_pdata_0x18004cd10,func_pdata_,Y,29c,a5,0,0,N,N,0x6ea8b47cbbeb10ed,32,missing_knowledge
kernel32.dll,0x18004cfc0,func_pdata_0x18004cfc0,func_pdata_,Y,cf,2f,0,0,N,N,0xd5b9f9d763d74be3,32,missing_knowledge
kernel32.dll,0x18004d0a0,func_pdata_0x18004d0a0,func_pdata_,Y,256,a0,0,0,N,N,0x1111e0996c86268e,32,missing_knowledge
kernel32.dll,0x18004d300,func_pdata_0x18004d300,func_pdata_,Y,3f1,f1,0,0,N,N,0xc5783467ae438abd,32,missing_knowledge
kernel32.dll,0x18004d700,func_pdata_0x18004d700,func_pdata_,Y,c4,35,0,0,N,N,0x879e5990e59ee5cf,32,missing_knowledge
kernel32.dll,0x18004d7d0,func_pdata_0x18004d7d0,func_pdata_,Y,dc,3d,0,0,N,N,0x42f2471c2184035b,32,missing_knowledge
kernel32.dll,0x18004d8c0,func_pdata_0x18004d8c0,func_pdata_,Y,ec,3f,0,0,N,N,0x6413382a5985a217,32,missing_knowledge
kernel32.dll,0x18004d9b4,func_pdata_0x18004d9b4,func_pdata_,Y,14f,59,3,0,N,N,0xc8ae89692ca1aa83,32,missing_knowledge
kernel32.dll,0x18004db0c,func_pdata_0x18004db0c,func_pdata_,Y,56,19,1,0,N,N,0x06248a1e32723e41,32,missing_knowledge
kernel32.dll,0x18004db6c,func_pdata_0x18004db6c,func_pdata_,Y,40,13,1,0,N,N,0x1ce130b13d25a40a,32,missing_knowledge
kernel32.dll,0x18004dbb4,func_pdata_0x18004dbb4,func_pdata_,Y,53,18,1,0,N,N,0xe655cc646649a9a3,32,missing_knowledge
kernel32.dll,0x18004dc10,func_pdata_0x18004dc10,func_pdata_,Y,89,23,1,0,N,N,0x64c72ed4c9059359,32,missing_knowledge
kernel32.dll,0x18004dca0,func_pdata_0x18004dca0,func_pdata_,Y,295,c1,3,0,N,N,0xab8cbb2cb4ed9137,32,missing_knowledge
kernel32.dll,0x18004df3c,func_pdata_0x18004df3c,func_pdata_,Y,76,20,3,0,N,N,0x9cace46b1daa9b3e,32,missing_knowledge
kernel32.dll,0x18004dfc0,func_pdata_0x18004dfc0,func_pdata_,Y,83,22,0,0,N,N,0x4adb98de87f5db72,32,missing_knowledge
kernel32.dll,0x18004e04c,func_pdata_0x18004e04c,func_pdata_,Y,d8,35,1,0,N,N,0x5ab789bf8212c2a7,32,missing_knowledge
kernel32.dll,0x18004e12c,func_pdata_0x18004e12c,func_pdata_,Y,45,17,1,0,N,N,0x70eab7e24d9b7a24,32,missing_knowledge
kernel32.dll,0x18004e178,func_pdata_0x18004e178,func_pdata_,Y,48,14,1,0,N,N,0x3bb6a0f8a70b7a38,32,missing_knowledge
kernel32.dll,0x18004e1c8,func_pdata_0x18004e1c8,func_pdata_,Y,20b,76,1,0,N,N,0x4cc08f9245d40bfd,32,missing_knowledge
kernel32.dll,0x18004e3dc,func_pdata_0x18004e3dc,func_pdata_,Y,197,6a,1,0,N,N,0x2b9f107cba5eca9e,32,missing_knowledge
kernel32.dll,0x18004e57c,func_pdata_0x18004e57c,func_pdata_,Y,117a,3d2,2,0,N,N,0xfcd6ee873643c001,32,missing_knowledge
kernel32.dll,0x18004f700,func_pdata_0x18004f700,func_pdata_,Y,254,8f,2,0,N,N,0x87ba15739aa97ed9,32,missing_knowledge
kernel32.dll,0x18004f95c,func_pdata_0x18004f95c,func_pdata_,Y,194,70,2,0,N,N,0xb654d112ed8479c0,32,missing_knowledge
kernel32.dll,0x18004fb00,func_pdata_0x18004fb00,func_pdata_,Y,291,ae,0,0,N,N,0x44cf0eecd48bcf84,32,missing_knowledge
kernel32.dll,0x18004fd98,func_pdata_0x18004fd98,func_pdata_,Y,3ea,f0,1,0,N,N,0x54fb333d5763499c,32,missing_knowledge
kernel32.dll,0x18005018c,func_pdata_0x18005018c,func_pdata_,Y,9e,2f,4,0,N,N,0xf5f3dc99a692d561,32,missing_knowledge
kernel32.dll,0x180050234,func_pdata_0x180050234,func_pdata_,Y,77,1e,5,0,N,N,0x0d9e6fdddb76ead8,32,missing_knowledge
kernel32.dll,0x1800502b4,func_pdata_0x1800502b4,func_pdata_,Y,1b0,79,4,0,N,N,0xc7e80910264e29ec,32,missing_knowledge
kernel32.dll,0x18005046c,func_pdata_0x18005046c,func_pdata_,Y,174,7b,2,0,N,N,0xd6f45a0396cc673e,32,missing_knowledge
kernel32.dll,0x1800505e8,func_pdata_0x1800505e8,func_pdata_,Y,c9,3b,2,0,N,N,0x1a1cb002a8e89a08,32,missing_knowledge
kernel32.dll,0x1800506b8,func_pdata_0x1800506b8,func_pdata_,Y,ac,33,1,0,N,N,0x10fb1b188f5eb90b,32,missing_knowledge
kernel32.dll,0x18005076c,func_pdata_0x18005076c,func_pdata_,Y,45,15,6,0,N,N,0xe06b780682d55658,32,missing_knowledge
kernel32.dll,0x1800507b8,func_pdata_0x1800507b8,func_pdata_,Y,75,20,1,0,N,N,0xd62031cdf62a08c4,32,missing_knowledge
kernel32.dll,0x180050834,func_pdata_0x180050834,func_pdata_,Y,fe,49,1,0,N,N,0xa46a584a91dc7656,32,missing_knowledge
kernel32.dll,0x18005093c,func_pdata_0x18005093c,func_pdata_,Y,46,15,1,0,N,N,0x47e39e7107ca5744,32,missing_knowledge
kernel32.dll,0x18005098c,func_pdata_0x18005098c,func_pdata_,Y,65,1f,1,0,N,N,0x8d98a109a38b131f,32,missing_knowledge
kernel32.dll,0x1800509f8,func_pdata_0x1800509f8,func_pdata_,Y,53,17,1,0,N,N,0x9a5b383678e871e6,32,missing_knowledge
kernel32.dll,0x180050a54,func_pdata_0x180050a54,func_pdata_,Y,153,54,1,0,N,N,0xdc6daadd7f523e78,32,missing_knowledge
kernel32.dll,0x180050bb0,func_pdata_0x180050bb0,func_pdata_,Y,ee,45,6,0,N,N,0x59415308e95239d8,32,missing_knowledge
kernel32.dll,0x180050ca8,func_pdata_0x180050ca8,func_pdata_,Y,56,13,3,0,N,N,0x80cf10de192e358b,32,missing_knowledge
kernel32.dll,0x180050d08,func_pdata_0x180050d08,func_pdata_,Y,1d,9,2,0,N,N,0x98d3e67fe4c32d67,32,missing_knowledge
kernel32.dll,0x180050d2c,func_pdata_0x180050d2c,func_pdata_,Y,73,21,1,0,N,N,0x664adca6d2d8ab86,32,missing_knowledge
kernel32.dll,0x180050da8,func_pdata_0x180050da8,func_pdata_,Y,56,1a,2,0,N,N,0x3b77587a8394e77e,32,missing_knowledge
kernel32.dll,0x180050e08,func_pdata_0x180050e08,func_pdata_,Y,c8,3e,6,0,N,N,0xe5323395b7d6501f,32,missing_knowledge
kernel32.dll,0x180050ed8,func_pdata_0x180050ed8,func_pdata_,Y,a3,2f,3,0,N,N,0xa93ae7f041a843ba,32,missing_knowledge
kernel32.dll,0x180050f84,func_pdata_0x180050f84,func_pdata_,Y,9f,32,1,0,N,N,0x640554f190c87a88,32,missing_knowledge
kernel32.dll,0x18005102c,func_pdata_0x18005102c,func_pdata_,Y,59,1c,2,0,N,N,0x7cf4032b2c73a8fc,32,missing_knowledge
kernel32.dll,0x18005108c,func_pdata_0x18005108c,func_pdata_,Y,c8,31,2,0,N,N,0x34a9c76a99cb2b94,32,missing_knowledge
kernel32.dll,0x18005115c,func_pdata_0x18005115c,func_pdata_,Y,50,19,1,0,N,N,0x15dbfdc6404e5c32,32,missing_knowledge
kernel32.dll,0x1800511b4,func_pdata_0x1800511b4,func_pdata_,Y,51,18,1,0,N,N,0x9e1c90fbfcdc4d91,32,missing_knowledge
kernel32.dll,0x18005120c,func_pdata_0x18005120c,func_pdata_,Y,105,52,1,0,N,N,0x2b22286bae4589a5,32,missing_knowledge
kernel32.dll,0x180051318,func_pdata_0x180051318,func_pdata_,Y,55,18,1,0,N,N,0x805a1ec4df2837b2,32,missing_knowledge
kernel32.dll,0x180051374,func_pdata_0x180051374,func_pdata_,Y,5a,1b,1,0,N,N,0x02be33b53c0fb5f8,32,missing_knowledge
kernel32.dll,0x1800513d8,func_pdata_0x1800513d8,func_pdata_,Y,82,23,1,0,N,N,0x283e0b3d1b1f6fc8,32,missing_knowledge
kernel32.dll,0x180051464,func_pdata_0x180051464,func_pdata_,Y,48,17,3,0,N,N,0x22c0c68aaf887e4f,32,missing_knowledge
kernel32.dll,0x1800514b4,func_call_0x1800514b4,func_call_,Y,2d,e,2,0,N,N,0x95e47a7ab5fec9a9,32,missing_knowledge
kernel32.dll,0x1800514ec,func_pdata_0x1800514ec,func_pdata_,Y,1a7,73,3,0,N,N,0x4fe6328aec58425a,32,missing_knowledge
kernel32.dll,0x18005169c,func_pdata_0x18005169c,func_pdata_,Y,97,30,3,0,N,N,0xa4be76fb085011de,32,missing_knowledge
kernel32.dll,0x18005173c,func_pdata_0x18005173c,func_pdata_,Y,48,18,2,0,N,N,0x836089138bbfd2b9,32,missing_knowledge
kernel32.dll,0x18005178c,func_pdata_0x18005178c,func_pdata_,Y,40,15,2,0,N,N,0xc80fb7ebcc3417c7,32,missing_knowledge
kernel32.dll,0x1800517d4,func_pdata_0x1800517d4,func_pdata_,Y,38,f,4,0,N,N,0x943f024116367f3b,32,missing_knowledge
kernel32.dll,0x180051814,func_pdata_0x180051814,func_pdata_,Y,48,13,8,0,N,N,0x6276489751935210,32,missing_knowledge
kernel32.dll,0x180051864,func_pdata_0x180051864,func_pdata_,Y,cf,3b,2,0,N,N,0xad103e464f42db6d,32,missing_knowledge
kernel32.dll,0x18005193c,func_pdata_0x18005193c,func_pdata_,Y,4a,18,2,0,N,N,0x4f7177208f34f405,32,missing_knowledge
kernel32.dll,0x180051990,func_pdata_0x180051990,func_pdata_,Y,50,19,1,0,N,N,0x8ec51276ba6ccbe8,32,missing_knowledge
kernel32.dll,0x1800519e8,func_pdata_0x1800519e8,func_pdata_,Y,51,18,1,0,N,N,0x6063f428fa66bebb,32,missing_knowledge
kernel32.dll,0x180051a40,func_pdata_0x180051a40,func_pdata_,Y,12c,5d,1,0,N,N,0x5ee2697026e88c59,32,missing_knowledge
kernel32.dll,0x180051b74,func_pdata_0x180051b74,func_pdata_,Y,b2,34,1,0,N,N,0x9f581f429e1ff772,32,missing_knowledge
kernel32.dll,0x180051c30,func_pdata_0x180051c30,func_pdata_,Y,5a,1b,1,0,N,N,0x02be33b53c0fb5f8,32,missing_knowledge
kernel32.dll,0x180051c94,func_pdata_0x180051c94,func_pdata_,Y,55,18,2,0,N,N,0x8314ae696429c085,32,missing_knowledge
kernel32.dll,0x180051cf0,func_pdata_0x180051cf0,func_pdata_,Y,a3,32,1,0,N,N,0x1d43021440af2e40,32,missing_knowledge
kernel32.dll,0x180051d9c,func_pdata_0x180051d9c,func_pdata_,Y,78,21,1,0,N,N,0x3076f9b0c8966bf2,32,missing_knowledge
kernel32.dll,0x180051e1c,func_pdata_0x180051e1c,func_pdata_,Y,47,12,4,0,N,N,0xec54abcd813228e1,32,missing_knowledge
kernel32.dll,0x180051e6c,func_pdata_0x180051e6c,func_pdata_,Y,38,15,6,0,N,N,0x1f7710eedfa96379,32,missing_knowledge
kernel32.dll,0x180051eac,func_call_0x180051eac,func_call_,Y,50,17,2,0,N,N,0x2174fb04af0b48d4,32,missing_knowledge
kernel32.dll,0x180051f3b,func_start_0x180051f3b,func_start_,Y,2,2,2,0,N,N,0x10d4bc391c48da59,32,missing_knowledge
kernel32.dll,0x180051f48,func_pdata_0x180051f48,func_pdata_,Y,1ad,72,2,0,N,N,0x81882f6bc1c06a1b,32,missing_knowledge
kernel32.dll,0x1800520fc,func_pdata_0x1800520fc,func_pdata_,Y,4a,14,9,0,N,N,0x6276489751935210,32,missing_knowledge
kernel32.dll,0x180052150,func_pdata_0x180052150,func_pdata_,Y,116,4d,2,0,N,N,0x030d96c866854fa6,32,missing_knowledge
kernel32.dll,0x180052270,func_pdata_0x180052270,func_pdata_,Y,7a,27,1,0,N,N,0xc7968ff93ab976c7,32,missing_knowledge
kernel32.dll,0x1800522f4,func_pdata_0x1800522f4,func_pdata_,Y,60,1e,2,0,N,N,0x28c693af75fedc28,32,missing_knowledge
kernel32.dll,0x18005235c,func_pdata_0x18005235c,func_pdata_,Y,5a,1d,6,0,N,N,0x9551217b8d78ab84,32,missing_knowledge
kernel32.dll,0x1800523c0,func_pdata_0x1800523c0,func_pdata_,Y,97,30,3,0,N,N,0x218554dc4e79c121,32,missing_knowledge
kernel32.dll,0x180052460,func_pdata_0x180052460,func_pdata_,Y,48,18,2,0,N,N,0x01ac032fabb64579,32,missing_knowledge
kernel32.dll,0x1800524b0,func_pdata_0x1800524b0,func_pdata_,Y,60,1e,2,0,N,N,0xc2dd78c924b0f9cf,32,missing_knowledge
kernel32.dll,0x180052518,func_pdata_0x180052518,func_pdata_,Y,38,f,4,0,N,N,0x6b6dcc71e4668a6b,32,missing_knowledge
kernel32.dll,0x180052558,func_pdata_0x180052558,func_pdata_,Y,4a,18,1,0,N,N,0x2f1b5e5fc820dad7,32,missing_knowledge
kernel32.dll,0x1800525ac,func_pdata_0x1800525ac,func_pdata_,Y,71,1f,8,0,N,N,0x323eac7882dc2b49,32,missing_knowledge
kernel32.dll,0x180052630,func_pdata_0x180052630,func_pdata_,Y,3f,11,0,0,N,N,0x22d8988be4ba8627,32,missing_knowledge
kernel32.dll,0x180052680,func_pdata_0x180052680,func_pdata_,Y,c8,42,1,0,N,N,0x9c8102e8c5279a01,32,missing_knowledge
kernel32.dll,0x180052750,func_pdata_0x180052750,func_pdata_,Y,6c,20,1,0,N,N,0x85d9b8be31f11ec7,32,missing_knowledge
kernel32.dll,0x1800527c4,func_pdata_0x1800527c4,func_pdata_,Y,51,1c,3,0,N,N,0x56d890b6b2907d70,32,missing_knowledge
kernel32.dll,0x180052820,func_pdata_0x180052820,func_pdata_,Y,38,11,0,0,N,N,0xdd50456e1a597cd8,32,missing_knowledge
kernel32.dll,0x180052860,func_call_0x180052860,func_call_,Y,e,6,2,0,N,N,0xaff53e530183e823,32,missing_knowledge
kernel32.dll,0x180052890,func_pdata_0x180052890,func_pdata_,Y,6f,1e,4,0,N,N,0x964b2fe5ecdfabd8,32,missing_knowledge
kernel32.dll,0x180052908,func_pdata_0x180052908,func_pdata_,Y,42,15,6,0,N,N,0x7bdad2e22783b8ea,32,missing_knowledge
kernel32.dll,0x180052954,func_pdata_0x180052954,func_pdata_,Y,3d,12,3,0,N,N,0xbe232517ba222d3b,32,missing_knowledge
kernel32.dll,0x1800529a0,func_pdata_0x1800529a0,func_pdata_,Y,50,16,0,0,N,N,0x7521b4f224559a34,32,missing_knowledge
kernel32.dll,0x180052a00,func_pdata_0x180052a00,func_pdata_,Y,70,22,1,0,N,N,0x59bb76a965ad90bd,32,missing_knowledge
kernel32.dll,0x180052a80,func_data_0x6442789504,func_data_,Y,0,0,0,0,N,N,0x1d5a90988003a59f,32,discovery_failure
kernel32.dll,0x180052a90,func_pdata_0x180052a90,func_pdata_,Y,4f,19,0,0,N,N,0x8d48d0ade933fc94,32,missing_knowledge
kernel32.dll,0x180052af0,func_pdata_0x180052af0,func_pdata_,Y,33,11,0,0,N,N,0x8dab13e796740ca7,32,missing_knowledge
kernel32.dll,0x180052b2c,func_pdata_0x180052b2c,func_pdata_,Y,4a,12,2,0,N,N,0xffe23d15e4694839,32,missing_knowledge
kernel32.dll,0x180052b80,func_pdata_0x180052b80,func_pdata_,Y,25,c,2,0,N,N,0x42914b3fe4d8e58c,32,missing_knowledge
kernel32.dll,0x180052bac,func_pdata_0x180052bac,func_pdata_,Y,12d,42,2,0,N,N,0xe406b2890b8c9b07,32,missing_knowledge
kernel32.dll,0x180052ce0,func_pdata_0x180052ce0,func_pdata_,Y,cb,36,0,0,N,N,0x6576dffbb0d9f6b3,32,missing_knowledge
kernel32.dll,0x180052dc0,func_pdata_0x180052dc0,func_pdata_,Y,41,15,1,0,N,N,0x515f4bb72a50942a,32,missing_knowledge
kernel32.dll,0x180052e10,func_data_0x6442790416,func_data_,Y,0,0,0,0,N,N,0x9d8fab9ac57869ad,32,discovery_failure
kernel32.dll,0x180052e2c,func_pdata_0x180052e2c,func_pdata_,Y,60,1b,1,0,N,N,0x9f2b22a0cba4c176,32,missing_knowledge
kernel32.dll,0x180052e94,func_pdata_0x180052e94,func_pdata_,Y,60,1b,1,0,N,N,0x3f1b16d428930419,32,missing_knowledge
kernel32.dll,0x180052efc,func_pdata_0x180052efc,func_pdata_,Y,60,1b,1,0,N,N,0x2172d1684d56c5c1,32,missing_knowledge
kernel32.dll,0x180052f64,func_pdata_0x180052f64,func_pdata_,Y,102,43,1,0,N,N,0xc157e5c2a35949f4,32,missing_knowledge
kernel32.dll,0x180053070,func_pdata_0x180053070,func_pdata_,Y,131,51,2,0,N,N,0x56a86a69f17552b5,32,missing_knowledge
kernel32.dll,0x1800531a8,func_pdata_0x1800531a8,func_pdata_,Y,47,e,1,0,N,N,0x3694289a0001fe21,32,missing_knowledge
kernel32.dll,0x1800531f8,func_pdata_0x1800531f8,func_pdata_,Y,9d,27,1,0,N,N,0x94c03205a969bfdd,32,missing_knowledge
kernel32.dll,0x18005329c,func_pdata_0x18005329c,func_pdata_,Y,9e,26,1,0,N,N,0xa97fd0c66a60b0e5,32,missing_knowledge
kernel32.dll,0x180053344,func_pdata_0x180053344,func_pdata_,Y,7e,1e,2,0,N,N,0x5e1f54fa0a52564f,32,missing_knowledge
kernel32.dll,0x1800533cc,func_pdata_0x1800533cc,func_pdata_,Y,91,23,1,0,N,N,0x9d9dcfe8ccaaa8da,32,missing_knowledge
kernel32.dll,0x180053464,func_pdata_0x180053464,func_pdata_,Y,aa,27,1,0,N,N,0x7ee5733b437d1490,32,missing_knowledge
kernel32.dll,0x180053518,func_pdata_0x180053518,func_pdata_,Y,da,39,1,0,N,N,0x8961cb03bb7541d3,32,missing_knowledge
kernel32.dll,0x1800535fc,func_pdata_0x1800535fc,func_pdata_,Y,86,20,1,0,N,N,0x3125c4ae35c55831,32,missing_knowledge
kernel32.dll,0x18005368c,func_pdata_0x18005368c,func_pdata_,Y,98,24,1,0,N,N,0x61d265edcbb644b1,32,missing_knowledge
kernel32.dll,0x18005372c,func_pdata_0x18005372c,func_pdata_,Y,72,20,1,0,N,N,0xace085d37b18f871,32,missing_knowledge
kernel32.dll,0x1800537a8,func_pdata_0x1800537a8,func_pdata_,Y,52,17,1,0,N,N,0xdcd21130f1e6b740,32,missing_knowledge
kernel32.dll,0x180053804,func_pdata_0x180053804,func_pdata_,Y,160,71,2,0,N,N,0xc2caf60d6c729852,32,missing_knowledge
kernel32.dll,0x18005396c,func_pdata_0x18005396c,func_pdata_,Y,4f,16,1,0,N,N,0x8cf1cc53f502bcbf,32,missing_knowledge
kernel32.dll,0x1800539c4,func_pdata_0x1800539c4,func_pdata_,Y,11b,5b,1,0,N,N,0xfd0ec1f34268a41d,32,missing_knowledge
kernel32.dll,0x180053ae8,func_pdata_0x180053ae8,func_pdata_,Y,61,1e,1,0,N,N,0xcec67ae80ac54c99,32,missing_knowledge
kernel32.dll,0x180053b50,func_pdata_0x180053b50,func_pdata_,Y,80,26,2,0,N,N,0x1f659d03f020cf20,32,missing_knowledge
kernel32.dll,0x180053bd8,func_call_0x180053bd8,func_call_,Y,71,22,2,0,N,N,0xf6cc9e07779f1808,32,missing_knowledge
kernel32.dll,0x180053c54,func_pdata_0x180053c54,func_pdata_,Y,152,55,2,0,N,N,0xa05abe972d4d2db5,32,missing_knowledge
kernel32.dll,0x180053db0,func_pdata_0x180053db0,func_pdata_,Y,6c,1b,1,0,N,N,0xa938dfb86d4ee039,32,missing_knowledge
kernel32.dll,0x180053e24,func_pdata_0x180053e24,func_pdata_,Y,4e,1b,3,0,N,N,0x27b72f8f8880aca6,32,missing_knowledge
kernel32.dll,0x180053e7c,func_pdata_0x180053e7c,func_pdata_,Y,3f,14,9,0,N,N,0xb5a104d7a99da624,32,missing_knowledge
kernel32.dll,0x180053ec4,func_pdata_0x180053ec4,func_pdata_,Y,74,24,1,0,N,N,0xde6dc85a64c25904,32,missing_knowledge
kernel32.dll,0x180053f40,func_pdata_0x180053f40,func_pdata_,Y,52,19,6,0,N,N,0xdc4e4b1eb5bff154,32,missing_knowledge
kernel32.dll,0x180053f9c,func_pdata_0x180053f9c,func_pdata_,Y,92,2e,3,0,N,N,0x30f7def5e6d8ca2d,32,missing_knowledge
kernel32.dll,0x180054038,func_pdata_0x180054038,func_pdata_,Y,48,18,2,0,N,N,0x34abf7ad0c23f405,32,missing_knowledge
kernel32.dll,0x180054088,func_pdata_0x180054088,func_pdata_,Y,5d,1d,3,0,N,N,0x790c334ac9104b62,32,missing_knowledge
kernel32.dll,0x1800540ec,func_pdata_0x1800540ec,func_pdata_,Y,34,f,6,0,N,N,0x949f6fbbcc34d6a3,32,missing_knowledge
kernel32.dll,0x180054128,func_pdata_0x180054128,func_pdata_,Y,4a,18,1,0,N,N,0xc32dde13dd9cb331,32,missing_knowledge
kernel32.dll,0x18005417c,func_call_0x18005417c,func_call_,Y,24,e,4,0,N,N,0x22eb891164a4a157,32,missing_knowledge
kernel32.dll,0x1800541c8,func_call_0x1800541c8,func_call_,Y,e,6,a,0,N,N,0xc77c876db4e0fd4a,32,missing_knowledge
kernel32.dll,0x180054228,func_call_0x180054228,func_call_,Y,1c,8,2,0,N,N,0x7e66ce4a8d84b6a2,32,missing_knowledge
kernel32.dll,0x180054254,func_pdata_0x180054254,func_pdata_,Y,5f,18,1,0,N,N,0x0bbdb2142ae71d43,32,missing_knowledge
kernel32.dll,0x1800542bc,func_pdata_0x1800542bc,func_pdata_,Y,34,c,2,0,N,N,0xa00f8d8ee960df9b,32,missing_knowledge
kernel32.dll,0x1800542f8,func_pdata_0x1800542f8,func_pdata_,Y,cb,28,3,0,N,N,0x1e584a7f8a041858,32,missing_knowledge
kernel32.dll,0x1800543d0,func_pdata_0x1800543d0,func_pdata_,Y,6b,18,0,0,N,N,0x64f6fd1a69a055f5,32,missing_knowledge
kernel32.dll,0x180054450,func_pdata_0x180054450,func_pdata_,Y,64,14,0,0,N,N,0xabf7396d335d3100,32,missing_knowledge
kernel32.dll,0x1800544c0,func_pdata_0x1800544c0,func_pdata_,Y,62,14,0,0,N,N,0x361f06fa68ba42eb,32,missing_knowledge
kernel32.dll,0x180054530,func_pdata_0x180054530,func_pdata_,Y,92,1a,0,0,N,N,0x5231006efc9475e1,32,missing_knowledge
kernel32.dll,0x1800545d0,func_pdata_0x1800545d0,func_pdata_,Y,6c,16,0,0,N,N,0x0c942440961a88bd,32,missing_knowledge
kernel32.dll,0x180054670,func_pdata_0x180054670,func_pdata_,Y,ce,2b,1,0,N,N,0xcc6ed72ac4321cb8,32,missing_knowledge
kernel32.dll,0x180054748,func_pdata_0x180054748,func_pdata_,Y,2e7,a1,1,0,N,N,0x4f72d7ac48961059,32,missing_knowledge
kernel32.dll,0x180054a38,func_pdata_0x180054a38,func_pdata_,Y,b5,23,1,0,N,N,0x41e1351c34d5473b,32,missing_knowledge
kernel32.dll,0x180054af4,func_pdata_0x180054af4,func_pdata_,Y,2f,b,1,0,N,N,0x1a6b695d5d7d8975,32,missing_knowledge
kernel32.dll,0x180054b2c,func_pdata_0x180054b2c,func_pdata_,Y,ca,3b,1,0,N,N,0xbcd0a0c472bdc595,32,missing_knowledge
kernel32.dll,0x180054c00,func_pdata_0x180054c00,func_pdata_,Y,2f,a,2,0,N,N,0x9d62cbf1cd12cbb0,32,missing_knowledge
kernel32.dll,0x180054c38,func_pdata_0x180054c38,func_pdata_,Y,56,15,1,0,N,N,0x1c66769b67bdf466,32,missing_knowledge
kernel32.dll,0x180054c98,func_pdata_0x180054c98,func_pdata_,Y,43,f,7,0,N,N,0x351e7d206245aad8,32,missing_knowledge
kernel32.dll,0x180054ce4,func_pdata_0x180054ce4,func_pdata_,Y,e7,2a,1,0,N,N,0x2df8c393d380fed9,32,missing_knowledge
kernel32.dll,0x180054dd4,func_pdata_0x180054dd4,func_pdata_,Y,80,21,2,0,N,N,0xf4c6462012daa916,32,missing_knowledge
kernel32.dll,0x180054e5c,func_pdata_0x180054e5c,func_pdata_,Y,977,1a5,1,0,N,N,0xe87049fb06b517fb,32,missing_knowledge
kernel32.dll,0x1800557dc,func_call_0x1800557dc,func_call_,Y,38,10,1,0,N,N,0x43c3c07e3fa0bbd7,32,missing_knowledge
kernel32.dll,0x180055830,func_pdata_0x180055830,func_pdata_,Y,45,14,1,0,N,N,0xb2cb7e698b33531c,32,missing_knowledge
kernel32.dll,0x180055880,func_pdata_0x180055880,func_pdata_,Y,40,11,0,0,N,N,0x9ca8daebf8ae6c59,32,missing_knowledge
kernel32.dll,0x1800558c8,func_call_0x1800558c8,func_call_,Y,1a,7,5,0,N,N,0x5357f514f07f5c4e,32,missing_knowledge
kernel32.dll,0x1800558f0,func_pdata_0x1800558f0,func_pdata_,Y,42,14,3,0,N,N,0x38d5d6311a69f143,32,missing_knowledge
kernel32.dll,0x180055940,func_data_0x6442801472,func_data_,Y,0,0,0,0,N,N,0x52ed8708e2e3dc6c,32,discovery_failure
kernel32.dll,0x180055950,func_pdata_0x180055950,func_pdata_,Y,40,11,0,0,N,N,0xc422a2bab8e5a909,32,missing_knowledge
kernel32.dll,0x1800559a0,func_data_0x6442801568,func_data_,Y,0,0,0,0,N,N,0x28b1d7c3e3fff177,32,discovery_failure
kernel32.dll,0x1800559c0,func_pdata_0x1800559c0,func_pdata_,Y,40,11,0,0,N,N,0x227fb107c19861e9,32,missing_knowledge
kernel32.dll,0x180055a10,func_pdata_0x180055a10,func_pdata_,Y,3a,11,0,0,N,N,0x01bdb7ded574f512,32,missing_knowledge
kernel32.dll,0x180055a60,func_pdata_0x180055a60,func_pdata_,Y,46,15,1,0,N,N,0x0b206259b4a5b4cd,32,missing_knowledge
kernel32.dll,0x180055ab0,func_pdata_0x180055ab0,func_pdata_,Y,4a,15,6,0,N,N,0x60dc37b373491eb1,32,missing_knowledge
kernel32.dll,0x180055b10,func_pdata_0x180055b10,func_pdata_,Y,54,18,3,0,N,N,0x9368b5e2f6ec48bd,32,missing_knowledge
kernel32.dll,0x180055b70,func_pdata_0x180055b70,func_pdata_,Y,50,17,6,0,N,N,0xdb5e9b29c0862494,32,missing_knowledge
kernel32.dll,0x180055bc8,func_call_0x180055bc8,func_call_,Y,53,1e,1,0,N,N,0xda3f40d4d7ce9d57,32,missing_knowledge
kernel32.dll,0x180055c30,func_pdata_0x180055c30,func_pdata_,Y,e8,45,0,0,N,N,0xb0c9c14eea2e020d,32,missing_knowledge
kernel32.dll,0x180055d20,func_pdata_0x180055d20,func_pdata_,Y,126,53,0,0,N,N,0xa7e9938dd3613c18,32,missing_knowledge
kernel32.dll,0x180055e50,func_pdata_0x180055e50,func_pdata_,Y,69,21,0,0,N,N,0x3cc693bb00de6745,32,missing_knowledge
kernel32.dll,0x180055ec0,func_pdata_0x180055ec0,func_pdata_,Y,e4,3f,2,0,N,N,0x84578cbb88d4438c,32,missing_knowledge
kernel32.dll,0x180055fb0,func_pdata_0x180055fb0,func_pdata_,Y,1c7,79,1,0,N,N,0x5ef98f75deea313f,32,missing_knowledge
kernel32.dll,0x180056180,func_pdata_0x180056180,func_pdata_,Y,14,5,0,0,N,N,0x1d4670051d322afc,32,missing_knowledge
kernel32.dll,0x1800561a0,func_pdata_0x1800561a0,func_pdata_,Y,85,22,0,0,N,N,0xcb7f90f814dbf30d,32,missing_knowledge
kernel32.dll,0x18005622c,func_pdata_0x18005622c,func_pdata_,Y,217,7a,2,0,N,N,0xadec241e8c8a488f,32,missing_knowledge
kernel32.dll,0x18005644c,func_pdata_0x18005644c,func_pdata_,Y,dc3,3d8,1,0,N,N,0x71095f8b03dcd904,32,missing_knowledge
kernel32.dll,0x180057218,func_pdata_0x180057218,func_pdata_,Y,d4e,3ef,1,0,N,N,0xc2956309650ecfee,32,missing_knowledge
kernel32.dll,0x180057f70,func_pdata_0x180057f70,func_pdata_,Y,c7,3b,0,0,N,N,0xaa607b5b5d57509a,32,missing_knowledge
kernel32.dll,0x180058040,func_pdata_0x180058040,func_pdata_,Y,33d,e2,1,0,N,N,0x57261d0ed9a2e8aa,32,missing_knowledge
kernel32.dll,0x180058384,func_pdata_0x180058384,func_pdata_,Y,46,14,3,0,N,N,0xf2918f342a151dda,32,missing_knowledge
kernel32.dll,0x1800583d4,func_call_0x1800583d4,func_call_,Y,39,14,5,0,N,N,0xebf799965e9d8bfc,32,missing_knowledge
kernel32.dll,0x180058418,func_pdata_0x180058418,func_pdata_,Y,5b,1b,1,0,N,N,0x06647b2fb05d5cbc,32,missing_knowledge
kernel32.dll,0x18005847c,func_pdata_0x18005847c,func_pdata_,Y,1a4,69,2,0,N,N,0x6764111850c75aeb,32,missing_knowledge
kernel32.dll,0x180058628,func_pdata_0x180058628,func_pdata_,Y,146,5b,1,0,N,N,0xc3ec041de9bee829,32,missing_knowledge
kernel32.dll,0x180058780,func_pdata_0x180058780,func_pdata_,Y,190f,6d7,0,0,N,N,0x2d45a1f732d8b854,32,missing_knowledge
kernel32.dll,0x18005a098,func_pdata_0x18005a098,func_pdata_,Y,1a6,61,1,0,N,N,0x864fb221cdc5cc75,32,missing_knowledge
kernel32.dll,0x18005a250,func_pdata_0x18005a250,func_pdata_,Y,59,1b,0,0,N,N,0x1b12d93bdcbecfed,32,missing_knowledge
kernel32.dll,0x18005a2b0,func_call_0x18005a2b0,func_call_,Y,1e,8,5,0,N,N,0xd86f9c85898badca,32,missing_knowledge
kernel32.dll,0x18005a2f0,func_pdata_0x18005a2f0,func_pdata_,Y,2e4,d7,2,0,N,N,0xe0815631d491508e,32,missing_knowledge
kernel32.dll,0x18005a5dc,func_call_0x18005a5dc,func_call_,Y,48,19,5,0,N,N,0xc887c96b999c2453,32,missing_knowledge
kernel32.dll,0x18005a650,func_pdata_0x18005a650,func_pdata_,Y,1c,8,0,0,N,N,0x4cf80bb271f35c99,32,missing_knowledge
kernel32.dll,0x18005a680,func_pdata_0x18005a680,func_pdata_,Y,5c,18,0,0,N,N,0x004550243ce5fc11,32,missing_knowledge
kernel32.dll,0x18005a6e4,func_pdata_0x18005a6e4,func_pdata_,Y,c1,36,6,0,N,N,0xa170e25fde6b4327,32,missing_knowledge
kernel32.dll,0x18005a7ac,func_pdata_0x18005a7ac,func_pdata_,Y,5f,17,2,0,N,N,0x93f92075b17ff2b7,32,missing_knowledge
kernel32.dll,0x18005a814,func_pdata_0x18005a814,func_pdata_,Y,c5,30,1,0,N,N,0xa4e233ce6b1e5879,32,missing_knowledge
kernel32.dll,0x18005a8e0,func_pdata_0x18005a8e0,func_pdata_,Y,ef,3d,1,0,N,N,0x2c826121ddbce7cc,32,missing_knowledge
kernel32.dll,0x18005a9d8,func_pdata_0x18005a9d8,func_pdata_,Y,7d,2c,7,0,N,N,0x47caa14f9e6aa0de,32,missing_knowledge
kernel32.dll,0x18005aa5c,func_pdata_0x18005aa5c,func_pdata_,Y,3af,cf,1,0,N,N,0xd884472559f358b3,32,missing_knowledge
kernel32.dll,0x18005ae14,func_pdata_0x18005ae14,func_pdata_,Y,24c,99,1,0,N,N,0x87b00dee7ee011c1,32,missing_knowledge
kernel32.dll,0x18005b070,func_call_0x18005b070,func_call_,Y,a,5,1,0,N,N,0xd72c2834a88c63d1,32,missing_knowledge
kernel32.dll,0x18005b0a0,func_pdata_0x18005b0a0,func_pdata_,Y,69,1d,0,0,N,N,0xa6bf246c4b64fe25,32,missing_knowledge
kernel32.dll,0x18005b110,func_pdata_0x18005b110,func_pdata_,Y,57,1e,0,0,N,N,0x0e4245f74f1e3942,32,missing_knowledge
kernel32.dll,0x18005b170,func_pdata_0x18005b170,func_pdata_,Y,182,5f,0,0,N,N,0x99f74446d3d6df42,32,missing_knowledge
kernel32.dll,0x18005b300,func_pdata_0x18005b300,func_pdata_,Y,4b,14,0,0,N,N,0x7b4dab78779bdb27,32,missing_knowledge
kernel32.dll,0x18005b360,func_pdata_0x18005b360,func_pdata_,Y,21c,87,1,0,N,N,0x31df985a64cfc190,32,missing_knowledge
kernel32.dll,0x18005b57d,func_pdata_0x18005b57d,func_pdata_,Y,71,1f,0,0,N,N,0xcd3b7767fc118d14,32,missing_knowledge
kernel32.dll,0x18005b600,func_pdata_0x18005b600,func_pdata_,Y,d8,34,0,0,N,N,0xd4090dcf243fce2f,32,missing_knowledge
kernel32.dll,0x18005b6d9,func_pdata_0x18005b6d9,func_pdata_,Y,20,a,0,0,N,N,0xe590dd5c029762cc,32,missing_knowledge
kernel32.dll,0x18005b700,func_pdata_0x18005b700,func_pdata_,Y,10,4,0,0,N,N,0xdc39dcf14bc320a3,32,missing_knowledge
kernel32.dll,0x18005b718,func_pdata_0x18005b718,func_pdata_,Y,aa,2a,1,0,N,N,0x88dbae4b4b71df93,32,missing_knowledge
kernel32.dll,0x18005b7cc,func_pdata_0x18005b7cc,func_pdata_,Y,79,1d,1,0,N,N,0x34bf451dbe25536c,32,missing_knowledge
kernel32.dll,0x18005b850,func_data_0x6442825808,func_data_,Y,0,0,0,0,N,N,0xd98be82004e73809,32,discovery_failure
kernel32.dll,0x18005b870,func_pdata_0x18005b870,func_pdata_,Y,1e,9,0,0,N,N,0xa06512d14744659b,32,missing_knowledge
kernel32.dll,0x18005b8a0,func_data_0x6442825888,func_data_,Y,0,0,0,0,N,N,0xbb8cafe3313ebeaf,32,discovery_failure
kernel32.dll,0x18005b8c0,func_data_0x6442825920,func_data_,Y,0,0,0,0,N,N,0x826d111e1b1cb4b4,32,discovery_failure
kernel32.dll,0x18005b8e0,func_pdata_0x18005b8e0,func_pdata_,Y,1e,9,0,0,N,N,0xcd8570768081bcda,32,missing_knowledge
kernel32.dll,0x18005b910,func_pdata_0x18005b910,func_pdata_,Y,6c,1a,0,0,N,N,0x85413307bda8a330,32,missing_knowledge
kernel32.dll,0x18005b990,func_pdata_0x18005b990,func_pdata_,Y,51,19,0,0,N,N,0x2aff87abf8c8d1c7,32,missing_knowledge
kernel32.dll,0x18005b9f0,func_pdata_0x18005b9f0,func_pdata_,Y,140,50,1,0,N,N,0xdb191f9c70b77c27,32,missing_knowledge
kernel32.dll,0x18005bb38,func_pdata_0x18005bb38,func_pdata_,Y,19a,70,3,0,N,N,0x2fe1f3ed9a2065c1,32,missing_knowledge
kernel32.dll,0x18005bcdc,func_pdata_0x18005bcdc,func_pdata_,Y,54,18,1,0,N,N,0x5e90f09d41631407,32,missing_knowledge
kernel32.dll,0x18005bd38,func_pdata_0x18005bd38,func_pdata_,Y,111,47,1,0,N,N,0xad55980f7c2dc317,32,missing_knowledge
kernel32.dll,0x18005be50,func_pdata_0x18005be50,func_pdata_,Y,6d,1c,3,0,N,N,0x1d47b2d5d8f98b86,32,missing_knowledge
kernel32.dll,0x18005bec4,func_pdata_0x18005bec4,func_pdata_,Y,ce,43,4,0,N,N,0xcfe2aee5244d1c66,32,missing_knowledge
kernel32.dll,0x18005bf9c,func_pdata_0x18005bf9c,func_pdata_,Y,101,3c,1,0,N,N,0x41b82fa83d3cff1c,32,missing_knowledge
kernel32.dll,0x18005c0a4,func_pdata_0x18005c0a4,func_pdata_,Y,23f,94,1,0,N,N,0xd21729e1407f5b57,32,missing_knowledge
kernel32.dll,0x18005c2ec,func_pdata_0x18005c2ec,func_pdata_,Y,d2,37,3,0,N,N,0xa2bbcb60f53b6f12,32,missing_knowledge
kernel32.dll,0x18005c3c8,func_pdata_0x18005c3c8,func_pdata_,Y,102,4b,2,0,N,N,0xf410ed4f0fb6e779,32,missing_knowledge
kernel32.dll,0x18005c4d4,func_pdata_0x18005c4d4,func_pdata_,Y,15d,5a,1,0,N,N,0x8e7590e905fe68cc,32,missing_knowledge
kernel32.dll,0x18005c638,func_pdata_0x18005c638,func_pdata_,Y,cf,41,2,0,N,N,0x9dc7d7d472df76d0,32,missing_knowledge
kernel32.dll,0x18005c710,func_pdata_0x18005c710,func_pdata_,Y,33,e,2,0,N,N,0x4f2170920d4902ad,32,missing_knowledge
kernel32.dll,0x18005c74c,func_pdata_0x18005c74c,func_pdata_,Y,49,16,3,0,N,N,0xab111bccb9c4e1ad,32,missing_knowledge
kernel32.dll,0x18005c79c,func_pdata_0x18005c79c,func_pdata_,Y,10a,3e,4,0,N,N,0xd2c0e4a1afff2db2,32,missing_knowledge
kernel32.dll,0x18005c8b0,func_pdata_0x18005c8b0,func_pdata_,Y,5f,20,4,0,N,N,0x3742d7886a2da79c,32,missing_knowledge
kernel32.dll,0x18005c920,func_pdata_0x18005c920,func_pdata_,Y,e8,43,0,0,N,N,0xa6a834b9104eaaab,32,missing_knowledge
kernel32.dll,0x18005ca10,func_pdata_0x18005ca10,func_pdata_,Y,11d,4a,0,0,N,N,0xa9a1ba372f617f9f,32,missing_knowledge
kernel32.dll,0x18005cb40,func_pdata_0x18005cb40,func_pdata_,Y,20d,98,1,0,N,N,0x30759c1c6db9a7df,32,missing_knowledge
kernel32.dll,0x18005cd60,func_pdata_0x18005cd60,func_pdata_,Y,51,19,0,0,N,N,0x2aff87abf8c8d1c7,32,missing_knowledge
kernel32.dll,0x18005cdc0,func_pdata_0x18005cdc0,func_pdata_,Y,244,98,2,0,N,N,0xe47909d455b73943,32,missing_knowledge
kernel32.dll,0x18005d010,func_pdata_0x18005d010,func_pdata_,Y,51,19,0,0,N,N,0x2aff87abf8c8d1c7,32,missing_knowledge
kernel32.dll,0x18005d070,func_pdata_0x18005d070,func_pdata_,Y,3a3,ed,1,0,N,N,0xf92d5712da82c499,32,missing_knowledge
kernel32.dll,0x18005d41c,func_pdata_0x18005d41c,func_pdata_,Y,1df,73,2,0,N,N,0x147cccbff8fd06fe,32,missing_knowledge
kernel32.dll,0x18005d610,func_pdata_0x18005d610,func_pdata_,Y,ed,3d,0,0,N,N,0x5a85ce05d3953d80,32,missing_knowledge
kernel32.dll,0x18005d704,func_pdata_0x18005d704,func_pdata_,Y,113,51,1,0,N,N,0x7b31bfb7dec0e57b,32,missing_knowledge
kernel32.dll,0x18005d820,func_pdata_0x18005d820,func_pdata_,Y,158,66,1,0,N,N,0xe15b0c31d54a7690,32,missing_knowledge
kernel32.dll,0x18005d980,func_pdata_0x18005d980,func_pdata_,Y,62,1d,0,0,N,N,0xd0653f937f3f94d8,32,missing_knowledge
kernel32.dll,0x18005d9f0,func_pdata_0x18005d9f0,func_pdata_,Y,29,c,0,0,N,N,0xa66ebe00795e3831,32,missing_knowledge
kernel32.dll,0x18005da20,func_jmp_0x18005da20,func_jmp_,Y,4,1,0,0,N,N,0xaaf0e8d3c988f25c,32,missing_knowledge
kernel32.dll,0x18005da30,func_pdata_0x18005da30,func_pdata_,Y,71,22,0,0,N,N,0xf4b19b3d0a7e973d,32,missing_knowledge
kernel32.dll,0x18005dab0,func_pdata_0x18005dab0,func_pdata_,Y,be,33,1,0,N,N,0x12429e5bd0f718f7,32,missing_knowledge
kernel32.dll,0x18005db80,func_pdata_0x18005db80,func_pdata_,Y,107,44,0,0,N,N,0x744cb8a16e662cd8,32,missing_knowledge
kernel32.dll,0x18005dc90,func_pdata_0x18005dc90,func_pdata_,Y,80,25,1,0,N,N,0x20d4efd93690b78b,32,missing_knowledge
kernel32.dll,0x18005dd18,func_pdata_0x18005dd18,func_pdata_,Y,102,4c,1,0,N,N,0xc4482dea8b89c6de,32,missing_knowledge
kernel32.dll,0x18005de24,func_pdata_0x18005de24,func_pdata_,Y,6e,22,2,0,N,N,0xc2c4cd9c8ade29ae,32,missing_knowledge
kernel32.dll,0x18005de9c,func_call_0x18005de9c,func_call_,Y,4a,1a,2,0,N,N,0x6f99d3a67582d530,32,missing_knowledge
kernel32.dll,0x18005df00,func_pdata_0x18005df00,func_pdata_,Y,20b,7a,0,0,N,N,0xfd4290facbd85eec,32,missing_knowledge
kernel32.dll,0x18005e114,func_pdata_0x18005e114,func_pdata_,Y,8f,26,2,0,N,N,0x83223c782e628cbe,32,missing_knowledge
kernel32.dll,0x18005e1ac,func_pdata_0x18005e1ac,func_pdata_,Y,3c,d,3,0,N,N,0x818e3163cce31129,32,missing_knowledge
kernel32.dll,0x18005e1f0,func_pdata_0x18005e1f0,func_pdata_,Y,1ee,7d,2,0,N,N,0x48c5b97559874f89,32,missing_knowledge
kernel32.dll,0x18005e3f0,func_pdata_0x18005e3f0,func_pdata_,Y,2df,cb,0,0,N,N,0xd16fdc304961de17,32,missing_knowledge
kernel32.dll,0x18005e6d8,func_pdata_0x18005e6d8,func_pdata_,Y,33a,c6,1,0,N,N,0xdb468859b06560c9,32,missing_knowledge
kernel32.dll,0x18005ea1c,func_pdata_0x18005ea1c,func_pdata_,Y,7d,23,6,0,N,N,0xee8b33c0f5032ce9,32,missing_knowledge
kernel32.dll,0x18005eaa0,func_pdata_0x18005eaa0,func_pdata_,Y,113,3e,1,0,N,N,0x716ddc04e7fa0b90,32,missing_knowledge
kernel32.dll,0x18005ebbc,func_pdata_0x18005ebbc,func_pdata_,Y,12c,44,1,0,N,N,0x2129b1c2e9fcba3b,32,missing_knowledge
kernel32.dll,0x18005ecf0,func_pdata_0x18005ecf0,func_pdata_,Y,1ae,62,1,0,N,N,0xa9b02cc60bea603b,32,missing_knowledge
kernel32.dll,0x18005eea8,func_pdata_0x18005eea8,func_pdata_,Y,eb,35,1,0,N,N,0x32f48a995971d2b8,32,missing_knowledge
kernel32.dll,0x18005ef9c,func_pdata_0x18005ef9c,func_pdata_,Y,1a6,64,1,0,N,N,0x3def5501defc7589,32,missing_knowledge
kernel32.dll,0x18005f14c,func_pdata_0x18005f14c,func_pdata_,Y,180,57,1,0,N,N,0x0508942ddad463ec,32,missing_knowledge
kernel32.dll,0x18005f2d4,func_pdata_0x18005f2d4,func_pdata_,Y,142,4c,2,0,N,N,0x3f50294ed8875815,32,missing_knowledge
kernel32.dll,0x18005f420,func_pdata_0x18005f420,func_pdata_,Y,182,5b,1,0,N,N,0x30c3cb9957956798,32,missing_knowledge
kernel32.dll,0x18005f5b0,func_pdata_0x18005f5b0,func_pdata_,Y,1ea,7a,0,0,N,N,0x8c47e361f2133f37,32,missing_knowledge
kernel32.dll,0x18005f7a4,func_pdata_0x18005f7a4,func_pdata_,Y,e5,31,3,0,N,N,0x747534cb6d775a66,32,missing_knowledge
kernel32.dll,0x18005f890,func_pdata_0x18005f890,func_pdata_,Y,2f4,cd,0,0,N,N,0x9bbce8edfc51dd68,32,missing_knowledge
kernel32.dll,0x18005fb8c,func_pdata_0x18005fb8c,func_pdata_,Y,218,78,1,0,N,N,0x577348696cdc35dc,32,missing_knowledge
kernel32.dll,0x18005fdac,func_pdata_0x18005fdac,func_pdata_,Y,ed,40,7,0,N,N,0x44118697996b403d,32,missing_knowledge
kernel32.dll,0x18005fea0,func_pdata_0x18005fea0,func_pdata_,Y,11b,45,1,0,N,N,0x259b4ee1b7baefdb,32,missing_knowledge
kernel32.dll,0x18005ffc4,func_pdata_0x18005ffc4,func_pdata_,Y,192,66,1,0,N,N,0x99a9f7b49b70557a,32,missing_knowledge
kernel32.dll,0x180060160,func_pdata_0x180060160,func_pdata_,Y,c1,3b,3,0,N,N,0x88085f0348acfe43,32,missing_knowledge
kernel32.dll,0x180060228,func_pdata_0x180060228,func_pdata_,Y,1e4,82,1,0,N,N,0x529b398f12aa55ec,32,missing_knowledge
kernel32.dll,0x180060414,func_pdata_0x180060414,func_pdata_,Y,a1,2b,1,0,N,N,0x5fce7a1adde72406,32,missing_knowledge
kernel32.dll,0x1800604bc,func_pdata_0x1800604bc,func_pdata_,Y,95,28,1,0,N,N,0xaae6e3030c4c128f,32,missing_knowledge
kernel32.dll,0x180060558,func_pdata_0x180060558,func_pdata_,Y,18f,65,1,0,N,N,0x7ec74379c82f8951,32,missing_knowledge
kernel32.dll,0x1800606f0,func_pdata_0x1800606f0,func_pdata_,Y,10b,3f,1,0,N,N,0x95ab40179366c054,32,missing_knowledge
kernel32.dll,0x180060804,func_pdata_0x180060804,func_pdata_,Y,11d,44,2,0,N,N,0x17f5a866e061bfec,32,missing_knowledge
kernel32.dll,0x180060928,func_pdata_0x180060928,func_pdata_,Y,8b,26,1,0,N,N,0xba8f473e328dbe97,32,missing_knowledge
kernel32.dll,0x1800609bc,func_pdata_0x1800609bc,func_pdata_,Y,54,16,5,0,N,N,0xb4ef96357c89dff7,32,missing_knowledge
kernel32.dll,0x180060a18,func_pdata_0x180060a18,func_pdata_,Y,3b,12,6,0,N,N,0x3ac822018cfa0a41,32,missing_knowledge
kernel32.dll,0x180060a5c,func_pdata_0x180060a5c,func_pdata_,Y,38,f,6,0,N,N,0x09c61780120d8b1b,32,missing_knowledge
kernel32.dll,0x180060a9c,func_pdata_0x180060a9c,func_pdata_,Y,84,1e,4,0,N,N,0x8a3d712e4c8d73c3,32,missing_knowledge
kernel32.dll,0x180060b28,func_pdata_0x180060b28,func_pdata_,Y,87,25,c,0,N,N,0x3c6f6ae10ece025b,32,missing_knowledge
kernel32.dll,0x180060bb8,func_pdata_0x180060bb8,func_pdata_,Y,33,d,3,0,N,N,0x94a774ae1986ba6b,32,missing_knowledge
kernel32.dll,0x180060bf4,func_pdata_0x180060bf4,func_pdata_,Y,48,12,1,0,N,N,0x6abdb34bf52f5b15,32,missing_knowledge
kernel32.dll,0x180060c44,func_pdata_0x180060c44,func_pdata_,Y,ab,2d,1,0,N,N,0x7fe46cd6a1784120,32,missing_knowledge
kernel32.dll,0x180060d00,func_pdata_0x180060d00,func_pdata_,Y,59,14,0,0,N,N,0x3500e739af13a990,32,missing_knowledge
kernel32.dll,0x180060d60,func_pdata_0x180060d60,func_pdata_,Y,cc,2c,1,0,N,N,0xe9eac2977b96d9e2,32,missing_knowledge
kernel32.dll,0x180060e34,func_pdata_0x180060e34,func_pdata_,Y,206,7f,1,0,N,N,0x714eeb72a04e11f1,32,missing_knowledge
kernel32.dll,0x180061044,func_pdata_0x180061044,func_pdata_,Y,209,83,1,0,N,N,0x77782c0ee10b026f,32,missing_knowledge
kernel32.dll,0x180061254,func_pdata_0x180061254,func_pdata_,Y,218,85,1,0,N,N,0xdf5747c40725baa8,32,missing_knowledge
kernel32.dll,0x180061474,func_pdata_0x180061474,func_pdata_,Y,55,18,1,0,N,N,0x1657e6884c49fc0b,32,missing_knowledge
kernel32.dll,0x1800614d0,func_pdata_0x1800614d0,func_pdata_,Y,5de,165,1,0,N,N,0x269f7aa60a8bafdd,32,missing_knowledge
kernel32.dll,0x180061aaf,func_pdata_0x180061aaf,func_pdata_,Y,1f,b,0,0,N,N,0x578ded4f669909e6,32,missing_knowledge
kernel32.dll,0x180061acf,func_pdata_0x180061acf,func_pdata_,Y,5d,18,0,0,N,N,0x7539067639a96778,32,missing_knowledge
kernel32.dll,0x180061b34,func_pdata_0x180061b34,func_pdata_,Y,1b6,7d,3,0,N,N,0x59d88ef4c9a49f60,32,missing_knowledge
kernel32.dll,0x180061d00,func_pdata_0x180061d00,func_pdata_,Y,21,a,0,0,N,N,0xe48a88c5819854fa,32,missing_knowledge
kernel32.dll,0x180061d30,func_pdata_0x180061d30,func_pdata_,Y,21,a,0,0,N,N,0xf4852ec4bf40e17c,32,missing_knowledge
kernel32.dll,0x180061d60,func_pdata_0x180061d60,func_pdata_,Y,18d,71,0,0,N,N,0x40e9e4f6d13b9c6a,32,missing_knowledge
kernel32.dll,0x180061f00,func_pdata_0x180061f00,func_pdata_,Y,19f,78,0,0,N,N,0xc2b758f1b98089dc,32,missing_knowledge
kernel32.dll,0x1800620b0,func_data_0x6442852528,func_data_,Y,0,0,0,0,N,N,0xfef52cf5ec6a409f,32,discovery_failure
kernel32.dll,0x1800620c0,func_data_0x6442852544,func_data_,Y,0,0,0,0,N,N,0xe6cba4dfb1668f86,32,discovery_failure
kernel32.dll,0x1800620d0,func_pdata_0x1800620d0,func_pdata_,Y,1c,7,0,0,N,N,0xd45ea8fd3aa8a984,32,missing_knowledge
kernel32.dll,0x180062100,func_pdata_0x180062100,func_pdata_,Y,1c,7,0,0,N,N,0x0d67457cfb8cf732,32,missing_knowledge
kernel32.dll,0x180062130,func_pdata_0x180062130,func_pdata_,Y,5c,1a,0,0,N,N,0x771d85ea6bf4a9f6,32,missing_knowledge
kernel32.dll,0x1800621a0,func_pdata_0x1800621a0,func_pdata_,Y,63,1d,2,0,N,N,0xa0ed4265c94824d6,32,missing_knowledge
kernel32.dll,0x180062210,func_pdata_0x180062210,func_pdata_,Y,15b,5f,0,0,N,N,0xcc12f04d6c81823d,32,missing_knowledge
kernel32.dll,0x180062380,func_pdata_0x180062380,func_pdata_,Y,167,63,0,0,N,N,0x5ec690f0e856c6c9,32,missing_knowledge
kernel32.dll,0x1800624f0,func_data_0x6442853616,func_data_,Y,0,0,0,0,N,N,0xb889b23fc1cd261f,32,discovery_failure
kernel32.dll,0x180062500,func_data_0x6442853632,func_data_,Y,0,0,0,0,N,N,0xa7d289b86eb3198e,32,discovery_failure
kernel32.dll,0x180062510,func_data_0x6442853648,func_data_,Y,0,0,0,0,N,N,0xe479684bed3cd0c2,32,discovery_failure
kernel32.dll,0x180062520,func_data_0x6442853664,func_data_,Y,0,0,0,0,N,N,0xf96fcbaede33bfca,32,discovery_failure
kernel32.dll,0x180062530,func_pdata_0x180062530,func_pdata_,Y,fa,40,3,0,N,N,0xb39cd1b27a6bd5cc,32,missing_knowledge
kernel32.dll,0x180062640,func_pdata_0x180062640,func_pdata_,Y,42,13,0,0,N,N,0xcfc61c514a5b8f50,32,missing_knowledge
kernel32.dll,0x180062690,func_pdata_0x180062690,func_pdata_,Y,31e,ac,1,0,N,N,0x777c1e8b8aa24dec,32,missing_knowledge
kernel32.dll,0x1800629af,func_pdata_0x1800629af,func_pdata_,Y,4f,15,0,0,N,N,0x41dd4dc7eadecbfe,32,missing_knowledge
kernel32.dll,0x180062a10,func_pdata_0x180062a10,func_pdata_,Y,a7,2d,0,0,N,N,0x7df89b9849c00908,32,missing_knowledge
kernel32.dll,0x180062ab8,func_pdata_0x180062ab8,func_pdata_,Y,1c,7,0,0,N,N,0x11def4ef19b45779,32,missing_knowledge
kernel32.dll,0x180062ae0,func_pdata_0x180062ae0,func_pdata_,Y,21c,87,0,0,N,N,0x7f7731d777510029,32,missing_knowledge
kernel32.dll,0x180062cfd,func_pdata_0x180062cfd,func_pdata_,Y,71,1f,0,0,N,N,0x9a190e3ca843226f,32,missing_knowledge
kernel32.dll,0x180062d80,func_pdata_0x180062d80,func_pdata_,Y,8b,22,0,0,N,N,0x8b8e2a259bfa7ae2,32,missing_knowledge
kernel32.dll,0x180062e20,func_pdata_0x180062e20,func_pdata_,Y,9c,26,0,0,N,N,0xb668bfb4712c89fc,32,missing_knowledge
kernel32.dll,0x180062ed0,func_pdata_0x180062ed0,func_pdata_,Y,125,47,0,0,N,N,0x92b9cae15b06a9ca,32,missing_knowledge
kernel32.dll,0x180062ff6,func_pdata_0x180062ff6,func_pdata_,Y,20,a,0,0,N,N,0xbb2e1e759e2e32e2,32,missing_knowledge
kernel32.dll,0x180063020,func_pdata_0x180063020,func_pdata_,Y,37,b,0,0,N,N,0xad24d54499b9e9af,32,missing_knowledge
kernel32.dll,0x180063060,func_pdata_0x180063060,func_pdata_,Y,187,62,0,0,N,N,0x11162969d7296752,32,missing_knowledge
kernel32.dll,0x1800631f0,func_pdata_0x1800631f0,func_pdata_,Y,34,b,0,0,N,N,0xe0d4cc04320d6866,32,missing_knowledge
kernel32.dll,0x180063230,func_pdata_0x180063230,func_pdata_,Y,47,14,0,0,N,N,0x50890c9908b391cd,32,missing_knowledge
kernel32.dll,0x180063280,func_pdata_0x180063280,func_pdata_,Y,1b8,61,1,0,N,N,0xec6fbc89b6e5bc45,32,missing_knowledge
kernel32.dll,0x180063440,func_pdata_0x180063440,func_pdata_,Y,5c,1a,0,0,N,N,0xdd4595c432848aa4,32,missing_knowledge
kernel32.dll,0x1800634b0,func_pdata_0x1800634b0,func_pdata_,Y,6d,1e,0,0,N,N,0xde1c2896be58c499,32,missing_knowledge
kernel32.dll,0x180063530,func_pdata_0x180063530,func_pdata_,Y,5b,19,0,0,N,N,0x3e5db23e75cbb8bd,32,missing_knowledge
kernel32.dll,0x180063594,func_call_0x180063594,func_call_,Y,b,5,2,0,N,N,0xe36825035bdfb07d,32,missing_knowledge
kernel32.dll,0x1800635d0,func_pdata_0x1800635d0,func_pdata_,Y,9b,29,0,0,N,N,0xf5100c209ced88b4,32,missing_knowledge
kernel32.dll,0x180063680,func_pdata_0x180063680,func_pdata_,Y,af,2c,1,0,N,N,0x2740f4068f43ea95,32,missing_knowledge
kernel32.dll,0x180063740,func_pdata_0x180063740,func_pdata_,Y,c3,34,0,0,N,N,0xcafb7664bb0b95f2,32,missing_knowledge
kernel32.dll,0x180063804,func_pdata_0x180063804,func_pdata_,Y,1c,7,0,0,N,N,0xf62b4575bed1cfc2,32,missing_knowledge
kernel32.dll,0x180063830,func_pdata_0x180063830,func_pdata_,Y,d8,38,0,0,N,N,0xcafb7664bb0b95f2,32,missing_knowledge
kernel32.dll,0x180063909,func_pdata_0x180063909,func_pdata_,Y,1c,7,0,0,N,N,0x8d60b26774ed8254,32,missing_knowledge
kernel32.dll,0x180063930,func_pdata_0x180063930,func_pdata_,Y,b1,29,0,0,N,N,0xf2b12314e13617a4,32,missing_knowledge
kernel32.dll,0x1800639f0,func_pdata_0x1800639f0,func_pdata_,Y,15f,51,1,0,N,N,0x5d157bd4a5b707ff,32,missing_knowledge
kernel32.dll,0x180063b50,func_pdata_0x180063b50,func_pdata_,Y,3a,e,0,0,N,N,0xb661a0568f8732ce,32,missing_knowledge
kernel32.dll,0x180063ba0,func_pdata_0x180063ba0,func_pdata_,Y,551,149,3,0,N,N,0xedab8f932695da0d,32,missing_knowledge
kernel32.dll,0x1800640f2,func_pdata_0x1800640f2,func_pdata_,Y,26,a,0,0,N,N,0x0a2fd72bbe030631,32,missing_knowledge
kernel32.dll,0x180064120,func_pdata_0x180064120,func_pdata_,Y,12e,49,0,0,N,N,0x63d839f7d3236346,32,missing_knowledge
kernel32.dll,0x180064260,func_pdata_0x180064260,func_pdata_,Y,88,23,0,0,N,N,0x5bcf206fc30bb008,32,missing_knowledge
kernel32.dll,0x1800642f0,func_pdata_0x1800642f0,func_pdata_,Y,c7,35,1,0,N,N,0xd5713d89237fcb3c,32,missing_knowledge
kernel32.dll,0x1800643b8,func_pdata_0x1800643b8,func_pdata_,Y,1c,7,0,0,N,N,0xdc21ebde0eb18c82,32,missing_knowledge
kernel32.dll,0x1800643e0,func_pdata_0x1800643e0,func_pdata_,Y,9b,28,1,0,N,N,0x77c54ff6e5477676,32,missing_knowledge
kernel32.dll,0x18006447c,func_pdata_0x18006447c,func_pdata_,Y,1c,7,0,0,N,N,0x093392ccca0148fe,32,missing_knowledge
kernel32.dll,0x1800644a0,func_pdata_0x1800644a0,func_pdata_,Y,be,2f,0,0,N,N,0x0ad2b3dffbda2fdc,32,missing_knowledge
kernel32.dll,0x180064570,func_pdata_0x180064570,func_pdata_,Y,bc,31,1,0,N,N,0x0bcb1bdb4cd00c90,32,missing_knowledge
kernel32.dll,0x18006462d,func_pdata_0x18006462d,func_pdata_,Y,1c,7,0,0,N,N,0xc00be8b268c2faf3,32,missing_knowledge
kernel32.dll,0x180064650,func_pdata_0x180064650,func_pdata_,Y,dd,42,0,0,N,N,0x4ddd96f84d0a0e4f,32,missing_knowledge
kernel32.dll,0x180064740,func_pdata_0x180064740,func_pdata_,Y,71,1d,0,0,N,N,0xb82c50efc9d2ed71,32,missing_knowledge
kernel32.dll,0x1800647c0,func_data_0x6442862528,func_data_,Y,0,0,0,0,N,N,0xf0b6175277741f43,32,discovery_failure
kernel32.dll,0x1800647e0,func_pdata_0x1800647e0,func_pdata_,Y,88,27,0,0,N,N,0xdb52a6785b957643,32,missing_knowledge
kernel32.dll,0x180064870,func_pdata_0x180064870,func_pdata_,Y,69,1e,0,0,N,N,0xf333bab23c26e28a,32,missing_knowledge
kernel32.dll,0x1800648e0,func_pdata_0x1800648e0,func_pdata_,Y,69,1e,0,0,N,N,0xc11be00ab4a5d5a5,32,missing_knowledge
kernel32.dll,0x180064950,func_pdata_0x180064950,func_pdata_,Y,1be,6b,2,0,N,N,0x593e0d9196789953,32,missing_knowledge
kernel32.dll,0x180064b0f,func_pdata_0x180064b0f,func_pdata_,Y,26,c,0,0,N,N,0xda39b59b7e0a9ec1,32,missing_knowledge
kernel32.dll,0x180064b40,func_pdata_0x180064b40,func_pdata_,Y,ae,2d,0,0,N,N,0x006314314cf28fd6,32,missing_knowledge
kernel32.dll,0x180064c00,func_pdata_0x180064c00,func_pdata_,Y,b7,30,0,0,N,N,0xe593b45a04850be7,32,missing_knowledge
kernel32.dll,0x180064cc0,func_pdata_0x180064cc0,func_pdata_,Y,ae,2e,1,0,N,N,0x7df89b9849c00908,32,missing_knowledge
kernel32.dll,0x180064d6f,func_pdata_0x180064d6f,func_pdata_,Y,1c,7,0,0,N,N,0x6bb374c2a08f152e,32,missing_knowledge
kernel32.dll,0x180064da0,func_pdata_0x180064da0,func_pdata_,Y,42,13,0,0,N,N,0xb66990db3c58f595,32,missing_knowledge
kernel32.dll,0x180064df0,func_pdata_0x180064df0,func_pdata_,Y,56,19,0,0,N,N,0x6e9ba89667b0a4c6,32,missing_knowledge
kernel32.dll,0x180064e50,func_pdata_0x180064e50,func_pdata_,Y,a0,29,1,0,N,N,0x2dfed8692a05266f,32,missing_knowledge
kernel32.dll,0x180064ef1,func_pdata_0x180064ef1,func_pdata_,Y,1c,7,0,0,N,N,0xfd1d8e829de6fd72,32,missing_knowledge
kernel32.dll,0x180064f20,func_pdata_0x180064f20,func_pdata_,Y,5f,1b,0,0,N,N,0xc86f1fef5de07c5c,32,missing_knowledge
kernel32.dll,0x180064f90,func_pdata_0x180064f90,func_pdata_,Y,bc,31,1,0,N,N,0x0bcb23db4cd01a28,32,missing_knowledge
kernel32.dll,0x18006504d,func_pdata_0x18006504d,func_pdata_,Y,1c,7,0,0,N,N,0x4e822a1a001f0d65,32,missing_knowledge
kernel32.dll,0x180065070,func_pdata_0x180065070,func_pdata_,Y,22,8,0,0,N,N,0x5a5ec50bf220e936,32,missing_knowledge
kernel32.dll,0x1800650a0,func_pdata_0x1800650a0,func_pdata_,Y,1f,8,0,0,N,N,0xc38d17093b104686,32,missing_knowledge
kernel32.dll,0x1800650d0,func_pdata_0x1800650d0,func_pdata_,Y,bb,33,0,0,N,N,0xcafb7664bb0b95f2,32,missing_knowledge
kernel32.dll,0x18006518c,func_pdata_0x18006518c,func_pdata_,Y,1c,7,0,0,N,N,0x9696b3792958dd97,32,missing_knowledge
kernel32.dll,0x1800651b0,func_pdata_0x1800651b0,func_pdata_,Y,1c,7,0,0,N,N,0xf01e6616ab602dae,32,missing_knowledge
kernel32.dll,0x1800651d4,func_pdata_0x1800651d4,func_pdata_,Y,d8,37,4,0,N,N,0x2740f4068f43ea95,32,missing_knowledge
kernel32.dll,0x1800652c0,func_pdata_0x1800652c0,func_pdata_,Y,44e,101,0,0,N,N,0x6e0ed9ba434cac64,32,missing_knowledge
kernel32.dll,0x18006570f,func_pdata_0x18006570f,func_pdata_,Y,5d,18,0,0,N,N,0x63ac313a6d0767d8,32,missing_knowledge
kernel32.dll,0x180065780,func_pdata_0x180065780,func_pdata_,Y,4f,17,0,0,N,N,0xf6169fa802a15447,32,missing_knowledge
kernel32.dll,0x1800657e0,func_pdata_0x1800657e0,func_pdata_,Y,9d,29,1,0,N,N,0xee0dcc7f693f8236,32,missing_knowledge
kernel32.dll,0x18006587e,func_pdata_0x18006587e,func_pdata_,Y,1c,7,0,0,N,N,0xa3a067e872fc8bf4,32,missing_knowledge
kernel32.dll,0x1800658b0,func_pdata_0x1800658b0,func_pdata_,Y,294,af,0,0,N,N,0x31381d3a51172e6f,32,missing_knowledge
kernel32.dll,0x180065b50,func_pdata_0x180065b50,func_pdata_,Y,f1,3e,0,0,N,N,0xae75aa42355a02ed,32,missing_knowledge
kernel32.dll,0x180065c50,func_pdata_0x180065c50,func_pdata_,Y,ea,3d,0,0,N,N,0x47fa49e999b048f8,32,missing_knowledge
kernel32.dll,0x180065d50,func_pdata_0x180065d50,func_pdata_,Y,2a9,af,0,0,N,N,0xbddc6f50a5024d8b,32,missing_knowledge
kernel32.dll,0x180066000,func_pdata_0x180066000,func_pdata_,Y,130,40,0,0,N,N,0x6d1ad54b9923e3d7,32,missing_knowledge
kernel32.dll,0x180066140,func_pdata_0x180066140,func_pdata_,Y,129,3e,0,0,N,N,0xeb7ef912677411bd,32,missing_knowledge
kernel32.dll,0x180066270,func_pdata_0x180066270,func_pdata_,Y,ef,36,0,0,N,N,0x0654ec30dccd2364,32,missing_knowledge
kernel32.dll,0x180066370,func_pdata_0x180066370,func_pdata_,Y,ef,36,0,0,N,N,0x17794636747689fb,32,missing_knowledge
kernel32.dll,0x180066470,func_pdata_0x180066470,func_pdata_,Y,99,2a,0,0,N,N,0xbac2dc1086a78a13,32,missing_knowledge
kernel32.dll,0x180066510,func_pdata_0x180066510,func_pdata_,Y,1f8,8d,0,0,N,N,0x7f20082a88cad4ca,32,missing_knowledge
kernel32.dll,0x180066710,func_pdata_0x180066710,func_pdata_,Y,43,12,0,0,N,N,0x67c070eaa211898c,32,missing_knowledge
kernel32.dll,0x180066760,func_pdata_0x180066760,func_pdata_,Y,15d,53,0,0,N,N,0xd1587517ac1b33e5,32,missing_knowledge
kernel32.dll,0x1800668be,func_pdata_0x1800668be,func_pdata_,Y,36,f,0,0,N,N,0x90afce6f2bccac38,32,missing_knowledge
kernel32.dll,0x180066900,func_pdata_0x180066900,func_pdata_,Y,193,5d,0,0,N,N,0x4212aa4e44f87dd6,32,missing_knowledge
kernel32.dll,0x180066a94,func_pdata_0x180066a94,func_pdata_,Y,47,13,0,0,N,N,0x7539067639a96778,32,missing_knowledge
kernel32.dll,0x180066af0,func_pdata_0x180066af0,func_pdata_,Y,284,95,1,0,N,N,0x6b1fa62d8e4ff9c5,32,missing_knowledge
kernel32.dll,0x180066d80,func_pdata_0x180066d80,func_pdata_,Y,15c,57,0,0,N,N,0xe4c609f15b714f4d,32,missing_knowledge
kernel32.dll,0x180066edd,func_pdata_0x180066edd,func_pdata_,Y,36,f,0,0,N,N,0x90afce6f2bccac38,32,missing_knowledge
kernel32.dll,0x180066f20,func_pdata_0x180066f20,func_pdata_,Y,158,57,0,0,N,N,0xe4c609f15b714f4d,32,missing_knowledge
kernel32.dll,0x180067079,func_pdata_0x180067079,func_pdata_,Y,36,f,0,0,N,N,0x90afce6f2bccac38,32,missing_knowledge
kernel32.dll,0x1800670b8,func_pdata_0x1800670b8,func_pdata_,Y,542,131,2,0,N,N,0xba238cfd329e8710,32,missing_knowledge
kernel32.dll,0x180067610,func_data_0x6442874384,func_data_,Y,0,0,0,0,N,N,0x9677aca4c34de0c6,32,discovery_failure
kernel32.dll,0x180067620,func_pdata_0x180067620,func_pdata_,Y,6c,1d,0,0,N,N,0x3f43bb6192a94732,32,missing_knowledge
kernel32.dll,0x1800676a0,func_pdata_0x1800676a0,func_pdata_,Y,188,5c,0,0,N,N,0xe8c73be525bfe52e,32,missing_knowledge
kernel32.dll,0x180067829,func_pdata_0x180067829,func_pdata_,Y,47,13,0,0,N,N,0x90afce6f2bccac38,32,missing_knowledge
kernel32.dll,0x180067880,func_pdata_0x180067880,func_pdata_,Y,1b5,6d,0,0,N,N,0x8246947dafe83d74,32,missing_knowledge
kernel32.dll,0x180067a36,func_pdata_0x180067a36,func_pdata_,Y,47,13,0,0,N,N,0x7539067639a96778,32,missing_knowledge
kernel32.dll,0x180067a90,func_pdata_0x180067a90,func_pdata_,Y,71,1e,0,0,N,N,0x77be95c6db0505f4,32,missing_knowledge
kernel32.dll,0x180067b10,func_pdata_0x180067b10,func_pdata_,Y,1d3,6f,0,0,N,N,0x19715fc4d3fabfd5,32,missing_knowledge
kernel32.dll,0x180067ce4,func_pdata_0x180067ce4,func_pdata_,Y,1f,b,0,0,N,N,0x578ded4f669909e6,32,missing_knowledge
kernel32.dll,0x180067d10,func_pdata_0x180067d10,func_pdata_,Y,168,57,1,0,N,N,0x8008f7c2d632df6a,32,missing_knowledge
kernel32.dll,0x180067e79,func_pdata_0x180067e79,func_pdata_,Y,1f,b,0,0,N,N,0x641ab8e3bbf1be86,32,missing_knowledge
kernel32.dll,0x180067ea0,func_pdata_0x180067ea0,func_pdata_,Y,96,2b,0,0,N,N,0xef792b35829cc96e,32,missing_knowledge
kernel32.dll,0x180067f40,func_pdata_0x180067f40,func_pdata_,Y,cc,34,0,0,N,N,0xad8a5d1f830887d0,32,missing_knowledge
kernel32.dll,0x18006800d,func_pdata_0x18006800d,func_pdata_,Y,1c,7,0,0,N,N,0xc4f369a45b1a4d24,32,missing_knowledge
kernel32.dll,0x180068030,func_pdata_0x180068030,func_pdata_,Y,a5,2c,0,0,N,N,0xd1c204ba6596a743,32,missing_knowledge
kernel32.dll,0x1800680e0,func_pdata_0x1800680e0,func_pdata_,Y,52,16,0,0,N,N,0x0d624f22e7fc2a88,32,missing_knowledge
kernel32.dll,0x180068140,func_pdata_0x180068140,func_pdata_,Y,aa,2e,0,0,N,N,0xb7e06c231fc4b6ab,32,missing_knowledge
kernel32.dll,0x180068200,func_pdata_0x180068200,func_pdata_,Y,7e,26,3,0,N,N,0xb0997f0ebd0e7811,32,missing_knowledge
kernel32.dll,0x180068290,func_pdata_0x180068290,func_pdata_,Y,4af,10b,0,0,N,N,0x86b7a565d67fa85d,32,missing_knowledge
kernel32.dll,0x180068740,func_pdata_0x180068740,func_pdata_,Y,5d,18,0,0,N,N,0xcb12804cd905e1c8,32,missing_knowledge
kernel32.dll,0x18006879e,func_pdata_0x18006879e,func_pdata_,Y,1f,b,0,0,N,N,0xeeb4b4f27126c4c6,32,missing_knowledge
kernel32.dll,0x1800687d0,func_pdata_0x1800687d0,func_pdata_,Y,3d,10,0,0,N,N,0x718899768049eb8e,32,missing_knowledge
kernel32.dll,0x180068820,func_pdata_0x180068820,func_pdata_,Y,1d6,72,0,0,N,N,0xc78af833d02e716e,32,missing_knowledge
kernel32.dll,0x180068a00,func_pdata_0x180068a00,func_pdata_,Y,4c,17,0,0,N,N,0x3df1c2c5143015ce,32,missing_knowledge
kernel32.dll,0x180068a60,func_pdata_0x180068a60,func_pdata_,Y,14,5,0,0,N,N,0xbe986821c41c6a58,32,missing_knowledge
kernel32.dll,0x180068a80,func_pdata_0x180068a80,func_pdata_,Y,11e,44,1,0,N,N,0xb44d205a846b07a6,32,missing_knowledge
kernel32.dll,0x180068bb0,func_pdata_0x180068bb0,func_pdata_,Y,14,5,0,0,N,N,0x908c1f9adf5dd482,32,missing_knowledge
kernel32.dll,0x180068bd0,func_pdata_0x180068bd0,func_pdata_,Y,16,5,0,0,N,N,0x9dbca101ddfb95b9,32,missing_knowledge
kernel32.dll,0x180068bf0,func_pdata_0x180068bf0,func_pdata_,Y,11c,44,1,0,N,N,0x0aebee5ab57afa54,32,missing_knowledge
kernel32.dll,0x180068d20,func_pdata_0x180068d20,func_pdata_,Y,d3,37,2,0,N,N,0x865ce0a97fc20073,32,missing_knowledge
kernel32.dll,0x180068e00,func_pdata_0x180068e00,func_pdata_,Y,16,5,0,0,N,N,0xf013b06d8e4a065c,32,missing_knowledge
kernel32.dll,0x180068e20,func_pdata_0x180068e20,func_pdata_,Y,c3,34,0,0,N,N,0xa6c6b9d89aacad1a,32,missing_knowledge
kernel32.dll,0x180068ee4,func_pdata_0x180068ee4,func_pdata_,Y,1c,7,0,0,N,N,0xf1069b2d99826e10,32,missing_knowledge
kernel32.dll,0x180068f10,func_pdata_0x180068f10,func_pdata_,Y,9c,2a,0,0,N,N,0xa778421f9746b5a5,32,missing_knowledge
kernel32.dll,0x180068fc0,func_pdata_0x180068fc0,func_pdata_,Y,3a8,c3,1,0,N,N,0x9c0570aa8acec218,32,missing_knowledge
kernel32.dll,0x180069369,func_pdata_0x180069369,func_pdata_,Y,46,12,0,0,N,N,0x9c7f89c3d75faa59,32,missing_knowledge
kernel32.dll,0x1800693c0,func_pdata_0x1800693c0,func_pdata_,Y,7b,1f,0,0,N,N,0x3e5755ce1c5dbb65,32,missing_knowledge
kernel32.dll,0x180069450,func_pdata_0x180069450,func_pdata_,Y,77,1d,0,0,N,N,0xd92e7f1f15dd0e37,32,missing_knowledge
kernel32.dll,0x1800694d0,func_pdata_0x1800694d0,func_pdata_,Y,ca,39,1,0,N,N,0x7e03ee8b42c8ad7f,32,missing_knowledge
kernel32.dll,0x1800695a4,func_pdata_0x1800695a4,func_pdata_,Y,f2,3f,9,0,N,N,0xfc26334b7f5b7d68,32,missing_knowledge
kernel32.dll,0x1800696a0,func_pdata_0x1800696a0,func_pdata_,Y,57,1a,0,0,N,N,0x255f65eb9f27562e,32,missing_knowledge
kernel32.dll,0x180069700,func_pdata_0x180069700,func_pdata_,Y,15,6,0,0,N,N,0xdb6deb90e779d6e6,32,missing_knowledge
kernel32.dll,0x180069720,func_pdata_0x180069720,func_pdata_,Y,115,42,0,0,N,N,0x625be721f12a4238,32,missing_knowledge
kernel32.dll,0x180069836,func_pdata_0x180069836,func_pdata_,Y,1f,b,0,0,N,N,0x641ab8e3bbf1be86,32,missing_knowledge
kernel32.dll,0x180069856,func_pdata_0x180069856,func_pdata_,Y,23,a,0,0,N,N,0x703900584a5d86b9,32,missing_knowledge
kernel32.dll,0x180069880,func_pdata_0x180069880,func_pdata_,Y,29,c,0,0,N,N,0xd34eb87e2a8ec26d,32,missing_knowledge
kernel32.dll,0x1800698b0,func_pdata_0x1800698b0,func_pdata_,Y,67,1c,0,0,N,N,0x11368b25058ac8fe,32,missing_knowledge
kernel32.dll,0x180069920,func_pdata_0x180069920,func_pdata_,Y,e1,3c,0,0,N,N,0x79de56a0bd3d1db1,32,missing_knowledge
kernel32.dll,0x180069a08,func_pdata_0x180069a08,func_pdata_,Y,2b6,99,1,0,N,N,0x5018c41b8f6aeb5b,32,missing_knowledge
kernel32.dll,0x180069cc8,func_pdata_0x180069cc8,func_pdata_,Y,22d,88,1,0,N,N,0x03355ec866a64292,32,missing_knowledge
kernel32.dll,0x180069f00,func_pdata_0x180069f00,func_pdata_,Y,125,44,0,0,N,N,0xa89235fc1a96c4bf,32,missing_knowledge
kernel32.dll,0x18006a02c,func_pdata_0x18006a02c,func_pdata_,Y,109,4f,3,0,N,N,0xee2db340cefafe3e,32,missing_knowledge
kernel32.dll,0x18006a13c,func_pdata_0x18006a13c,func_pdata_,Y,83,26,1,0,N,N,0x3b8a8ec5d602d6c5,32,missing_knowledge
kernel32.dll,0x18006a1c8,func_call_0x18006a1c8,func_call_,Y,3a,15,1,0,N,N,0x3e5d1880eac2c95c,32,missing_knowledge
kernel32.dll,0x18006a210,func_pdata_0x18006a210,func_pdata_,Y,a3,2b,1,0,N,N,0x0b01d61563f311f8,32,missing_knowledge
kernel32.dll,0x18006a2c0,func_data_0x6442885824,func_data_,Y,0,0,0,0,N,N,0x7bba24b83b2f1ab1,32,discovery_failure
kernel32.dll,0x18006a2e0,func_pdata_0x18006a2e0,func_pdata_,Y,6e,1a,1,0,N,N,0x499de73c162a6e12,32,missing_knowledge
kernel32.dll,0x18006a358,func_pdata_0x18006a358,func_pdata_,Y,324,c7,1,0,N,N,0xba0fa9ea24645967,32,missing_knowledge
kernel32.dll,0x18006a684,func_pdata_0x18006a684,func_pdata_,Y,392,e3,1,0,N,N,0x5d00673f7a65b25c,32,missing_knowledge
kernel32.dll,0x18006aa20,func_pdata_0x18006aa20,func_pdata_,Y,4dd,12e,1,0,N,N,0x63d1cce1d7060c84,32,missing_knowledge
kernel32.dll,0x18006af10,func_data_0x6442888976,func_data_,Y,0,0,0,0,N,N,0x5be7d681fe41ec2d,32,discovery_failure
kernel32.dll,0x18006af30,func_data_0x6442889008,func_data_,Y,0,0,0,0,N,N,0xbf8ae68d3c5724ae,32,discovery_failure
kernel32.dll,0x18006af50,func_pdata_0x18006af50,func_pdata_,Y,5b,16,0,0,N,N,0x33cf5ed0b1489769,32,missing_knowledge
kernel32.dll,0x18006afc0,func_pdata_0x18006afc0,func_pdata_,Y,6e,1e,0,0,N,N,0xee5fcd9ba8dee31e,32,missing_knowledge
kernel32.dll,0x18006b040,func_pdata_0x18006b040,func_pdata_,Y,47,12,25,0,N,N,0x97afa49a6ea1f689,32,missing_knowledge
kernel32.dll,0x18006b090,func_pdata_0x18006b090,func_pdata_,Y,2d,e,0,0,N,N,0x185bd89772c512f9,32,missing_knowledge
kernel32.dll,0x18006b0be,func_pdata_0x18006b0be,func_pdata_,Y,17,9,0,0,N,N,0xebdcecdfec8013e8,32,missing_knowledge
kernel32.dll,0x18006b0e0,func_pdata_0x18006b0e0,func_pdata_,Y,30,10,0,0,N,N,0x72fb5fd6b9ee2d6f,32,missing_knowledge
kernel32.dll,0x18006b120,func_data_0x6442889504,func_data_,Y,0,0,0,0,N,N,0x078c34e16372a6eb,32,discovery_failure
kernel32.dll,0x18006b140,func_pdata_0x18006b140,func_pdata_,Y,92,25,0,0,N,N,0xabb6f251ff10eac0,32,missing_knowledge
kernel32.dll,0x18006b1e0,func_data_0x6442889696,func_data_,Y,0,0,0,0,N,N,0xeb4cd5a61992362a,32,discovery_failure
kernel32.dll,0x18006b200,func_pdata_0x18006b200,func_pdata_,Y,4d,12,1,0,N,N,0x0f890de6c28e5292,32,missing_knowledge
kernel32.dll,0x18006b260,func_pdata_0x18006b260,func_pdata_,Y,57,14,0,0,N,N,0x63d7357ccd386d0f,32,missing_knowledge
kernel32.dll,0x18006b2c0,func_pdata_0x18006b2c0,func_pdata_,Y,6f,1c,0,0,N,N,0xf2d73c2695d6eef1,32,missing_knowledge
kernel32.dll,0x18006b340,func_pdata_0x18006b340,func_pdata_,Y,9c,28,0,0,N,N,0x57022daa2ece7d0c,32,missing_knowledge
kernel32.dll,0x18006b3f0,func_pdata_0x18006b3f0,func_pdata_,Y,53,13,0,0,N,N,0xc001800cf5ce1e30,32,missing_knowledge
kernel32.dll,0x18006b450,func_pdata_0x18006b450,func_pdata_,Y,57,14,0,0,N,N,0xd7f490ccc47668ea,32,missing_knowledge
kernel32.dll,0x18006b4b0,func_pdata_0x18006b4b0,func_pdata_,Y,87,1f,0,0,N,N,0xcd23c9791f23a196,32,missing_knowledge
kernel32.dll,0x18006b540,func_pdata_0x18006b540,func_pdata_,Y,57,15,0,0,N,N,0x2de07ef9526823d6,32,missing_knowledge
kernel32.dll,0x18006b5a0,func_pdata_0x18006b5a0,func_pdata_,Y,5d,17,0,0,N,N,0x8ec9410a31f6dad3,32,missing_knowledge
kernel32.dll,0x18006b610,func_pdata_0x18006b610,func_pdata_,Y,30,a,0,0,N,N,0x68f72fb3591d9816,32,missing_knowledge
kernel32.dll,0x18006b650,func_pdata_0x18006b650,func_pdata_,Y,7f,1e,0,0,N,N,0xee772bec1e82a21f,32,missing_knowledge
kernel32.dll,0x18006b6e0,func_pdata_0x18006b6e0,func_pdata_,Y,80,1e,0,0,N,N,0x3446abf807821c51,32,missing_knowledge
kernel32.dll,0x18006b770,func_pdata_0x18006b770,func_pdata_,Y,5e,18,0,0,N,N,0x88a9a3f8e3c8dd83,32,missing_knowledge
kernel32.dll,0x18006b7e0,func_pdata_0x18006b7e0,func_pdata_,Y,71,1c,0,0,N,N,0x74c89a570a8d212d,32,missing_knowledge
kernel32.dll,0x18006b860,func_pdata_0x18006b860,func_pdata_,Y,5f,18,0,0,N,N,0x1ea2417256cea230,32,missing_knowledge
kernel32.dll,0x18006b8d0,func_pdata_0x18006b8d0,func_pdata_,Y,1c,7,0,0,N,N,0x2f5769ffc7aaaeb7,32,missing_knowledge
kernel32.dll,0x18006b900,func_pdata_0x18006b900,func_pdata_,Y,57,15,0,0,N,N,0x9c8b15876705814b,32,missing_knowledge
kernel32.dll,0x18006b960,func_pdata_0x18006b960,func_pdata_,Y,5d,16,0,0,N,N,0x2c89345818443a63,32,missing_knowledge
kernel32.dll,0x18006b9d0,func_pdata_0x18006b9d0,func_pdata_,Y,b2,2c,0,0,N,N,0xcc9a83aaf1b9ca4a,32,missing_knowledge
kernel32.dll,0x18006ba90,func_pdata_0x18006ba90,func_pdata_,Y,52,13,0,0,N,N,0x28afc6970f0f547a,32,missing_knowledge
kernel32.dll,0x18006baf0,func_pdata_0x18006baf0,func_pdata_,Y,57,15,0,0,N,N,0x4bc4caa5388da4ae,32,missing_knowledge
kernel32.dll,0x18006bb50,func_pdata_0x18006bb50,func_pdata_,Y,9e,23,0,0,N,N,0xa65f17bdbd7383a2,32,missing_knowledge
kernel32.dll,0x18006bc00,func_data_0x6442892288,func_data_,Y,0,0,0,0,N,N,0xbb9fbe8853c29442,32,discovery_failure
kernel32.dll,0x18006bc20,func_data_0x6442892320,func_data_,Y,0,0,0,0,N,N,0xfa21450a936748ce,32,discovery_failure
kernel32.dll,0x18006bc34,func_pdata_0x18006bc34,func_pdata_,Y,91,28,0,0,N,N,0xec129a125443da91,32,missing_knowledge
kernel32.dll,0x18006bcd0,func_pdata_0x18006bcd0,func_pdata_,Y,4f,13,0,0,N,N,0x61fe039d160acedd,32,missing_knowledge
kernel32.dll,0x18006bd30,func_pdata_0x18006bd30,func_pdata_,Y,52,13,0,0,N,N,0x7c8208888e015805,32,missing_knowledge
kernel32.dll,0x18006bd90,func_pdata_0x18006bd90,func_pdata_,Y,55,14,0,0,N,N,0xfe6e48d8737038f0,32,missing_knowledge
kernel32.dll,0x18006bdf0,func_pdata_0x18006bdf0,func_pdata_,Y,56,14,0,0,N,N,0x84280358d3e19b0c,32,missing_knowledge
kernel32.dll,0x18006be50,func_pdata_0x18006be50,func_pdata_,Y,c0,38,0,0,N,N,0xe06252b9408c9f26,32,missing_knowledge
kernel32.dll,0x18006bf18,func_pdata_0x18006bf18,func_pdata_,Y,6e,1d,3,0,N,N,0x8ecd49cf82e73056,32,missing_knowledge
kernel32.dll,0x18006bf90,func_pdata_0x18006bf90,func_pdata_,Y,e6,3b,2,0,N,N,0xc0a87cdc42146493,32,missing_knowledge
kernel32.dll,0x18006c080,func_pdata_0x18006c080,func_pdata_,Y,ee,4d,1,0,N,N,0x95d88d107fc7f943,32,missing_knowledge
kernel32.dll,0x18006c178,func_pdata_0x18006c178,func_pdata_,Y,e0,47,1,0,N,N,0x2a7db24c67affaae,32,missing_knowledge
kernel32.dll,0x18006c260,func_pdata_0x18006c260,func_pdata_,Y,c7,41,3,0,N,N,0x558ad889ccd11bf9,32,missing_knowledge
kernel32.dll,0x18006c330,func_pdata_0x18006c330,func_pdata_,Y,4e,15,3,0,N,N,0x69a286701f62b5d8,32,missing_knowledge
kernel32.dll,0x18006c388,func_pdata_0x18006c388,func_pdata_,Y,5a,18,1,0,N,N,0xaf5180a29caae302,32,missing_knowledge
kernel32.dll,0x18006c3ec,func_pdata_0x18006c3ec,func_pdata_,Y,96,31,1,0,N,N,0x4348ddf89d386956,32,missing_knowledge
kernel32.dll,0x18006c48c,func_pdata_0x18006c48c,func_pdata_,Y,d3,43,1,0,N,N,0xe4d7813721fe7b08,32,missing_knowledge
kernel32.dll,0x18006c568,func_pdata_0x18006c568,func_pdata_,Y,e4,3e,1,0,N,N,0x92e5684d19f69fcc,32,missing_knowledge
kernel32.dll,0x18006c654,func_pdata_0x18006c654,func_pdata_,Y,166,72,1,0,N,N,0x38f3c1dbaf74d588,32,missing_knowledge
kernel32.dll,0x18006c7c4,func_pdata_0x18006c7c4,func_pdata_,Y,302,e0,2,0,N,N,0x9c86437f9bb4ef87,32,missing_knowledge
kernel32.dll,0x18006cad0,func_pdata_0x18006cad0,func_pdata_,Y,98,32,4,0,N,N,0xc956a1dc93d6627d,32,missing_knowledge
kernel32.dll,0x18006cb70,func_pdata_0x18006cb70,func_pdata_,Y,75,23,3,0,N,N,0xb93c91a5c8695896,32,missing_knowledge
kernel32.dll,0x18006cbec,func_pdata_0x18006cbec,func_pdata_,Y,3b,12,4,0,N,N,0x7defdcb92e672676,32,missing_knowledge
kernel32.dll,0x18006cc30,func_pdata_0x18006cc30,func_pdata_,Y,83,23,1,0,N,N,0x696981f527998de1,32,missing_knowledge
kernel32.dll,0x18006ccbc,func_pdata_0x18006ccbc,func_pdata_,Y,81,22,1,0,N,N,0x7d219ff05c01e1cd,32,missing_knowledge
kernel32.dll,0x18006cd44,func_pdata_0x18006cd44,func_pdata_,Y,41,10,15,0,N,N,0x316f5c4eeae4700e,32,missing_knowledge
kernel32.dll,0x18006cd8c,func_pdata_0x18006cd8c,func_pdata_,Y,165,5f,2,0,N,N,0x0ca1ae30c6400b43,32,missing_knowledge
kernel32.dll,0x18006cef8,func_pdata_0x18006cef8,func_pdata_,Y,5d,13,5,0,N,N,0xdc0f3309d540bc51,32,missing_knowledge
kernel32.dll,0x18006cf5c,func_pdata_0x18006cf5c,func_pdata_,Y,102,3a,2,0,N,N,0x233bec363a912ece,32,missing_knowledge
kernel32.dll,0x18006d068,func_pdata_0x18006d068,func_pdata_,Y,126,45,2,0,N,N,0x5c081adb8c1a723f,32,missing_knowledge
kernel32.dll,0x18006d1a0,func_pdata_0x18006d1a0,func_pdata_,Y,1e,7,0,0,N,N,0x2ed76f259a981a65,32,missing_knowledge
kernel32.dll,0x18006d1c8,func_pdata_0x18006d1c8,func_pdata_,Y,94,1c,1,0,N,N,0x87644dc5b644aeb7,32,missing_knowledge
kernel32.dll,0x18006d264,func_pdata_0x18006d264,func_pdata_,Y,15d,5d,1,0,N,N,0x0b941fc0c8391fcf,32,missing_knowledge
kernel32.dll,0x18006d3c8,func_pdata_0x18006d3c8,func_pdata_,Y,2a2,a4,2,0,N,N,0xc161403a4d9c0547,32,missing_knowledge
kernel32.dll,0x18006d674,func_pdata_0x18006d674,func_pdata_,Y,94,2e,1,0,N,N,0x4e65c54f72707a80,32,missing_knowledge
kernel32.dll,0x18006d710,func_pdata_0x18006d710,func_pdata_,Y,fd,4b,0,0,N,N,0xbd7cb650a4b07eac,32,missing_knowledge
kernel32.dll,0x18006d814,func_call_0x18006d814,func_call_,Y,19,9,9,0,N,N,0xdaa9c8f14bafc680,32,missing_knowledge
kernel32.dll,0x18006d838,func_pdata_0x18006d838,func_pdata_,Y,44,14,2,0,N,N,0x1d0c4fd921479e19,32,missing_knowledge
kernel32.dll,0x18006d884,func_pdata_0x18006d884,func_pdata_,Y,11c,43,2,0,N,N,0x461197ac753a3db1,32,missing_knowledge
kernel32.dll,0x18006d9a1,func_pdata_0x18006d9a1,func_pdata_,Y,1a,6,0,0,N,N,0x76da0a64938cb843,32,missing_knowledge
kernel32.dll,0x18006d9c4,func_pdata_0x18006d9c4,func_pdata_,Y,1b5,6f,1,0,N,N,0xf34d1f69af4a1d23,32,missing_knowledge
kernel32.dll,0x18006db7a,func_pdata_0x18006db7a,func_pdata_,Y,1a,6,0,0,N,N,0x6978db4461856374,32,missing_knowledge
kernel32.dll,0x18006db9c,func_pdata_0x18006db9c,func_pdata_,Y,23a,95,3,0,N,N,0x597eedb3b2b9bf9f,32,missing_knowledge
kernel32.dll,0x18006dde0,func_pdata_0x18006dde0,func_pdata_,Y,e2,38,5,0,N,N,0x0fb8385502741a0b,32,missing_knowledge
kernel32.dll,0x18006dec3,func_pdata_0x18006dec3,func_pdata_,Y,1a,6,0,0,N,N,0x14ae155d8363b2a6,32,missing_knowledge
kernel32.dll,0x18006dee4,func_pdata_0x18006dee4,func_pdata_,Y,105,40,4,0,N,N,0x63ba44696dfb8a8f,32,missing_knowledge
kernel32.dll,0x18006dfea,func_pdata_0x18006dfea,func_pdata_,Y,1a,6,0,0,N,N,0xace2ad2592223658,32,missing_knowledge
kernel32.dll,0x18006e00c,func_pdata_0x18006e00c,func_pdata_,Y,84,22,4,0,N,N,0x53ddec92d3fbc976,32,missing_knowledge
kernel32.dll,0x18006e098,func_call_0x18006e098,func_call_,Y,c,6,1,0,N,N,0x958a09cfc0105821,32,missing_knowledge
kernel32.dll,0x18006e0f0,func_pdata_0x18006e0f0,func_pdata_,Y,14f,4d,1,0,N,N,0x142b7d4f4f55592d,32,missing_knowledge
kernel32.dll,0x18006e248,func_pdata_0x18006e248,func_pdata_,Y,138,46,1,0,N,N,0xf9b9db3e34453019,32,missing_knowledge
kernel32.dll,0x18006e388,func_pdata_0x18006e388,func_pdata_,Y,1e0,73,1,0,N,N,0xd29e0a99c8a32fa4,32,missing_knowledge
kernel32.dll,0x18006e569,func_pdata_0x18006e569,func_pdata_,Y,2c,e,0,0,N,N,0xa7ecb0615c2236b1,32,missing_knowledge
kernel32.dll,0x18006e59c,func_pdata_0x18006e59c,func_pdata_,Y,b1,2f,2,0,N,N,0xb1af97c3546a173c,32,missing_knowledge
kernel32.dll,0x18006e654,func_pdata_0x18006e654,func_pdata_,Y,123,4c,1,0,N,N,0x0e554074eb924bde,32,missing_knowledge
kernel32.dll,0x18006e778,func_pdata_0x18006e778,func_pdata_,Y,1f,b,0,0,N,N,0x81b78abe348965e1,32,missing_knowledge
kernel32.dll,0x18006e7a0,func_pdata_0x18006e7a0,func_pdata_,Y,f0,41,1,0,N,N,0x27a779028f166780,32,missing_knowledge
kernel32.dll,0x18006e891,func_pdata_0x18006e891,func_pdata_,Y,f,6,0,0,N,N,0x4231bcb3cf06e9bb,32,missing_knowledge
kernel32.dll,0x18006e8b0,func_pdata_0x18006e8b0,func_pdata_,Y,41b,117,0,0,N,N,0x40c40d8257f5f99b,32,missing_knowledge
kernel32.dll,0x18006ecd4,func_pdata_0x18006ecd4,func_pdata_,Y,b3,2a,1,0,N,N,0xf18a810911a1c5f3,32,missing_knowledge
kernel32.dll,0x18006ed88,func_pdata_0x18006ed88,func_pdata_,Y,1f,b,0,0,N,N,0x81b78abe348965e1,32,missing_knowledge
kernel32.dll,0x18006edb0,func_pdata_0x18006edb0,func_pdata_,Y,146,4e,1,0,N,N,0x91669e6b06056ce4,32,missing_knowledge
kernel32.dll,0x18006eef7,func_pdata_0x18006eef7,func_pdata_,Y,31,e,0,0,N,N,0xe29691fe1d4394f7,32,missing_knowledge
kernel32.dll,0x18006ef30,func_pdata_0x18006ef30,func_pdata_,Y,149,5c,1,0,N,N,0x4a3f71b5c0efecf7,32,missing_knowledge
kernel32.dll,0x18006f080,func_pdata_0x18006f080,func_pdata_,Y,20c,76,1,0,N,N,0xd506ea7a8127f93d,32,missing_knowledge
kernel32.dll,0x18006f2a0,func_pdata_0x18006f2a0,func_pdata_,Y,937,23c,0,0,N,N,0xbf98bb014d74b229,32,missing_knowledge
kernel32.dll,0x18006fbe0,func_pdata_0x18006fbe0,func_pdata_,Y,95,25,1,0,N,N,0x8899bd88e00be7ae,32,missing_knowledge
kernel32.dll,0x18006fc7c,func_pdata_0x18006fc7c,func_pdata_,Y,c6,32,1,0,N,N,0x4697e327dff69732,32,missing_knowledge
kernel32.dll,0x18006fd4c,func_pdata_0x18006fd4c,func_pdata_,Y,2eb,bb,1,0,N,N,0x50a69c2ed1ac3a70,32,missing_knowledge
kernel32.dll,0x180070038,func_pdata_0x180070038,func_pdata_,Y,2c,e,0,0,N,N,0xffec4b606c19c03f,32,missing_knowledge
kernel32.dll,0x18007006c,func_pdata_0x18007006c,func_pdata_,Y,20e,86,1,0,N,N,0xb7cd043bb24c2bab,32,missing_knowledge
kernel32.dll,0x18007027b,func_pdata_0x18007027b,func_pdata_,Y,35,10,0,0,N,N,0x4625d09bf8f9db29,32,missing_knowledge
kernel32.dll,0x1800702b8,func_pdata_0x1800702b8,func_pdata_,Y,14d,52,2,0,N,N,0x928394c8b0297a66,32,missing_knowledge
kernel32.dll,0x180070406,func_pdata_0x180070406,func_pdata_,Y,1a,6,0,0,N,N,0xede18eae9ea91b50,32,missing_knowledge
kernel32.dll,0x180070428,func_pdata_0x180070428,func_pdata_,Y,152,53,2,0,N,N,0xa37d391566560257,32,missing_knowledge
kernel32.dll,0x18007057b,func_pdata_0x18007057b,func_pdata_,Y,1a,6,0,0,N,N,0xab45c3d6fabef1a5,32,missing_knowledge
kernel32.dll,0x18007059c,func_pdata_0x18007059c,func_pdata_,Y,183,63,1,0,N,N,0xb46a5c8a7fc194cb,32,missing_knowledge
kernel32.dll,0x180070720,func_pdata_0x180070720,func_pdata_,Y,1a,6,0,0,N,N,0x9b517091505e30cb,32,missing_knowledge
kernel32.dll,0x180070744,func_pdata_0x180070744,func_pdata_,Y,16b,4e,2,0,N,N,0x00d918bf44637da8,32,missing_knowledge
kernel32.dll,0x1800708b0,func_pdata_0x1800708b0,func_pdata_,Y,1f,b,0,0,N,N,0x81b78abe348965e1,32,missing_knowledge
kernel32.dll,0x1800708d8,func_pdata_0x1800708d8,func_pdata_,Y,7d,20,1,0,N,N,0xab1d3bb5576b614b,32,missing_knowledge
kernel32.dll,0x18007095c,func_pdata_0x18007095c,func_pdata_,Y,287,aa,3,0,N,N,0xbd1109d60c864866,32,missing_knowledge
kernel32.dll,0x180070be4,func_pdata_0x180070be4,func_pdata_,Y,45,14,0,0,N,N,0x8c2aea755f086fb8,32,missing_knowledge
kernel32.dll,0x180070c30,func_pdata_0x180070c30,func_pdata_,Y,141,51,8,0,N,N,0x71bd413fd1baa84a,32,missing_knowledge
kernel32.dll,0x180070d72,func_pdata_0x180070d72,func_pdata_,Y,17,7,0,0,N,N,0x23d94a50cf6f40cd,32,missing_knowledge
kernel32.dll,0x180070d90,func_pdata_0x180070d90,func_pdata_,Y,85,2d,1,0,N,N,0x589c4a46067d0f1a,32,missing_knowledge
kernel32.dll,0x180070e1c,func_pdata_0x180070e1c,func_pdata_,Y,42,14,2,0,N,N,0xf9e366b3f5e4aa83,32,missing_knowledge
kernel32.dll,0x180070e68,func_pdata_0x180070e68,func_pdata_,Y,35,c,4,0,N,N,0x2364aeb82bf3451f,32,missing_knowledge
kernel32.dll,0x180070ea4,func_pdata_0x180070ea4,func_pdata_,Y,77,14,1,0,N,N,0x96d87434185c9174,32,missing_knowledge
kernel32.dll,0x180070f1c,func_pdata_0x180070f1c,func_pdata_,Y,1f,b,0,0,N,N,0x81b78abe348965e1,32,missing_knowledge
kernel32.dll,0x180070f44,func_pdata_0x180070f44,func_pdata_,Y,1b5,68,1,0,N,N,0x7716e013a7dd5c5e,32,missing_knowledge
kernel32.dll,0x180071100,func_call_0x180071100,func_call_,Y,50,16,1,0,N,N,0x5900530d769bf35a,32,missing_knowledge
kernel32.dll,0x1800711ac,func_pdata_0x1800711ac,func_pdata_,Y,3bd,e8,1,0,N,N,0xd17952b0e9f5f6c4,32,missing_knowledge
kernel32.dll,0x180071570,func_pdata_0x180071570,func_pdata_,Y,2e8,c5,1,0,N,N,0x14422cf8943a19bd,32,missing_knowledge
kernel32.dll,0x180071860,func_pdata_0x180071860,func_pdata_,Y,22,7,e,0,N,N,0x639be5e640e2453c,32,missing_knowledge
kernel32.dll,0x180071883,func_pdata_0x180071883,func_pdata_,Y,17,9,0,0,N,N,0xaae29b0419078583,32,missing_knowledge
kernel32.dll,0x1800718a4,func_pdata_0x1800718a4,func_pdata_,Y,13,6,1,0,N,N,0x0de38310b1e5b92d,32,missing_knowledge
kernel32.dll,0x1800718b8,func_pdata_0x1800718b8,func_pdata_,Y,17,9,0,0,N,N,0xaae29b0419078583,32,missing_knowledge
kernel32.dll,0x1800718d8,func_pdata_0x1800718d8,func_pdata_,Y,ef,40,1,0,N,N,0x1318a07999e7946d,32,missing_knowledge
kernel32.dll,0x1800719d0,func_pdata_0x1800719d0,func_pdata_,Y,734,18f,1,0,N,N,0xe77093210c38b701,32,missing_knowledge
kernel32.dll,0x180072105,func_pdata_0x180072105,func_pdata_,Y,a9,30,0,0,N,N,0x5fad44dba8796880,32,missing_knowledge
kernel32.dll,0x1800721c0,func_pdata_0x1800721c0,func_pdata_,Y,4c,10,0,0,N,N,0x6ead1c3cb0b1ac6f,32,missing_knowledge
kernel32.dll,0x180072220,func_pdata_0x180072220,func_pdata_,Y,23,e,0,0,N,N,0x2b03ff28bc562593,32,missing_knowledge
kernel32.dll,0x18007224c,func_pdata_0x18007224c,func_pdata_,Y,ac,31,1,0,N,N,0xc45220c6fd811262,32,missing_knowledge
kernel32.dll,0x180072300,func_pdata_0x180072300,func_pdata_,Y,3f,13,1,0,N,N,0x1f69a748920de500,32,missing_knowledge
kernel32.dll,0x180072350,func_pdata_0x180072350,func_pdata_,Y,85,20,0,0,N,N,0xaad1faa3429a326e,32,missing_knowledge
kernel32.dll,0x1800723e0,func_pdata_0x1800723e0,func_pdata_,Y,247,8c,0,0,N,N,0x6b2ddd77f51e756d,32,missing_knowledge
kernel32.dll,0x180072630,func_jmp_0x180072630,func_jmp_,Y,4,1,0,0,N,N,0x046043b5aa97d043,32,missing_knowledge
kernel32.dll,0x18007263c,func_pdata_0x18007263c,func_pdata_,Y,9a,28,1,0,N,N,0xd03b6ba1e1db9149,32,missing_knowledge
kernel32.dll,0x1800726e0,func_pdata_0x1800726e0,func_pdata_,Y,c1,34,0,0,N,N,0x67d683ba26a23845,32,missing_knowledge
kernel32.dll,0x1800727b0,func_pdata_0x1800727b0,func_pdata_,Y,b2,33,0,0,N,N,0x0eb5436cbb81cdae,32,missing_knowledge
kernel32.dll,0x180072870,func_pdata_0x180072870,func_pdata_,Y,13f,56,0,0,N,N,0xea1176998c770a6b,32,missing_knowledge
kernel32.dll,0x1800729c0,func_pdata_0x1800729c0,func_pdata_,Y,24,a,0,0,N,N,0xd640031ded2dfa2a,32,missing_knowledge
kernel32.dll,0x1800729ec,func_pdata_0x1800729ec,func_pdata_,Y,ef,46,2,0,N,N,0x529ad98f12a9b2cc,32,missing_knowledge
kernel32.dll,0x180072ae4,func_pdata_0x180072ae4,func_pdata_,Y,a7,26,1,0,N,N,0x0b4de4a89a2aee9a,32,missing_knowledge
kernel32.dll,0x180072b94,func_call_0x180072b94,func_call_,Y,41,15,6,0,N,N,0x78000643e65196a0,32,missing_knowledge
kernel32.dll,0x180072be0,func_pdata_0x180072be0,func_pdata_,Y,139,4a,1,0,N,N,0x7b7993aa1f405dfd,32,missing_knowledge
kernel32.dll,0x180072d20,func_pdata_0x180072d20,func_pdata_,Y,bc,2c,1,0,N,N,0xda7dbcabfd1b8aad,32,missing_knowledge
kernel32.dll,0x180072de4,func_pdata_0x180072de4,func_pdata_,Y,42,11,1,0,N,N,0xa444eaa596dc3e07,32,missing_knowledge
kernel32.dll,0x180072e30,func_call_0x180072e30,func_call_,Y,1a,8,3,0,N,N,0x05631d0f7c42dc7a,32,missing_knowledge
kernel32.dll,0x180072e5c,func_pdata_0x180072e5c,func_pdata_,Y,26c,8f,1,0,N,N,0xfbc7e6c19a8e34b3,32,missing_knowledge
kernel32.dll,0x1800730d0,func_call_0x1800730d0,func_call_,Y,e,5,2,0,N,N,0x0b61acdeb6d4c63a,32,missing_knowledge
kernel32.dll,0x1800730e8,func_pdata_0x1800730e8,func_pdata_,Y,1f,9,1,0,N,N,0x67d683ab857c98f2,32,missing_knowledge
kernel32.dll,0x180073110,func_pdata_0x180073110,func_pdata_,Y,110,42,1,0,N,N,0x0f18f4ab182f70ba,32,missing_knowledge
kernel32.dll,0x180073228,func_pdata_0x180073228,func_pdata_,Y,b4,2e,1,0,N,N,0x734b66b403c05716,32,missing_knowledge
kernel32.dll,0x1800732e4,func_pdata_0x1800732e4,func_pdata_,Y,108,41,1,0,N,N,0xcf8874be4c875400,32,missing_knowledge
kernel32.dll,0x1800733f4,func_pdata_0x1800733f4,func_pdata_,Y,e1,37,2,0,N,N,0xf555464a434858e4,32,missing_knowledge
kernel32.dll,0x1800734dc,func_pdata_0x1800734dc,func_pdata_,Y,ac,28,1,0,N,N,0x6e614964076f746d,32,missing_knowledge
kernel32.dll,0x180073590,func_pdata_0x180073590,func_pdata_,Y,2aa,a7,1,0,N,N,0x90422979644af0c4,32,missing_knowledge
kernel32.dll,0x180073844,func_pdata_0x180073844,func_pdata_,Y,2f7,bb,1,0,N,N,0x90422979644af0c4,32,missing_knowledge
kernel32.dll,0x180073b44,func_pdata_0x180073b44,func_pdata_,Y,281,b2,1,0,N,N,0x68b0cc6c11286c55,32,missing_knowledge
kernel32.dll,0x180073dcc,func_pdata_0x180073dcc,func_pdata_,Y,2ea,c3,1,0,N,N,0xa5c25fbcbdacf571,32,missing_knowledge
kernel32.dll,0x1800740c0,func_pdata_0x1800740c0,func_pdata_,Y,3a,13,2,0,N,N,0x73d697f54341045f,32,missing_knowledge
kernel32.dll,0x180074104,func_pdata_0x180074104,func_pdata_,Y,5e4,17f,1,0,N,N,0x8fdd4f2a921b84cf,32,missing_knowledge
kernel32.dll,0x1800746f0,func_pdata_0x1800746f0,func_pdata_,Y,c0a,2ec,2,0,N,N,0x7153ae3ac3b0fa3b,32,missing_knowledge
kernel32.dll,0x180075304,func_pdata_0x180075304,func_pdata_,Y,b8,2d,2,0,N,N,0x066a4f051cceb6d3,32,missing_knowledge
kernel32.dll,0x1800753c4,func_pdata_0x1800753c4,func_pdata_,Y,d3,3c,1,0,N,N,0xdfdc044a3edfeec2,32,missing_knowledge
kernel32.dll,0x1800754a0,func_pdata_0x1800754a0,func_pdata_,Y,72,25,2,0,N,N,0xdf79925ff9c5b578,32,missing_knowledge
kernel32.dll,0x18007551c,func_pdata_0x18007551c,func_pdata_,Y,92,27,2,0,N,N,0x771649f176f6257f,32,missing_knowledge
kernel32.dll,0x1800755b8,func_pdata_0x1800755b8,func_pdata_,Y,a4,35,1,0,N,N,0x65e0a462a8e32d0f,32,missing_knowledge
kernel32.dll,0x180075664,func_pdata_0x180075664,func_pdata_,Y,223,8a,2,0,N,N,0x4b32ecb40846c871,32,missing_knowledge
kernel32.dll,0x180075890,func_pdata_0x180075890,func_pdata_,Y,f8,42,2,0,N,N,0x6e9e355a85ad5aad,32,missing_knowledge
kernel32.dll,0x180075990,func_pdata_0x180075990,func_pdata_,Y,5b,18,5,0,N,N,0x9301ae17f4b998dc,32,missing_knowledge
kernel32.dll,0x1800759f4,func_pdata_0x1800759f4,func_pdata_,Y,1cc,81,1,0,N,N,0x2bbfff99423cfee5,32,missing_knowledge
kernel32.dll,0x180075bc8,func_pdata_0x180075bc8,func_pdata_,Y,1a2,6e,1,0,N,N,0x5afd67ae3d3e5e5a,32,missing_knowledge
kernel32.dll,0x180075d74,func_pdata_0x180075d74,func_pdata_,Y,8e,29,2,0,N,N,0xd0827353d6e23087,32,missing_knowledge
kernel32.dll,0x180075e0c,func_call_0x180075e0c,func_call_,Y,c,5,5,0,N,N,0xa1441dedb5bcae3f,32,missing_knowledge
kernel32.dll,0x180075e34,func_pdata_0x180075e34,func_pdata_,Y,74,1d,1,0,N,N,0x81e42c6da3062913,32,missing_knowledge
kernel32.dll,0x180075eb0,func_pdata_0x180075eb0,func_pdata_,Y,93,27,1,0,N,N,0x66287bd6806035ee,32,missing_knowledge
kernel32.dll,0x180075f4c,func_pdata_0x180075f4c,func_pdata_,Y,b2,37,1,0,N,N,0x90df9e97f4f14afe,32,missing_knowledge
kernel32.dll,0x180076008,func_pdata_0x180076008,func_pdata_,Y,64,20,3,0,N,N,0xf5b892568b74e0ad,32,missing_knowledge
kernel32.dll,0x180076074,func_call_0x180076074,func_call_,Y,36,13,2,0,N,N,0xe244746d28373431,32,missing_knowledge
kernel32.dll,0x1800760b4,func_pdata_0x1800760b4,func_pdata_,Y,66,20,2,0,N,N,0x974a78852d213643,32,missing_knowledge
kernel32.dll,0x180076124,func_call_0x180076124,func_call_,Y,13,8,18,0,N,N,0xdffe956f11b1becb,32,missing_knowledge
kernel32.dll,0x18007614c,func_pdata_0x18007614c,func_pdata_,Y,d4,33,1,0,N,Y,0xabe528bd5b08324e,32,propagation_failure
kernel32.dll,0x180076228,func_pdata_0x180076228,func_pdata_,Y,174,56,1,0,N,N,0x8c93c5e782e71df5,32,missing_knowledge
kernel32.dll,0x1800763a4,func_pdata_0x1800763a4,func_pdata_,Y,158,50,4,0,N,N,0x136fc5b4f64e3412,32,missing_knowledge
kernel32.dll,0x180076504,func_pdata_0x180076504,func_pdata_,Y,101,49,6,0,N,N,0x0b3976b8bf2d91ef,32,missing_knowledge
kernel32.dll,0x18007660c,func_pdata_0x18007660c,func_pdata_,Y,90,33,1,0,N,N,0x2c33c0adcc7c3a56,32,missing_knowledge
kernel32.dll,0x1800766a4,func_pdata_0x1800766a4,func_pdata_,Y,95,33,1,0,N,N,0x2c33c0adcc7c3a56,32,missing_knowledge
kernel32.dll,0x180076740,func_call_0x180076740,func_call_,Y,d,5,6,0,N,N,0x92f9cf63c785f38e,32,missing_knowledge
kernel32.dll,0x1800767a6,func_start_0x1800767a6,func_start_,Y,2,2,2,0,N,N,0x9c1b3d121d53a9df,32,missing_knowledge
kernel32.dll,0x1800767b0,func_pdata_0x1800767b0,func_pdata_,Y,55,18,1,0,N,N,0xd158924fdeee6436,32,missing_knowledge
kernel32.dll,0x18007680c,func_pdata_0x18007680c,func_pdata_,Y,1c9,7c,1,0,N,N,0x4c64650c24a3a873,32,missing_knowledge
kernel32.dll,0x1800769dc,func_pdata_0x1800769dc,func_pdata_,Y,21a,86,2,0,N,N,0x59b4ce7cfe7e20ed,32,missing_knowledge
kernel32.dll,0x180076c00,func_pdata_0x180076c00,func_pdata_,Y,12e,50,1,0,N,N,0x1a14634dfe55c19b,32,missing_knowledge
kernel32.dll,0x180076d38,func_pdata_0x180076d38,func_pdata_,Y,149,5a,2,0,N,N,0xd81c2a7d64bf665d,32,missing_knowledge
kernel32.dll,0x180076e88,func_pdata_0x180076e88,func_pdata_,Y,1cb,87,2,0,N,N,0xa624874a93547961,32,missing_knowledge
kernel32.dll,0x18007705c,func_pdata_0x18007705c,func_pdata_,Y,36d,d4,2,0,N,N,0x1624d4a5b20cd4b5,32,missing_knowledge
kernel32.dll,0x1800773d0,func_pdata_0x1800773d0,func_pdata_,Y,c8,39,b,0,N,N,0x6950437baa1fb2c4,32,missing_knowledge
kernel32.dll,0x1800774a0,func_pdata_0x1800774a0,func_pdata_,Y,1bb,80,1,0,N,N,0x8cb23e9409ab4abe,32,missing_knowledge
kernel32.dll,0x180077664,func_pdata_0x180077664,func_pdata_,Y,24a,87,1,0,N,N,0x31b42efda4c345ff,32,missing_knowledge
kernel32.dll,0x1800778af,func_pdata_0x1800778af,func_pdata_,Y,27,d,0,0,N,N,0x43a0fb9014b23421,32,missing_knowledge
kernel32.dll,0x1800778e0,func_pdata_0x1800778e0,func_pdata_,Y,49a,136,1,0,N,N,0x48bdbb6a5820bbb8,32,missing_knowledge
kernel32.dll,0x180077d84,func_pdata_0x180077d84,func_pdata_,Y,7f,23,1,0,N,N,0x348ff302d555cd73,32,missing_knowledge
kernel32.dll,0x180077e0c,func_call_0x180077e0c,func_call_,Y,e,5,2,0,N,N,0x2c660b5d99e5cee8,32,missing_knowledge
kernel32.dll,0x180077e24,func_pdata_0x180077e24,func_pdata_,Y,dc,33,1,0,N,N,0x9eaa4491c3a1f253,32,missing_knowledge
kernel32.dll,0x180077f08,func_pdata_0x180077f08,func_pdata_,Y,dc,33,1,0,N,N,0xea790d7623c9185f,32,missing_knowledge
kernel32.dll,0x180077fec,func_pdata_0x180077fec,func_pdata_,Y,d4,32,1,0,N,N,0xa1be976a2e1495c7,32,missing_knowledge
kernel32.dll,0x1800780c1,func_pdata_0x1800780c1,func_pdata_,Y,27,d,0,0,N,N,0xb41e9bcecf8f23a1,32,missing_knowledge
kernel32.dll,0x1800780f0,func_pdata_0x1800780f0,func_pdata_,Y,22d,87,2,0,N,N,0x02f755db0e9dcb54,32,missing_knowledge
kernel32.dll,0x180078324,func_pdata_0x180078324,func_pdata_,Y,1cc,67,1,0,N,N,0x2dd5575600072025,32,missing_knowledge
kernel32.dll,0x1800784f1,func_pdata_0x1800784f1,func_pdata_,Y,27,d,0,0,N,N,0xb41e9bcecf8f23a1,32,missing_knowledge
kernel32.dll,0x180078520,func_pdata_0x180078520,func_pdata_,Y,184,5c,1,0,N,N,0xb19acbcf5572b180,32,missing_knowledge
kernel32.dll,0x1800786ac,func_pdata_0x1800786ac,func_pdata_,Y,15d,47,1,0,N,N,0xf74c62b0bd0c0d67,32,missing_knowledge
kernel32.dll,0x18007880a,func_pdata_0x18007880a,func_pdata_,Y,15,8,0,0,N,N,0xe18dea6cb4cd7107,32,missing_knowledge
kernel32.dll,0x180078820,func_pdata_0x180078820,func_pdata_,Y,15,8,0,0,N,N,0x239804e6c3ffad67,32,missing_knowledge
kernel32.dll,0x18007883c,func_pdata_0x18007883c,func_pdata_,Y,175,57,2,0,N,N,0x99a204fe6a48e80d,32,missing_knowledge
kernel32.dll,0x1800789b2,func_pdata_0x1800789b2,func_pdata_,Y,27,d,0,0,N,N,0x0d317f7f68aa5071,32,missing_knowledge
kernel32.dll,0x1800789e0,func_pdata_0x1800789e0,func_pdata_,Y,d7,35,2,0,N,N,0xd86eb46f88443e7b,32,missing_knowledge
kernel32.dll,0x180078ac0,func_pdata_0x180078ac0,func_pdata_,Y,7d,1c,2,0,N,N,0x4566c476dbf51495,32,missing_knowledge
kernel32.dll,0x180078b44,func_pdata_0x180078b44,func_pdata_,Y,199,5c,1,0,N,N,0x98130691be2a41ac,32,missing_knowledge
kernel32.dll,0x180078ce4,func_pdata_0x180078ce4,func_pdata_,Y,2b5,9c,1,0,N,N,0x4492ec466975b848,32,missing_knowledge
kernel32.dll,0x180078fa0,func_pdata_0x180078fa0,func_pdata_,Y,cc,28,8,0,N,N,0x737243920d8a13cb,32,missing_knowledge
kernel32.dll,0x18007906d,func_pdata_0x18007906d,func_pdata_,Y,27,d,0,0,N,N,0x0d317f7f68aa5071,32,missing_knowledge
kernel32.dll,0x18007909c,func_pdata_0x18007909c,func_pdata_,Y,15c,52,1,0,N,N,0xd4d7b7df28194977,32,missing_knowledge
kernel32.dll,0x1800791f9,func_pdata_0x1800791f9,func_pdata_,Y,27,d,0,0,N,N,0xb41e9bcecf8f23a1,32,missing_knowledge
kernel32.dll,0x180079228,func_pdata_0x180079228,func_pdata_,Y,11b,45,2,0,N,N,0x65f82feda412363d,32,missing_knowledge
kernel32.dll,0x18007934c,func_pdata_0x18007934c,func_pdata_,Y,115,4c,1,0,N,N,0x4b694d6e46d41509,32,missing_knowledge
kernel32.dll,0x180079468,func_pdata_0x180079468,func_pdata_,Y,5ef,13c,2,0,N,N,0xc9261f4c3d138f67,32,missing_knowledge
kernel32.dll,0x180079a58,func_pdata_0x180079a58,func_pdata_,Y,2a,d,0,0,N,N,0x29c18e10799e2c73,32,missing_knowledge
kernel32.dll,0x180079a8c,func_pdata_0x180079a8c,func_pdata_,Y,136,47,1,0,N,N,0x62513486e26f4579,32,missing_knowledge
kernel32.dll,0x180079bc3,func_pdata_0x180079bc3,func_pdata_,Y,27,d,0,0,N,N,0xb41e9bcecf8f23a1,32,missing_knowledge
kernel32.dll,0x180079bf4,func_pdata_0x180079bf4,func_pdata_,Y,82,26,1,0,N,N,0x071662afe0aebaee,32,missing_knowledge
kernel32.dll,0x180079c80,func_call_0x180079c80,func_call_,Y,2f,d,1,0,N,N,0xa432f83a96141804,32,missing_knowledge
kernel32.dll,0x180079d94,func_pdata_0x180079d94,func_pdata_,Y,207,8a,1,0,N,N,0xfdd0fd423991f572,32,missing_knowledge
kernel32.dll,0x180079fa4,func_pdata_0x180079fa4,func_pdata_,Y,100,3f,1,0,N,N,0x914afc69841caafb,32,missing_knowledge
kernel32.dll,0x18007a0a5,func_pdata_0x18007a0a5,func_pdata_,Y,27,d,0,0,N,N,0x0d317f7f68aa5071,32,missing_knowledge
kernel32.dll,0x18007a0d4,func_pdata_0x18007a0d4,func_pdata_,Y,fa,3e,1,0,N,N,0xdd64cf6873fa02cd,32,missing_knowledge
kernel32.dll,0x18007a1cf,func_pdata_0x18007a1cf,func_pdata_,Y,27,d,0,0,N,N,0x0d317f7f68aa5071,32,missing_knowledge
kernel32.dll,0x18007a200,func_pdata_0x18007a200,func_pdata_,Y,227,8f,1,0,N,N,0x2a698c24a1e536d8,32,missing_knowledge
kernel32.dll,0x18007a430,func_pdata_0x18007a430,func_pdata_,Y,de,42,1,0,N,N,0x264de4a83e58f2f4,32,missing_knowledge
kernel32.dll,0x18007a518,func_pdata_0x18007a518,func_pdata_,Y,5e,1b,3,0,N,N,0xd6004d2d76d797be,32,missing_knowledge
kernel32.dll,0x18007a580,func_pdata_0x18007a580,func_pdata_,Y,209,8a,3,0,N,N,0x001f2afdc17ff51d,32,missing_knowledge
kernel32.dll,0x18007a790,func_pdata_0x18007a790,func_pdata_,Y,ac,3b,2,0,N,N,0x78589820d9472ab9,32,missing_knowledge
kernel32.dll,0x18007a844,func_pdata_0x18007a844,func_pdata_,Y,82,26,1,0,N,N,0x071662afe0aebaee,32,missing_knowledge
kernel32.dll,0x18007a8d0,func_pdata_0x18007a8d0,func_pdata_,Y,9c,35,8,0,N,N,0x608905c0bbc5bdc8,32,missing_knowledge
kernel32.dll,0x18007a974,func_call_0x18007a974,func_call_,Y,4e,1a,2,0,N,N,0x114a0de419237b85,32,missing_knowledge
kernel32.dll,0x18007a9ec,func_pdata_0x18007a9ec,func_pdata_,Y,13f,55,1,0,N,N,0x262944f5c906d6fa,32,missing_knowledge
kernel32.dll,0x18007ab34,func_pdata_0x18007ab34,func_pdata_,Y,e5,30,1,0,N,N,0x934ed94cde75e021,32,missing_knowledge
kernel32.dll,0x18007ac1a,func_pdata_0x18007ac1a,func_pdata_,Y,27,d,0,0,N,N,0xb41e9bcecf8f23a1,32,missing_knowledge
kernel32.dll,0x18007ac48,func_pdata_0x18007ac48,func_pdata_,Y,ed,35,1,0,N,N,0x7a2b4e7e9b7d70c8,32,missing_knowledge
kernel32.dll,0x18007ad3c,func_pdata_0x18007ad3c,func_pdata_,Y,1bc,62,1,0,N,N,0xb94c66dc768ea346,32,missing_knowledge
kernel32.dll,0x18007aef9,func_pdata_0x18007aef9,func_pdata_,Y,27,d,0,0,N,N,0x2c3b137f7938fd25,32,missing_knowledge
kernel32.dll,0x18007af28,func_pdata_0x18007af28,func_pdata_,Y,23b,8a,1,0,N,N,0x462d1f1fa3be58a0,32,missing_knowledge
kernel32.dll,0x18007b16c,func_pdata_0x18007b16c,func_pdata_,Y,6e,1d,3,0,N,N,0x78a1e2f270d615f2,32,missing_knowledge
kernel32.dll,0x18007b1e4,func_pdata_0x18007b1e4,func_pdata_,Y,39,11,2,0,N,N,0xdda348a9a86032c1,32,missing_knowledge
kernel32.dll,0x18007b224,func_pdata_0x18007b224,func_pdata_,Y,b9,30,1,0,N,N,0xd1a7f35ff2ec2712,32,missing_knowledge
kernel32.dll,0x18007b2e4,func_pdata_0x18007b2e4,func_pdata_,Y,84,28,3,0,N,N,0x46cf07d1986d5a04,32,missing_knowledge
kernel32.dll,0x18007b370,func_pdata_0x18007b370,func_pdata_,Y,1b4,6c,1,0,N,N,0x2a7966a674894403,32,missing_knowledge
kernel32.dll,0x18007b52c,func_pdata_0x18007b52c,func_pdata_,Y,b8,36,2,0,N,N,0x34966fc3d29c18b1,32,missing_knowledge
kernel32.dll,0x18007b5f0,func_pdata_0x18007b5f0,func_pdata_,Y,a7,2b,0,0,N,N,0xb32c28f5bf358d63,32,missing_knowledge
kernel32.dll,0x18007b6a0,func_pdata_0x18007b6a0,func_pdata_,Y,6d,1d,1,0,N,N,0xf0f6fbe10e2acd24,32,missing_knowledge
kernel32.dll,0x18007b714,func_pdata_0x18007b714,func_pdata_,Y,a7,2f,12,0,N,N,0x8864f49dfb353982,32,missing_knowledge
kernel32.dll,0x18007b7c4,func_pdata_0x18007b7c4,func_pdata_,Y,99,27,8,0,N,N,0xd87ce6163d7b9f3d,32,missing_knowledge
kernel32.dll,0x18007b864,func_pdata_0x18007b864,func_pdata_,Y,61,19,1,0,N,N,0x7dcff855158f19bd,32,missing_knowledge
kernel32.dll,0x18007b8cc,func_pdata_0x18007b8cc,func_pdata_,Y,7b,20,3,0,N,N,0x256dfc897098b2cf,32,missing_knowledge
kernel32.dll,0x18007b950,func_pdata_0x18007b950,func_pdata_,Y,16e,61,1,0,N,N,0x622dcb723da4acbb,32,missing_knowledge
kernel32.dll,0x18007bac8,func_pdata_0x18007bac8,func_pdata_,Y,a3,29,1,0,N,N,0xa985d6de056c6623,32,missing_knowledge
kernel32.dll,0x18007bb74,func_pdata_0x18007bb74,func_pdata_,Y,15a,5f,1,0,N,N,0x5e4be9a98c4903f8,32,missing_knowledge
kernel32.dll,0x18007bcd8,func_pdata_0x18007bcd8,func_pdata_,Y,ee,3a,1,0,N,N,0xda7cc5c74b2963cd,32,missing_knowledge
kernel32.dll,0x18007bdd0,func_pdata_0x18007bdd0,func_pdata_,Y,c8,35,1,0,N,N,0xdd6051de61a0c891,32,missing_knowledge
kernel32.dll,0x18007bea0,func_pdata_0x18007bea0,func_pdata_,Y,3d2,ee,1,0,N,N,0x0a9e223a6bcc3b87,32,missing_knowledge
kernel32.dll,0x18007c27c,main,named,N,10c,4d,1,0,N,N,0x8f5cfb92410c0442,32,named
kernel32.dll,0x18007c390,func_pdata_0x18007c390,func_pdata_,Y,175,5d,0,0,N,N,0x3ffeb0166c9662a6,32,missing_knowledge
kernel32.dll,0x18007c510,func_pdata_0x18007c510,func_pdata_,Y,137,4d,0,0,N,N,0xb995b27dfa79571d,32,missing_knowledge
kernel32.dll,0x18007c650,func_pdata_0x18007c650,func_pdata_,Y,e5,38,0,0,N,N,0xa61243e7a2cb2869,32,missing_knowledge
kernel32.dll,0x18007c740,func_pdata_0x18007c740,func_pdata_,Y,167,5a,0,0,N,N,0x32eab9a67b1cf59d,32,missing_knowledge
kernel32.dll,0x18007c8b0,func_pdata_0x18007c8b0,func_pdata_,Y,9f,2a,0,0,N,N,0x5fdfd03bbcdd89b9,32,missing_knowledge
kernel32.dll,0x18007c958,func_pdata_0x18007c958,func_pdata_,Y,9d,2e,4,0,N,N,0xcd063513c15f0654,32,missing_knowledge
kernel32.dll,0x18007ca00,func_pdata_0x18007ca00,func_pdata_,Y,c4,33,0,0,N,N,0xfdcce5436ff71302,32,missing_knowledge
kernel32.dll,0x18007cad0,func_pdata_0x18007cad0,func_pdata_,Y,1d2,78,0,0,N,N,0x15193667a54dd0b2,32,missing_knowledge
kernel32.dll,0x18007ccb0,func_pdata_0x18007ccb0,func_pdata_,Y,302,d3,0,0,N,N,0x4d95ddfaddb01e15,32,missing_knowledge
kernel32.dll,0x18007cfc0,func_pdata_0x18007cfc0,func_pdata_,Y,124,4c,0,0,N,N,0x960302acec01acf6,32,missing_knowledge
kernel32.dll,0x18007d0ec,func_pdata_0x18007d0ec,func_pdata_,Y,1fb,78,1,0,N,N,0xcdfe76fbd3f6b006,32,missing_knowledge
kernel32.dll,0x18007d2f0,func_pdata_0x18007d2f0,func_pdata_,Y,3aa,f0,2,0,N,N,0x4572a121eb874304,32,missing_knowledge
kernel32.dll,0x18007d6b0,func_pdata_0x18007d6b0,func_pdata_,Y,12e,52,0,0,N,N,0x712caf8468b2e848,32,missing_knowledge
kernel32.dll,0x18007d7e8,func_pdata_0x18007d7e8,func_pdata_,Y,3e0,101,1,0,N,N,0xc79cdaa637f2db02,32,missing_knowledge
kernel32.dll,0x18007dbd0,func_pdata_0x18007dbd0,func_pdata_,Y,310,c0,0,0,N,N,0x8c611bbde390c39c,32,missing_knowledge
kernel32.dll,0x18007def0,func_pdata_0x18007def0,func_pdata_,Y,124,4c,0,0,N,N,0x960302acec01acf6,32,missing_knowledge
kernel32.dll,0x18007e01c,func_pdata_0x18007e01c,func_pdata_,Y,e2,3d,1,0,N,N,0x4580f486d5b28cdc,32,missing_knowledge
kernel32.dll,0x18007e110,func_pdata_0x18007e110,func_pdata_,Y,42,13,0,0,N,N,0x8729362d30652518,32,missing_knowledge
kernel32.dll,0x18007e160,func_pdata_0x18007e160,func_pdata_,Y,257,9e,0,0,N,N,0xd8ba404effd919da,32,missing_knowledge
kernel32.dll,0x18007e3c0,func_pdata_0x18007e3c0,func_pdata_,Y,4f,14,0,0,N,N,0x35ef410f832a5bb9,32,missing_knowledge
kernel32.dll,0x18007e4cc,func_pdata_0x18007e4cc,func_pdata_,Y,92,28,1,0,N,N,0xe87f0aeea8686d3c,32,missing_knowledge
kernel32.dll,0x18007e568,func_pdata_0x18007e568,func_pdata_,Y,24c,95,1,0,N,N,0x6176c58df22bfbac,32,missing_knowledge
kernel32.dll,0x18007e7bc,func_pdata_0x18007e7bc,func_pdata_,Y,31a,c5,2,0,N,N,0x7858258e909bb28c,32,missing_knowledge
kernel32.dll,0x18007eae0,func_pdata_0x18007eae0,func_pdata_,Y,153,59,4,0,N,N,0xf410ed4f0fb6e779,32,missing_knowledge
kernel32.dll,0x18007ec3c,func_pdata_0x18007ec3c,func_pdata_,Y,1cc,8a,2,0,N,N,0x8911568a4e8bf604,32,missing_knowledge
kernel32.dll,0x18007ee10,func_pdata_0x18007ee10,func_pdata_,Y,bf,34,0,0,N,N,0x505a5138b0597d09,32,missing_knowledge
kernel32.dll,0x18007eed8,func_pdata_0x18007eed8,func_pdata_,Y,336,c9,4,0,N,N,0x0cf9468433e34c32,32,missing_knowledge
kernel32.dll,0x18007f218,func_pdata_0x18007f218,func_pdata_,Y,7e,20,3,0,N,N,0xe96760bac128eafb,32,missing_knowledge
kernel32.dll,0x18007f2a0,func_pdata_0x18007f2a0,func_pdata_,Y,298,b1,1,0,N,N,0xc7d97e8caeffd508,32,missing_knowledge
kernel32.dll,0x18007f540,func_pdata_0x18007f540,func_pdata_,Y,1d1,71,1,0,N,N,0x6db8c42fbd73cdfb,32,missing_knowledge
kernel32.dll,0x18007f718,func_pdata_0x18007f718,func_pdata_,Y,2c2,b2,3,0,N,N,0x25f0fda15f1e1c05,32,missing_knowledge
kernel32.dll,0x18007f9e4,func_pdata_0x18007f9e4,func_pdata_,Y,27f,9e,1,0,N,N,0xbd7cbb50a4b0872b,32,missing_knowledge
kernel32.dll,0x18007fc6c,func_call_0x18007fc6c,func_call_,Y,0,1,3,0,N,N,0x11386bbcea9ce47e,32,missing_knowledge
kernel32.dll,0x18007fc96,func_jmp_0x18007fc96,func_jmp_,Y,4,3,0,0,N,N,0xa582c68cf7ff4300,32,missing_knowledge
kernel32.dll,0x18007fcb0,func_call_0x18007fcb0,func_call_,Y,0,1,3,0,N,N,0x11386bbcea9ce47e,32,missing_knowledge
kernel32.dll,0x18007fcda,func_jmp_0x18007fcda,func_jmp_,Y,4,3,0,0,N,N,0xca1058049a2a26ff,32,missing_knowledge
kernel32.dll,0x18007fcf4,func_call_0x18007fcf4,func_call_,Y,2f,f,3,0,N,N,0x6db482f8f0d4d725,32,missing_knowledge
kernel32.dll,0x18007fd25,func_start_0x18007fd25,func_start_,Y,2,2,1,0,N,N,0x91caf4d0a175cfb3,32,missing_knowledge
kernel32.dll,0x18007fd30,func_pdata_0x18007fd30,func_pdata_,Y,96,26,1,0,N,N,0xdeff4cdc557db93b,32,missing_knowledge
kernel32.dll,0x18007fdd0,func_pdata_0x18007fdd0,func_pdata_,Y,13a,55,1,0,N,N,0xa981529840ebc7d7,32,missing_knowledge
kernel32.dll,0x18007ff14,func_pdata_0x18007ff14,func_pdata_,Y,10f,4d,2,0,N,N,0x4fbcfd5db1518d92,32,missing_knowledge
kernel32.dll,0x18008002c,func_pdata_0x18008002c,func_pdata_,Y,f9,40,1,0,N,N,0x9a89d6609572bfd8,32,missing_knowledge
kernel32.dll,0x180080130,func_pdata_0x180080130,func_pdata_,Y,3c,c,2,0,N,N,0x95d69e67a6368b5b,32,missing_knowledge
kernel32.dll,0x180080174,func_pdata_0x180080174,func_pdata_,Y,169,54,1,0,N,N,0x06d226d37fa1a638,32,missing_knowledge
kernel32.dll,0x1800802e4,func_pdata_0x1800802e4,func_pdata_,Y,b5,2e,1,0,N,N,0xe13da4547541091b,32,missing_knowledge
kernel32.dll,0x1800803a0,func_pdata_0x1800803a0,func_pdata_,Y,9f,2c,1,0,N,N,0xee4873fcb625b970,32,missing_knowledge
kernel32.dll,0x180080448,func_pdata_0x180080448,func_pdata_,Y,bf,2f,2,0,N,N,0x57bb15a0108c81e5,32,missing_knowledge
kernel32.dll,0x180080510,func_pdata_0x180080510,func_pdata_,Y,a1,33,e,0,N,N,0x802434850967acf1,32,missing_knowledge
kernel32.dll,0x1800805b8,func_pdata_0x1800805b8,func_pdata_,Y,1f2,82,4,0,N,N,0x08d759a544273f25,32,missing_knowledge
kernel32.dll,0x1800807b4,func_pdata_0x1800807b4,func_pdata_,Y,130,4f,1,0,N,N,0x2efabc0afa3018dd,32,missing_knowledge
kernel32.dll,0x1800808ec,func_pdata_0x1800808ec,func_pdata_,Y,138,48,2,0,N,N,0x13267011cb516cf3,32,missing_knowledge
kernel32.dll,0x180080a2c,func_pdata_0x180080a2c,func_pdata_,Y,152,52,1,0,N,N,0x64319a44acf87598,32,missing_knowledge
kernel32.dll,0x180080b88,func_pdata_0x180080b88,func_pdata_,Y,142,50,1,0,N,N,0x9955e98a965f5597,32,missing_knowledge
kernel32.dll,0x180080cd4,func_pdata_0x180080cd4,func_pdata_,Y,133,55,2,0,N,N,0xb8d5f71e8336b6f1,32,missing_knowledge
kernel32.dll,0x180080e10,func_pdata_0x180080e10,func_pdata_,Y,133,55,2,0,N,N,0xb8d5f71e8336b6f1,32,missing_knowledge
kernel32.dll,0x180080f4c,func_pdata_0x180080f4c,func_pdata_,Y,ce,37,1,0,N,N,0xb33c01361028f2a5,32,missing_knowledge
